,Communication Services,Consumer Discretionary,Consumer Staples,Energy,Financials,Health Care,Industrials,Information Technology,Materials,Real Estate,Utilities,Beta,Momentum,Size,ResVol,AI
2018-11-20 00:00:00+00:00,-0.0218270173798891,-0.0167528803618919,-0.0136653350583679,-0.0385182037931163,-0.0194481484629992,-0.0083232012106616,-0.0210701682656582,-0.0099408409328852,-0.0221602304505453,-0.005579811765809,-0.0010531680703012,0.0040640682638469,-0.0021462549813624,-0.0010316404164389,-0.0011332900703413,0.004193958749999999
2018-11-21 00:00:00+00:00,0.0112096055345444,0.0116797426164414,0.0028758293714406,0.0230148722026009,0.0078800908598465,0.0028484622315397,0.00924148472109,0.0047262032374756,0.007244027044642,0.0058412798516634,0.0015894441639003,0.0061267924659082,-0.0010125220167921,-0.0028391437703443,0.0025864297772244,-0.009897964999999998
2018-11-23 00:00:00+00:00,-0.0022495371483537,0.0015780644551464,0.0027342796343298,-0.0344505241033925,-0.0026109369628601,0.0016806736215589,-0.005168047827051,-0.0012041334697768,-0.0089371227397566,-0.0042107273507755,8.198297786599486e-05,0.001181749950057,0.0013735165967067,-0.0019433436167479,-0.0012458485914051,0.00768148
2018-11-26 00:00:00+00:00,0.0078331757654848,0.0157662597843122,0.0108211045187121,0.0182785862356949,0.0194801781831752,0.0099123375994034,0.0101541002656243,0.0085316246007125,0.0057688068084192,0.0154250306186333,0.0230629682576064,0.0081534986334549,-0.0005871273757504,-0.0003220430679625,0.0029975514042685,-0.0014240087500000005
2018-11-27 00:00:00+00:00,0.0051049992078721,-0.0009449768836999,0.004129284193233,-0.0030731982039143,-0.0013334397505497,0.0071943173705479,-0.0018310759220293,0.0017901359225317,-0.0112490240093624,0.0072496459335105,0.0082372659872693,-0.00109829327272,0.0023036560436993,0.0058004863208929,0.001238695588083,-0.0005267950000000004
2018-11-28 00:00:00+00:00,0.0154574332736923,0.0221174193406634,0.0120101662160601,0.0114033605757932,0.0194800156182219,0.0249841980210005,0.0220818418858819,0.0209649008514957,0.0198448842358684,0.0170385353449639,0.010808730274492,0.0075533063967931,0.0014532795163298,0.0001491516627545,-0.0001483336322486,-0.006006785
2018-11-29 00:00:00+00:00,0.0048328689379937,-0.0079623726810481,-0.0011986182529879,0.0124834517232164,-0.0061053812187539,-0.0010143991631038,-0.0021217546072227,5.182371196114995e-05,0.0054113592488934,-0.0032860045206324,-0.0091691609444322,-0.0019159148174107,0.0052658704609419,-0.0012526031658854,0.0024319082572063,0.0026359925
2018-11-30 00:00:00+00:00,-0.0021088220164541,0.0003573987848458,0.0009735625195621,-0.0085159853170226,0.0055041293603521,0.0054533629957611,0.0110277327651397,0.0124773563163777,0.0003392578127258,0.0082822639115334,0.0120161201433245,-0.0012082749847948,-0.0010198701825022,0.0022486226233816,-0.0016235188550879,0.0001287225
2018-12-03 00:00:00+00:00,-0.0024828492419021,0.0164561219796171,0.0144685712624652,0.0241062344330802,0.0077369234012048,0.0104563368658485,0.0053752956291081,0.0135228076088359,0.0128648950347343,0.0142956861264421,0.0227162343001671,0.0061602642419504,-0.0008752900768072,0.0005384674796237,0.002326051524458,0.011047394412500001
2018-12-04 00:00:00+00:00,-0.0285761139820781,-0.0352182306439424,-0.0367961522247898,-0.0243497698052926,-0.0380810801298497,-0.0262479684978049,-0.0415538991768032,-0.0272469861314582,-0.0267300926317236,-0.0292706348461082,-0.0191272968669196,-0.0120268449898043,0.0043171149591695,0.0009588793432909,-0.0011098232407437,-0.0070834775
2018-12-06 00:00:00+00:00,0.006190851956877,0.0004017256904902,0.002880462421908,-0.01969413296916,-0.0101075256386479,-0.0043583850040662,-0.004652809765956,7.712710000536648e-05,-0.0147536980595974,0.0308299383705924,0.0052511361741112,0.0023498581378835,0.0007226538282945,-0.0001212893303219,0.0017500179643018,0.0024475499999999997
2018-12-07 00:00:00+00:00,-0.0184325188794219,-0.0315047172852087,-0.0231065021102757,-0.0040948137137324,-0.0194324620957642,-0.0266695529615374,-0.024290571972612,-0.0281633541929225,-0.0201816626151922,-0.0262536129795283,-0.0121826081727731,-0.0093128594049044,-0.0014421514823396,-0.0020604052868072,-0.0012205325266978,-0.0043388195000000004
2018-12-10 00:00:00+00:00,-2.4694902214748356e-05,-0.0026783624607946,-0.0061908916784585,-0.0155017427012408,-0.0051423897004467,0.0047560811777831,-0.0038539318350158,0.0108645433378217,-0.0011715564260296,-0.0023903623384624,0.0021922263629884,-0.0011277404695312,0.0036494684057937,0.0041420737177083,0.0014563065091766,0.00876607175
2018-12-11 00:00:00+00:00,-0.0021400233533498,-0.0026971049804213,0.0134095085456084,-0.0005050819510106,-0.0087593677902087,0.0026482740169855,-0.0101624547313524,-0.0025009751339212,-0.0041836281187504,0.0023120307441412,0.0067880551142133,0.0020220936757675,0.0005089177350044,0.0009909516939239,-0.0007725649622136,8.503724999999991e-05
2018-12-12 00:00:00+00:00,0.0069063541611475,0.0148965305977635,0.0078319914444232,0.0083038561989644,0.0074087766451245,0.0074031381933789,0.0045679714025193,0.0080073286714881,0.0038126343023644,-0.0121336178913582,0.0060473992179521,0.0055811885129142,0.0006953197127157,-0.000782370024137,0.0002510570774344,0.002862628125
2018-12-13 00:00:00+00:00,-0.0051216743216249,-0.0071861814523135,-0.0031395322243704,0.0034907761119858,-0.0062527523014609,-0.0034870533751525,-0.0072344563561664,-0.0019228648288561,-0.0088224327006463,0.0006724771404931,0.000190513457112,-0.0044616575970938,0.0008295067934289,0.0009369268278514,-0.0016182211647571,0.0019401162500000007
2018-12-14 00:00:00+00:00,-0.0114576673671787,-0.0087773682957154,-0.0128769945051003,-0.0274890173603428,-0.0139456667726188,-0.0265675469470347,-0.0148162051909868,-0.019024361830751,-0.0045105664018674,-0.0045082598216248,-0.005378397975482,0.0003031635230012,-0.0009923611731444,-0.0002741056030791,-0.0023512760629967,-0.0029612299999999996
2018-12-17 00:00:00+00:00,-0.0108778232212351,-0.0186136047299576,-0.0226986839293599,-0.0246988702172847,-0.0140427930976709,-0.0216206469164202,-0.0123504028632556,-0.0244442026650069,-0.0220011148533554,-0.0376135285481324,-0.0333272893320837,-0.0018287127853099,-0.0058025661733763,0.0016115154062619,-0.0019612767143123,0.003347976124999999
2018-12-18 00:00:00+00:00,-0.0033374813587201,0.0057298439617124,-0.0071644647816613,-0.0213800109077545,-0.005650190594642,-0.0075376591603716,-0.0024687735704427,0.003660050173935,0.0047060348820681,0.0077932174360853,-0.0080995218255735,0.0035477509375837,0.0014020440243955,-0.0024975774572709,-0.0023538380545429,-0.0042033479375
2018-12-19 00:00:00+00:00,-0.0099881852266331,-0.0187980510264169,-0.0132474303352178,-0.0078688686836043,-0.0128730151232013,-0.0117760337516125,-0.0131110446354408,-0.015333732328388,-0.0189075831591158,-0.0127068892964801,-0.0086020947431017,-0.0054978543254635,0.0005409492584095,0.0016068386151793,0.0014822993184599,-0.0022565275
2018-12-20 00:00:00+00:00,-0.0158812936711297,-0.0193869893730899,-0.0153462747965301,-0.0278801242023457,-0.0101062460153045,-0.016462350492394,-0.0098549629386703,-0.0112568192888216,-0.0096610117241318,-0.013714581224129,-0.0038569269431647,-0.0034325675822767,-0.001454523082581,0.0033646938134607,0.0003061800956089,-0.00278442625
2018-12-21 00:00:00+00:00,-0.0280626540622124,-0.0181704452778266,-0.0159863903005115,-0.0173186708582008,-0.020611419670537,-0.0138312720689887,-0.0189407686487612,-0.0220641375059349,-0.0099472778932187,-0.023706317988809,-0.0232103900873124,-0.0056144106023341,-0.0003285394848334,-0.0025392070677912,-0.0037507314092282,6.731250000000053e-05
2018-12-24 00:00:00+00:00,-0.0260579808133582,-0.0199525678241754,-0.0238464617315342,-0.0431540896809542,-0.0209621122526406,-0.0254495097117178,-0.02843345858763,-0.030144412247629,-0.0228140105519686,-0.0335412784685637,-0.0342439635779484,0.0032933215128474,-0.0020265914426657,-0.0019786179398962,0.0018498806637158,-0.0017331937499999999
2018-12-26 00:00:00+00:00,0.0388373810193238,0.0501059954777121,0.0416271168179122,0.0691712511427302,0.050108286916214,0.044933879941452,0.0435101634418801,0.0436560552857485,0.0475787145899258,0.0482836654204747,0.0371349736986854,0.0112075900867862,0.0024497392376368,0.0045243126386761,0.002041016102249,-0.00528539875
2018-12-27 00:00:00+00:00,0.0059227119145834,0.0031938378814407,0.0062532326554201,0.0058547015634523,0.0109618758953346,0.0080482310130677,0.0113548369368616,0.0123439481294925,0.0090164950679368,0.000159570889194,0.0042768880872009,-0.0001307530271405,-0.0003763613402551,-0.0002153171372262,-0.0018352631967914,-0.00932553165
2018-12-28 00:00:00+00:00,0.002341903526607,-0.0002901150161122,-0.0008823085279617,-0.0046293711557109,-0.0016890135690089,0.0017129576957399,-0.0030288261987175,0.0047130906221336,-0.005307578137632,0.0017012520476029,0.0016813771098126,-0.0016371863021079,0.0003654236061791,-0.0001045490372556,0.0020748759524276,0.006939085
2018-12-31 00:00:00+00:00,0.0074618226240878,0.0094253619150782,0.0067356340681718,0.0057259208682718,0.0082317518174733,0.0132013654331751,0.0069774509581905,0.0095154641108641,0.0085500625609491,0.0004521301944333,0.0054300114025473,0.0023661333942922,0.0014385949420392,-0.0006364862868423,-0.002139787371578,0.0016289798749999998
2019-01-02 00:00:00+00:00,-0.001499034820906,-0.0022260832902053,-0.0083161122375775,0.0178210590179585,-0.0022504697324032,-0.0147946498787736,0.00056059478689,-0.0125020250972979,-0.0022889854698615,-0.0242100288797094,-0.0195801058008857,-0.0021771949363787,-0.0060939647613073,-0.0025320925988122,0.0023945233546357,0.0003390457500000001
2019-01-03 00:00:00+00:00,-0.0038668704568111,-0.0178840874104498,-0.0061428700061408,-0.0014054156248197,-0.0169159511905246,-0.0206491024113441,-0.0195059531551008,-0.029022497170813,-0.01958424143523,0.0043677597706643,-0.0042431131996667,-0.0058837535942847,-0.0001189842642189,0.0032543113993048,0.0023475017133892,-0.0019800974999999994
2019-01-04 00:00:00+00:00,0.0382210097286077,0.0305867158288969,0.0285340872487061,0.0350196347020505,0.0343015850479278,0.0313514283233845,0.0362652737914165,0.034768965610748,0.0417780865360524,0.01735949045493,0.0207740563359244,0.0100767324879372,-0.0007270433443375,-0.0011555435762656,-0.0016635188751715,0.002130283749999999
2019-01-07 00:00:00+00:00,0.0099096350425378,0.0192763076038596,0.0139803530760132,0.0164183168222494,0.0058773675182489,0.0066153344083016,0.0056863781936346,0.0084373368484112,0.0077015697697904,0.0170510157488651,0.0142328754699496,0.0060522422701392,0.0013388861137897,4.768601659659472e-05,0.0048741101336297,0.00819719625
2019-01-08 00:00:00+00:00,0.012384958148936,0.016433081675618,0.0157220252957133,0.0150733438426701,0.003151711579522,0.0102815886698752,0.0085815474626196,0.0071994459497672,0.0092056302223764,0.0193778440649312,0.0143547472273741,0.0048726874563236,0.0019891135242973,-0.003304976187017,-0.0019087711681079,-0.005697432348750001
2019-01-09 00:00:00+00:00,0.0047025828943547,0.0095658183829207,-0.0025129187405038,0.0116755720273495,0.0044327265249348,0.010326501520324,0.0083548510437751,0.0142691482687053,-0.0009820124037578,0.0014364137945163,0.0004559752522607,0.0025782036605343,-0.0029835691102922,-0.0019465793235099,0.0001844636650945,-0.005415446500000001
2019-01-10 00:00:00+00:00,0.0058757220456811,-0.0021432237665472,0.0075755695798248,0.0018306024982882,0.0016563731962775,0.0085185137656159,0.0089091372565173,0.009735270339844,0.0083681990017524,0.0135928232642705,0.0128641651423082,-1.5122217056828834e-06,-0.0004172751538953,-0.0001926112448708,-0.0023768219381016,-0.0046007337500000006
2019-01-11 00:00:00+00:00,0.0026649741116571,0.0052361387956921,0.0026633722661362,-0.004649378412755,0.000279079443163,0.0027033820333536,-0.000684435484765,0.0022478841863361,-0.0030095905937867,0.0044077016798266,-0.0006385613465403,-1.7605967147356503e-05,-0.0012875892788729,-0.0002270449736998,0.0008486017789429,0.0018575662499999996
2019-01-14 00:00:00+00:00,-0.0054683408986912,-0.0059917910181509,-0.0064360842625899,0.0022261210869035,0.0043277206536582,-0.0100588564442093,-0.0029090283863478,-0.0118562084728788,-0.0107077949507771,-0.0037762259585047,-0.0164840035280907,0.0005195682018234,0.0007754249014045,-0.000187928990436,-0.0013161222979102,0.00779569875
2019-01-15 00:00:00+00:00,0.0076577897986729,0.0085601698515924,0.0089591803207013,0.0097459281116915,0.0112403106258657,0.0146295339817072,-0.0006705058017784,0.0069138486041435,-0.0062760902813565,0.0116151325545084,0.0082958124264872,0.0047675888246956,0.0055742262326785,-0.0003966453946491,-0.0018509908080458,0.00916470125
2019-01-16 00:00:00+00:00,-0.0044418007934318,-0.0045775088908404,-0.0049681743354646,-0.0068690903610137,0.0147784269938319,0.002739650146773,-0.0005311150966287,-0.0013094519267443,0.002414735372637,0.0087048568385975,0.0124315878112102,-0.0001649409933585,-0.0039468244263775,0.000114349320323,0.0003909311536902,-0.007916396249999999
2019-01-17 00:00:00+00:00,0.0023619355659073,0.010160215213595,0.0091487114035401,0.014202654779563,0.0046222049654294,0.0074123519641703,0.0140359763390286,0.0045361750039357,0.0163378484352896,0.0071441244636762,0.0041947196645833,0.0038596618197268,0.00158385995142,-0.0001564837499024,-0.0020428850616851,0.00397216875
2019-01-18 00:00:00+00:00,0.0141175869726761,0.012837753587635,0.0184358129738636,0.0147328272640521,0.0139739273121234,0.01550937784507,0.0177573427391105,0.0180747606868181,0.0138314732002873,0.0087562975599135,0.01360541770702,0.0024826748781001,-0.0055576241323379,0.0002571457912669,-0.0019348137591279,0.00269376625
2019-01-22 00:00:00+00:00,-0.0175343501258719,-0.0108060535691828,-0.0182054572643956,-0.0199660403034565,-0.0116970775513559,-0.0061047541064953,-0.0185010290972567,-0.0159940245426663,-0.0093274363233218,-0.0110210145189681,-0.011389030773447,-0.007224650378812,0.0014597942318843,-0.0001030485332267,0.000187298803484,-0.0033571075
2019-01-23 00:00:00+00:00,0.0027389290376824,0.0031331783505314,0.0046831653657816,-0.0098012886158422,0.0030191561803306,0.0007693232393297,-0.002152211460176,0.0055618962216597,-0.0084005578045274,-0.0033097989315766,0.0094198437013991,-0.0009907905941817,0.0008240152794535,5.887426191624526e-05,-0.000736645485613,0.0043995086249999996
2019-01-24 00:00:00+00:00,0.0052513420334329,0.0045006759508053,-0.009326937259179,-0.0065645356750483,3.233330403645549e-05,-0.0024961288117529,0.0031859668194387,0.0201101493471573,-0.0105995683679564,0.0104665286780697,0.0150551342836304,0.0023835726623505,-0.0062638464742998,-0.0007982087073347,0.0002470602031268,-0.009394920000000001
2019-01-25 00:00:00+00:00,0.0109609809189979,0.0111992696578182,0.0074963658945632,0.0132947323713274,0.0092005448242991,0.0053231764556286,0.0104421743261014,0.0134479227462608,0.0206102619234117,0.0206594602802296,-0.0025645411358144,0.0073942125504993,-0.0017412962327233,0.0009863928167819,-0.0001552470688246,-0.0026372413749999996
2019-01-28 00:00:00+00:00,-0.0023125149551735,0.0010594845497286,0.001348714043945,-0.0092902524693343,-0.0073838730682263,-0.0073370784040041,-0.0085717973992011,-0.0048944018217382,-0.002011100485156,0.0026533134290311,-0.012612217818075,-0.0042414285999739,-0.0017278464028196,-0.0030832436438929,-0.0030230347496401,-0.02616014875
2019-01-29 00:00:00+00:00,-0.0025781650713804,0.0004631629916797,-0.0034953050987171,0.0088469846933338,-0.0043326340786745,0.0028804889594845,0.0141743242816139,0.0008548224451648,0.0095842796555551,0.00525176987292,0.0027241406151377,-0.0047969478345086,-0.001248171975653,0.0012383796374578,0.0001512845494791,0.0017505033749999998
2019-01-30 00:00:00+00:00,0.0071418312302324,0.013374869676958,0.0131616370060369,0.0111528139221229,0.0024714931372474,0.0144967910865611,0.011102092944914,0.0160410616574892,0.0085730170364593,0.0161823335300537,0.0181840828740424,0.0056883769567462,0.000278679978445,0.0009016131482827,0.0019512080633627,0.004500538750000001
2019-01-31 00:00:00+00:00,0.0154534082059862,0.0039731134354588,0.0160652880175745,0.005802066861245,0.0056058785274471,0.0078010257271837,0.0051726852220254,0.0030169581010354,0.0106290327899165,0.0086910112243159,0.0189909919309206,0.0018463641723701,0.0028350987442733,-0.0007684206275503,0.0014312045476284,0.0017297724999999998
2019-02-01 00:00:00+00:00,-0.0014506257287025,-0.0010362453902786,-0.0029293567823572,0.0073726564229851,0.0081041465983625,0.0025652091653633,0.0024962535215118,0.0083461541809368,0.0045096905327788,-0.0027373431260223,-0.0014520941960377,0.0007530154102959,6.796766974532307e-05,1.2975968903753063e-05,0.0010699023429339,-0.006575588125
2019-02-04 00:00:00+00:00,0.0053879698153851,0.0050450932026186,0.0063457786301648,0.0074596157678774,0.0058170020030087,-0.000727623353812,0.0102777042467658,0.0083618046996819,0.0024768616182381,0.0072775262084449,0.0018112163477385,0.0009860668312365,0.0009696824166266,-0.0015802573097263,0.0001448805499983,-0.0016545637499999991
2019-02-05 00:00:00+00:00,0.0092451401089899,0.0075281949074816,0.0003714406914434,-0.0041573843556323,0.0012133915297109,0.0045339069620714,0.0078834390859441,0.0091622848546866,0.0042320364614663,0.0061893467660807,0.0046907044821832,-0.0003288574478033,-0.0015695187778349,0.00077808703214,0.0009348675848589,0.0006572337499999997
2019-02-06 00:00:00+00:00,-0.017878828999295,0.0036513966926336,-0.0011202878343879,-0.0099020771293812,-0.0037194281375981,0.0013292592049125,0.0010971461553677,0.0095608494582013,-0.004083660608571,-0.0095456938426538,-0.0067327876490499,-0.0018412574714373,-0.0016635781056448,6.855490767169351e-05,-0.0021076004112813,-0.001975226875
2019-02-07 00:00:00+00:00,-0.00381882608161,-0.0070875921780483,-0.0069041258817653,-0.0192224087087478,-0.0042565278175555,-0.0154743767102244,-0.0062291798710885,-0.0068549646222065,-0.0132608101167778,-0.0003328653126722,0.0002856820547251,-0.0060120831848931,0.003408266841093,-0.0014562894328268,-0.0012661994829247,-0.0036042376250000007
2019-02-08 00:00:00+00:00,0.0030440718476406,-0.00457420015412,0.0027630758767051,-0.0048406516802233,-0.0021203642776132,-0.0038277148271633,0.0031411842011569,0.0062007208315886,0.0014887015070049,0.0026001054691317,0.00508502994942,0.0002967452203927,0.00328739016167,-0.0007515790030098,0.0013902049775511,0.00590636875
2019-02-11 00:00:00+00:00,-0.0080680394958769,0.0032130843111937,0.0019158368867042,0.0063249757578608,0.0029675873592509,0.0004615729784272,0.006295608555329,0.0042842034500132,0.0014612126588862,0.0039040144751337,0.0039840709108084,0.0005110671268223,0.0014963691582406,-0.0008326380030029,0.0032157056184078,-0.0043166420374999995
2019-02-12 00:00:00+00:00,0.0101587667824215,0.0141019321840688,0.0095767483924273,0.0088718789413223,0.0130348020419811,0.0135624137529252,0.0143882843933244,0.0122831481877218,0.0174057929364017,-0.0008379624149043,0.0116430422271723,0.0037070043956859,-0.0020443445819327,0.0007213991021632,0.000501714789031,-0.0013350262499999999
2019-02-13 00:00:00+00:00,0.0001720500464988,0.0027372891027171,0.0035953662343146,0.0137850921132721,0.0036250163742618,0.0053859424089428,0.0042640028192078,0.0024789267394217,-0.0015491881527437,0.0060792604747475,-0.0032915299392252,0.000754266605005,-0.0017375148841669,1.6369669369232853e-06,-0.0014411565987958,0.00055488
2019-02-14 00:00:00+00:00,0.0063777696731179,-0.0022968196325904,-0.0037187993777188,0.0054587599661612,-0.0070879783800497,-0.0002302846953881,-0.0041560463339964,0.0024475247916903,-0.001527835522259,0.0041944598794424,0.0029035081554263,0.0022369896702969,0.0023248495996473,-0.00065746156961,0.001604743302708,0.013219216250000002
2019-02-15 00:00:00+00:00,0.0126102455268553,0.0099159938564604,0.0102271008818943,0.0161368675013044,0.0181479237325413,0.0154558143780159,0.0120910160388289,0.0061486668317102,0.0066953543015559,0.0056940018690223,0.0041823905209488,0.0007948185900032,-0.0005413825386052,-0.0015804821569923,-0.0006534577361771,-0.00225392125
2019-02-19 00:00:00+00:00,0.0051016279671261,0.0009143480362968,0.0023756819568959,0.0094954562929992,0.0032206538413056,-0.0007647041802492,-0.0008456988603138,0.0042661661344634,0.0097628917164486,0.0027214731195586,0.010987712713188,-0.001912689388842,-0.0016207921413464,-0.0003198388130321,0.0038006739343649,0.0037482375
2019-02-20 00:00:00+00:00,-0.0005829344311621,0.0080933685435388,0.0021378662883968,0.0009303212326965,0.0039765189009413,-0.0007875271696628,0.0020094170863366,0.0021756216781318,0.0186390321768493,-0.0066550808211491,0.0037732436829358,0.0013718579671852,-0.003078485357118,-0.0006681129368982,-0.0036714533458486,0.0008101262500000001
2019-02-21 00:00:00+00:00,0.0044958209629561,-0.0052920443901628,-0.0059605590280937,-0.0134028627180909,-0.0044149796915668,-0.0086054524604199,-0.0005331091890264,-0.0006916615124824,-0.0070558050512914,-0.0015401419441861,0.0078041055969995,-0.000677242170554,0.0040534668456698,-0.0025796467508246,0.0009405830340147,0.0013631712500000001
2019-02-22 00:00:00+00:00,0.0156201140714739,0.0087990658496206,0.0013903932549348,0.0008881354546159,0.0062309832128783,0.0050098959312255,0.0063335097599289,0.0105385927985474,0.0041345956242265,0.009275093261973,0.0104754984040175,0.0042986105808682,0.001294917140415,-0.0006214712317392,0.0016021017367253,-0.005953805
2019-02-25 00:00:00+00:00,-0.0011746426967127,-0.0048320664599789,-0.0016353451222881,-0.0016978662864699,0.0015636442465228,0.0022889979163647,0.0005401969389447,0.0034609280993939,0.0037433320031461,-0.0036513876222764,-0.002889658702148,0.0027288085191047,-0.0008801355326943,-0.0001155509531801,-0.000281788546096,-0.0008783961249999996
2019-02-26 00:00:00+00:00,-0.0042440077366235,0.0048299923301867,-0.0008741096106818,-0.0067259268702499,-0.0058633979432693,-0.0066518074886354,-0.0050045774752981,-0.0005885182304754,-0.007587618587113,-0.0040576708368503,-0.0052729982553878,-0.0013308759838248,0.0025276854418492,0.0017353637443746,-0.0024036203455862,-0.0027916382500000002
2019-02-27 00:00:00+00:00,-0.0040241899926668,0.0033922993407643,0.0053802677545173,0.0043975343480847,0.0028905468156328,-0.0007166897406412,0.0007136926211017,-0.0079771588909249,0.0014350044575108,-0.001722649689512,0.0015801724301566,0.0030485645117169,0.0017442015281216,-0.000679511235714,-0.002340797894834,0.0006660174999999998
2019-02-28 00:00:00+00:00,0.0025693626255007,-0.0039825469767558,-0.0009124122952338,-0.0120769135171232,0.0020097428939548,-0.0004904711328467,-0.0022128678661688,-0.0028225373604156,-0.009966315405127,0.0001705753119579,-0.0015514490163569,-0.0023121329673865,0.0008813412876213,0.0006768214821696,0.0003391475184105,0.004142358
2019-03-01 00:00:00+00:00,0.0106732585514105,0.0014560676288398,0.0025888788908167,0.0189318680864667,0.0060913979278821,0.0128129771149833,0.0013255307341118,0.0042674655253741,0.0044114181586143,0.0011631425218375,0.0084268418686396,0.0021671578604736,-0.0014226047229675,-0.0004724271278561,-0.0003670860147181,0.0018232094125
2019-03-04 00:00:00+00:00,-0.0063308039819269,-0.0043431525637281,-0.0041149185823361,0.0004994512407447,-0.0086038634040229,-0.0145381595827315,-0.0036542261942926,-0.0039317856021085,-0.0002380768850968,0.0011479724964966,-0.0060123570007786,-0.0026584047991519,-0.0016044404829655,-0.0006469060514896,-0.0014947142825585,0.01026649625
2019-03-05 00:00:00+00:00,-0.0008492734837881,0.0032625837431688,0.0035315220337164,-0.0072013371785319,-0.0037360697667361,-0.0036201610059338,-0.005525041879527,-0.0071518489449158,-0.0051289312626964,0.0021683015495517,0.0006308368300531,0.0019610921111032,0.0016091724339271,0.0003022616411152,-0.0013548578389108,0.0036358887500000004
2019-03-06 00:00:00+00:00,-0.0013835770711831,-0.0004533708117528,-0.0030258759826393,-0.0146418604996929,-0.0088262451220506,-0.0182468380565225,-0.0071440532322135,-0.0062423281374023,-0.0046264080587861,-0.0080784175194839,-0.0035087003164956,-0.0011089549263655,0.0008103259380131,-0.0003228469456963,-0.0020456654184407,-0.00706114
2019-03-07 00:00:00+00:00,-0.0044674320008687,-0.0063576446763669,-0.0053298986107636,-0.0056864806188905,-0.0115380781538936,-0.0073425574543464,-0.0060431364450244,-0.0082185881988915,-0.0125229549759242,-0.0036985011096289,-0.0017508781875709,-0.0027021872284526,0.0022444746885763,-0.00061959491993,0.001504608926805,0.0004872224999999998
2019-03-08 00:00:00+00:00,-0.0022734749979147,-0.0080794462077271,-0.0058162789570764,-0.021674622285618,5.347457677412031e-05,-0.0019392961956208,-0.001724679431975,0.0008380989220185,-0.0031713831080743,0.0027426352736665,0.0045646063213489,-0.0014012545682578,0.0004953788403204,0.0004049377401699,0.0028718430941629,-0.00011213874999999984
2019-03-11 00:00:00+00:00,0.0188373990489628,0.0097812141214106,0.0166644283691817,0.0148809675330441,0.0117756650598095,0.0125001993967398,0.012989534639429,0.0186615922253823,0.0145487003865474,0.0211653676358772,0.0175852327118781,0.0046624481659843,-0.0019426312604465,0.0001067850960205,0.0014672751600157,0.0047982168750000005
2019-03-12 00:00:00+00:00,0.0034341572311204,-0.0014564773219185,-0.0008756876202369,0.009034480608397,0.0027797515268018,0.0078688324805316,-0.002021278554733,-0.0014657505617759,0.0026070024090846,0.0038662424906077,0.0093541925707813,0.0007416273259181,-0.0004261279819153,0.0002051970157856,-6.0295058886132195e-05,0.0060147425
2019-03-13 00:00:00+00:00,0.0043444985158854,0.0025443306256007,0.0072550016733345,0.0095224872790564,0.0074615270208569,0.010726613416637,0.0075262088207838,0.0038598988160476,0.0021127527755452,0.0088570576022757,0.0064285118028798,0.0017133795969603,-0.0017139225739912,0.0007793851109081,0.0006371685955038,0.004405849125000001
2019-03-14 00:00:00+00:00,0.0001827456138172,-0.0029510458538815,-0.0064931674081756,0.0042615763108272,0.0030594112641376,-0.0009781708053473,-0.0034705690477622,-0.000622949690608,-0.0085980569731483,-0.0024432514422033,-0.006415294220103,-0.0012988758995602,0.0014382443581638,0.0003652384537375,-0.0012334391287154,-0.004154129750000001
2019-03-15 00:00:00+00:00,0.0021463365352304,0.0021778561517307,0.0079871515954948,-0.0053625089746685,0.0068511375404181,0.0059651833655427,-0.0025391311931449,0.0096109799681005,0.0004709564708426,-0.0009249124069213,0.0088940956204058,0.0025416719383597,-0.0004229759032748,0.0001499789472062,-0.000651090141933,0.008256334
2019-03-18 00:00:00+00:00,-0.0003248137192719,0.0083735521932747,0.0048736927042114,0.0157248094006163,0.0059101402336492,-0.0007097921456024,0.0093624272914586,-0.0001270292132966,0.0045845332567153,-0.0045058859535271,-0.0014621336666317,0.0020341822161347,-0.0017902733554188,0.0001388896069122,-0.0021372133965856,0.004472545
2019-03-19 00:00:00+00:00,-0.0302798926031652,0.0003487895474845,0.0002465568265881,-0.0009833875292082,-0.0071289477471478,0.0053292632729147,-0.0074586724288058,0.0001602892309586,0.0011748641107632,0.0014941663501212,-0.0028956789399814,0.0038749939553229,0.0018759717766258,4.695428118432393e-06,0.0021716169476509,0.020601344374999997
2019-03-20 00:00:00+00:00,-0.0019022275771107,-0.0051940852920718,-0.0062342162076593,0.0137716855785646,-0.0165194330746282,-0.0063058551244861,-0.0071133272027887,-0.0054683720130321,-0.0058514290940946,0.0040446471721595,0.0049780955043872,0.0011363320034209,0.0009954105703258,0.0008984370606949,0.0005844220574884,-8.887500000000085e-05
2019-03-21 00:00:00+00:00,0.017346604790355,0.0134830252805284,0.0173814492078177,0.0031718980961059,0.005206109080032,0.0055636906011716,0.0106005912145553,0.0226080277674287,0.0113060176636217,0.0209310343366556,0.0148632353820968,0.0028203620432586,0.0005199547170425,-0.0012423524317237,0.0008247291739688,0.008191752875
2019-03-22 00:00:00+00:00,-0.018921349328397,-0.0148338465564924,-0.0096043880038363,-0.0241945651675295,-0.0249473442343735,-0.0195098261789361,-0.0231774671323189,-0.0204727034631839,-0.0293342745942865,-0.014418156272056,-0.009675631850629,-0.0087653088679539,0.0004324620156399,8.87407090982201e-05,-0.0023402661407135,0.00318934125
2019-03-25 00:00:00+00:00,-0.0049777238210092,0.0093375756049566,0.0023749863708079,0.0068388077478148,-0.0025319138371313,-0.0014060433519206,0.0014092055062802,-0.0054598728802674,0.0030138724902619,-0.0008199766679882,-0.0013049350164353,-8.049660192505687e-05,0.0019149367674206,-0.0013481473057234,-9.956800284662824e-05,0.0038059375
2019-03-26 00:00:00+00:00,0.000832788700082,0.0026685125327237,0.0074075079247357,0.0144855748497693,0.0127552346102081,0.005908567298849,0.0075969453032923,0.0080394519913536,0.0056434929705863,0.0063241954145071,0.0032716327659282,-0.0004018495183381,-0.0003108044374966,-4.790592405458142e-05,-0.00092604407298,0.0006740635000000001
2019-03-27 00:00:00+00:00,-0.0078484168065916,0.0038909006774162,-0.0044180869893801,-0.0035197532641163,-0.0033906828536729,-0.0072456015325252,0.0020093577190826,-0.0071211561042023,0.0046296153295498,-0.0067212244048296,-0.0126868878960929,-0.0031770152919616,-6.768697069390002e-05,-0.001029367952424,0.0001328459384097,0.0034082023749999997
2019-03-28 00:00:00+00:00,0.0008053279269755,0.0067115357238068,0.0101111232934437,0.0002606632227634,0.0072145827014851,0.0043776195066953,0.0090303267989567,0.0011280589733781,0.0075851273881466,0.0098064023393609,-0.0059477833540049,0.0035398656545279,-0.0005869285837649,-0.0002670580125085,-0.0007323817217995,0.00250843125
2019-03-29 00:00:00+00:00,0.0041199345740666,0.0052706847766733,0.0075222544639076,-0.0014194127903475,0.0053546240225117,0.0102640445511051,0.0083307377271731,0.0125957117722699,0.0076266511344141,0.0010385810397364,0.010226536993854,0.0021927532192657,0.0007450751776866,8.43399567596168e-05,0.0011938858297935,-0.00847154375
2019-04-01 00:00:00+00:00,0.0139777152070419,0.0115138580314717,0.0033025149109403,0.0045783744568136,0.0177373177388923,0.0027860620773011,0.0158721164853634,0.0154094329912508,0.0155066402272455,0.0063242341308305,0.0058947100825786,0.0075178148427271,-0.0043196374371058,2.0505741218738576e-05,-0.0026954652760363,-0.00564628275
2019-04-02 00:00:00+00:00,-0.0047617929376258,0.0002334254947078,-0.0040233536966466,-0.0056438318601257,0.0002983666009074,-0.0025822820657087,0.0001377357431551,-0.0012340352305638,0.0002598037133937,0.0087373006683444,0.0023449382853614,0.0014077122843234,0.0017085479995728,0.001327605446188,0.0011504785281219,-0.001843301375
2019-04-03 00:00:00+00:00,0.0003616238656649,0.008167120181644,0.0014156147026669,-0.0182914321179634,-0.0014373020683056,-0.0019115545236671,0.0026013858138779,0.0098739500263522,0.0065257966674994,0.006040704131299,0.0111335771633438,0.0049759744155888,-0.0017397016992287,0.0022488712186457,-0.0004178562494092,-0.0006145125000000008
2019-04-04 00:00:00+00:00,0.0034378108438267,0.0076572285752667,0.005622293511959,0.0010080029172666,0.0005596151132881,-0.0015921996484444,0.0035236660432921,-0.0038065378625179,0.0028420673500285,-0.0033895666840157,-0.0054176657674077,-0.0008191052577863,-0.0055800322474583,-0.0009132485798804,-0.0014707798987074,-0.0006604712500000002
2019-04-05 00:00:00+00:00,0.00372889879747,0.0061243169688343,0.0031138520013217,0.0228828754368531,0.0027224805798944,0.0078073614817951,0.0046559051002042,0.0059711851369528,0.003128206639416,0.0088436402338133,0.0122847757657125,0.0001375493160971,-0.001285289981103,-0.0003658173499286,0.0013482757029643,-0.0028133585499999997
2019-04-08 00:00:00+00:00,0.0026450138621169,0.0016781629051723,0.0039664447745835,0.0018406314126064,0.0003453049286405,-0.0012123958404709,0.0002423946400806,0.0046055070959335,-3.586484458997776e-05,-0.0052749736312002,-0.0058578566141021,0.0008889060248371,-0.0009865977341921,-0.0010568354289423,-0.0009306522469396,-0.0013186027500000001
2019-04-09 00:00:00+00:00,-0.0046385467211117,-0.0096233938007539,-0.0061727362038019,-0.003513587206427,-0.0083392830213495,-0.002107561483034,-0.0141382905052634,-0.0051738641911675,-0.0091810039647266,-0.0089348864867028,-0.0065663360284264,-0.0031590494891135,0.0033079501758281,0.0010618315142003,-0.0006672462147064,-0.0025224437499999997
2019-04-10 00:00:00+00:00,0.0036918018914748,0.0069661323989566,0.007948774537547,0.0074504114101327,0.0060926074087193,0.0036877802610726,0.0013378431459987,0.008445756344275,-0.0005564601412483,0.0113920768860287,0.0025342188619798,0.0028438845736392,0.0014914084356667,-0.0016119168368796,0.0021541062566379,0.002638122375
2019-04-11 00:00:00+00:00,0.0045953448423805,0.0040928306475376,0.0032801832107955,-0.0011652459331666,0.0024334069088724,-0.008983508810772,0.0088742958751449,0.0040421826741,4.637482793010546e-05,-0.0031336634887558,0.0044046995757217,0.0006738273382947,0.0009269747846293,-0.0021581211003388,-0.002158888703962,-0.0008975117624999999
2019-04-12 00:00:00+00:00,0.009938446912749,0.0074970996300341,0.0004029536145969,0.0074900601799076,0.0136140324677841,-0.0050780066196316,0.0101309737289682,0.0097743476915964,0.0066633139165413,0.0061720356545503,0.0127694146910638,0.0002398753397842,-0.0023030013483694,-0.0002284457809711,0.0007478734641618,-0.002488858625
2019-04-15 00:00:00+00:00,-0.0006483814292033,-0.0010618088202222,0.0023153930833606,-0.0060803581803402,-0.0037537940688914,0.0006717559646606,-0.0012613976312527,0.0024695538505741,-0.0022807440791883,-0.0070710520550286,-0.0053583137722023,-0.0038560330875836,0.0003241294252873,-0.00013632757031,0.0015580080913187,0.00028124625000000027
2019-04-16 00:00:00+00:00,0.0015802019456275,0.0034319200180304,-0.001558318347359,0.0011407487452147,0.0125592285946447,-0.0233613621961333,0.0046537701059027,0.0077495048744783,0.0019622677713747,-0.0159263243244574,-0.0072935374165756,0.0024138599932629,-0.0022525449458073,0.0023135108079467,-0.0006642346130983,-0.007248911249999999
2019-04-17 00:00:00+00:00,0.0038680912893805,0.0002326386802848,0.001833736214267,-0.0039648871648262,-0.0020269005360657,-0.0350025822769153,0.0012950596034539,-0.0047961496211322,-0.0065661948569665,-0.0135958630903234,-0.0059684878644512,-0.0012365013251468,-0.0029733367904574,0.0023848762526205,-0.0008687621616936,0.0013323561249999998
2019-04-18 00:00:00+00:00,0.0055586062663074,-0.0004767974796598,0.0043261826831627,-0.0078207688812645,0.000832332605237,0.0045179192963133,0.0070644534147905,0.001598894056503,0.0034582095525453,0.0087709971389624,-0.0001245271431422,0.0010778889747234,0.0014111460130529,-0.0020790816189791,0.0005174881738353,0.0011088975
2019-04-22 00:00:00+00:00,0.0002006894548199,-0.0080063201405082,0.0023650763222526,0.0242383321261021,0.0016521323938732,0.0010497878181394,-0.003528673785279,-0.0036888996099211,-0.0054416761900215,-0.0099070012337095,0.0029763695845655,0.0014530681613865,0.0040568551969168,0.0011789936044421,0.002287302866698,0.002055435
2019-04-23 00:00:00+00:00,0.0043348629004752,0.0122048444908135,-0.0008802798719697,-0.0044074020788665,0.0069251000369751,0.0173265167700128,0.0091317177348519,0.0123877259479161,0.0015252627592965,0.0117565829362985,0.002998958960746,-0.0010291312122633,-0.0013144507757101,-0.0005993588463777,0.0001941761364379,-0.0036959590000000004
2019-04-24 00:00:00+00:00,-0.0037350284402052,0.0036016663030687,0.0022771689402807,-0.0152118497707982,0.0007384191974994,0.0009895178587697,-0.0016606949783298,0.0023890334594796,-0.0030526574752552,0.0083695131739573,0.0066011203857145,0.0002956988649091,0.0011487809217541,-0.0009352250849308,0.0008907473729232,0.00619312375
2019-04-25 00:00:00+00:00,-0.0046355686011119,-0.0064501291030975,-0.0080126863220959,-0.0035532304578278,0.0041825366562726,0.0090168901213782,-0.0169330597292381,-0.0136353753801482,-0.0147926189450432,-0.0053750623721945,-0.0019712370069806,-0.0030945802860977,0.0020235882841319,0.0008224426557331,-0.0009480375107193,-0.0042357062499999995
2019-04-26 00:00:00+00:00,0.012101960247325,0.0036595888605763,0.0093180992117142,-0.0130128504565627,0.0086755374473904,0.0114713863992032,0.0076991714817178,0.0021670463315854,0.005991017236129,0.0105411400930442,0.0068939935586466,0.0026018924758174,0.0005138080971279,0.0005849357144867,0.0015689207405281,-0.00339778155
2019-04-29 00:00:00+00:00,-0.0045274135799647,-0.0023657528923748,0.0037027946061512,-0.0045874091489706,0.0063218833460601,-0.0017266822452358,0.0025975525135356,-0.0029695881089411,7.435089950233711e-06,-0.0095655357861704,-0.0049814875819178,-0.0002291682039846,-0.0002761870623472,-0.0004503740663836,0.0012168587145948,-0.008247251124999999
2019-04-30 00:00:00+00:00,-0.0055450657724508,0.0003736580501895,0.0108617982971738,-0.0053478611029931,0.003982995440683,0.0062548468753272,0.0035074100068673,0.0115808092038037,0.0053037323662504,0.0108489400057449,0.0106360483606943,-0.0005303959431953,0.0012476375093609,0.0017852833889502,-0.0013515617757934,0.0034251744999999998
2019-05-01 00:00:00+00:00,-0.0045670196598006,-0.0074226780617263,-0.0189648403036446,-0.0209516582794108,-0.011335458807758,-0.0060685095339799,-0.0097238763727822,-0.012635619695066,-0.0177235907299312,-0.0053472599868585,-0.0162271723502019,-0.0017500905518579,-0.0013034716944409,-0.0018907898284232,-0.0018162773840659,-0.002686807500000001
2019-05-02 00:00:00+00:00,-0.003607489979579,0.000444267834093,0.0029315461497355,-0.0129299493366967,0.0031952523388796,0.0098131503344398,0.0030100614119007,-0.0045086130626016,0.0099278650855542,0.003919476782791,-0.0003159548905032,-0.0003848493855393,0.0025463466402534,0.0005377264216896,0.0030928289306515,-0.013690598250000002
2019-05-03 00:00:00+00:00,0.0124326715466462,0.0096946387630438,0.0109601016288121,0.0085180449679756,0.010402104106912,0.0101749909023687,0.0133449965801823,0.0064664701549689,0.010857097929117,0.0126243578080827,0.016475755272983,0.0057973859080386,-0.0007898149815577,-0.0020748586531945,0.0014901566017863,0.00411911875
2019-05-06 00:00:00+00:00,-0.0057517061063606,-0.0084877365541894,-0.0057491961574438,-0.0030156377345958,-0.0008526320528088,0.0070127925913579,-0.0098984693991176,-0.0104216470869811,-0.0121905012104779,-0.0086717219152264,-0.0131638621652807,-0.0048113873035446,0.0006919466089888,-0.002154429804878,0.0016803371404461,0.0029632500000000006
2019-05-07 00:00:00+00:00,-0.0155873516428261,-0.0155614980280329,-0.013207048086857,-0.0013674276240961,-0.0146186456746219,-0.01667465717298,-0.0130217029548746,-0.0147772324009978,-0.0174126647903653,-0.0217928295921486,-0.0104646795381242,-0.0053070418920247,0.0001760622760937,0.0012592301923442,0.0012101329412584,0.0008969875000000003
2019-05-08 00:00:00+00:00,0.0052543950890139,0.0010832606465709,0.0029370021452089,-0.001306928674808,9.10320991311236e-05,0.0016322923380193,-0.002435178901357,-0.006857201314062,-0.0001702871270235,-0.0002067303183987,-0.0161602994361435,-0.0003437991673045,0.0018538489242423,0.0002320415884421,0.0014598467018697,0.002862675
2019-05-09 00:00:00+00:00,-0.0058085342161502,0.0016089144049985,-0.0031698878124981,-0.006592449670827,-0.0031006606297313,0.0010121058989113,-0.0014019243942491,-0.0035317419197292,-0.0051810625527091,-0.0018406554726138,-0.0074216604446787,-0.0013535105054195,-0.0011663657263478,-0.0012090738302731,-0.0029460484347844,0.006500325
2019-05-10 00:00:00+00:00,0.0053274162600193,-0.0013295373059995,0.004778934313695,0.0087638939266831,0.0071812982296973,-0.001280348836087,0.0035158192536383,0.0101429720442255,0.0035364395472295,0.0056412858686879,0.0066809050447361,-0.0037848627505339,-0.0003936939763961,-0.0001724522673985,-0.0022190801676804,0.006012802750000001
2019-05-13 00:00:00+00:00,-0.0305882039278638,-0.0340483839688159,-0.0247389514127196,-0.0117793073399884,-0.0283071230580542,-0.0194474659940737,-0.0243688705236713,-0.0343619942416946,-0.019156641908496,-0.0134758398305657,-0.0128012715593194,-0.0123068720903362,0.0017538549209745,-0.0006062896282659,-7.458758112320923e-05,0.00417988875
2019-05-14 00:00:00+00:00,0.0128771793685519,0.012042588689629,0.0083060010836595,0.017888638617571,0.0165123612631048,0.0039030763407775,0.0088941790359575,0.0102762783597665,0.0086029526001748,0.0121973885746071,0.00491023186874,0.0048144007982039,0.0031136273431741,0.0013684592781012,0.0049340421848648,-0.0045717535
2019-05-15 00:00:00+00:00,0.0117285594878932,0.0036032387762381,0.0068033802420145,0.0055244731405392,-4.472546909573826e-05,0.0041368999342338,0.0022802161651618,0.0068719988967793,0.0001230035458887,0.0064029166818791,0.0001573524688864,0.0009433111886495,0.0013242860787388,0.0003435522245925,-0.0002131372608729,-0.0036937087500000004
2019-05-16 00:00:00+00:00,0.0055103776284018,0.0080137349467315,0.0051147457864631,0.0089098307185097,0.0128869117438686,0.0073801954649656,0.0068150148283243,0.0025382770015477,0.0071574418400613,0.005418753346895,0.0064663426697422,0.0016484419070664,0.0027759544020548,0.0012868122360692,-0.0023830034344476,0.00471593225
2019-05-17 00:00:00+00:00,-0.0019011322153123,-0.0083560885970439,-0.0108740578922779,-0.0073828940718065,-0.0051218723371981,-0.002930635127138,-0.0098290905368662,-0.0095770640924077,-0.0090178901118418,-0.0114465145449786,-0.0157025520323509,-0.0087349396416837,0.0012338560069603,0.0001848474678361,-0.0008575855532768,0.0008992262499999999
2019-05-20 00:00:00+00:00,-0.0014531165257107,-0.0061466696680785,-0.0060943449651873,-0.0035874406923777,-0.0006281247941927,-2.120953081231252e-05,-0.0031448234251118,-0.0152402478833009,-0.0150120865838618,-0.0191102604018594,-0.0059769688833682,-0.0047570535955352,-0.0011138795460554,-0.0003155806569057,-0.0013672963672809,-0.00043649062500000064
2019-05-21 00:00:00+00:00,0.0067569588949778,0.0101691971628871,0.0038654481359224,0.0139210932945471,0.0097466871546764,0.0076704360441163,0.0125373806494028,0.0155844167515768,0.0135889040766355,0.0121354386555616,0.009405192225492,0.0030584756847559,-0.0008563581094655,-0.0020210870400521,0.0017718474914093,-0.0019891971249999998
2019-05-22 00:00:00+00:00,-0.0031960695341214,-0.0110690973856681,0.0016397180534095,-0.0211137914185975,-0.0020691757045189,0.0072867064567391,-0.0086336888739169,-0.0055170920758844,-0.0115567511751854,-0.002499822984238,-0.0005582487482193,-0.003483725924638,0.002302263204389,-0.0005665555800057,-0.0016839109582306,0.006018844125
2019-05-23 00:00:00+00:00,-0.0042176237458051,-0.0141977795595665,-0.0088365969350448,-0.0330734024098022,-0.0156363966502594,-0.0070592881982613,-0.0139855454850944,-0.0108063874351938,-0.0148583754478511,-0.0037124045761351,-0.0073206136828488,-0.0066008087490062,0.0002015146847785,-0.0001981280005337,-0.0004923131757242,0.0012968965000000002
2019-05-24 00:00:00+00:00,0.002593794676858,0.0014019654109541,-0.0014533290753691,-0.0035813869464428,0.0055170495024542,0.0040141993718348,0.0007869369638343,0.0019546481053667,0.0015413532368143,0.002206030663695,-0.0014029610324929,0.0011473205688142,-0.0007084513516501,-0.0008874955297773,-0.0014431307105712,-0.004854287499999999
2019-05-28 00:00:00+00:00,-0.0025590438471815,-0.0093055864426295,-0.0160720823930907,-0.0071898147249498,-0.0084256144183024,-0.0112118327590727,-0.0097037320052182,-0.0108344466415981,-0.0041873449023153,-0.0103011495507771,-0.0163979352632679,0.0010704142980663,0.0047761035189643,0.0005677529791387,0.0008662280250754,0.01096242125
2019-05-29 00:00:00+00:00,-0.0094442805636647,-0.0083091794564208,-0.0098178864051804,-0.0060444066254583,-0.0009729309027406,-0.0087768845499765,-0.0045130298990295,-0.0042069828979096,-0.0040659078167312,-0.0117301300322683,-0.0161528239981157,-0.0001834077047388,-0.0011407732162929,0.000174626603872,-0.0019481943473715,-0.0068185137500000005
2019-05-30 00:00:00+00:00,-0.0086427264513827,0.004325678492312,-0.0004354886861431,-0.0094687918723178,-0.0008364500252974,0.0080361536094372,0.0042399752110309,0.0050430653261894,0.0019780382339643,0.0009713410298381,-0.0067072420995688,-0.0031427108719088,0.0052807849148871,-0.0016252377913548,0.0017667613654801,-0.007810527
2019-05-31 00:00:00+00:00,-0.009749878346796,-0.0094135505983594,-0.0120801699462377,-0.0134621074201542,-0.0135576944792231,-0.0040749908943907,-0.0107076293200477,-0.0138236786663375,-0.0059511858285208,0.0021172573181166,-0.003210685383525,-0.0063774797048573,0.0028523612860821,0.0020725933374044,0.0013243519587173,0.003323831
2019-06-03 00:00:00+00:00,-0.0080736580963916,0.0030583349931038,0.0144128933764624,0.0121346694796634,0.0051165435956049,0.0020901312828025,0.0072868361126177,-0.0012787459506575,0.0229672825813724,-0.0025846807944207,0.0071511407168788,-0.0009982684393125,-0.0024369419673716,-0.0029505731012155,-0.0010492970915202,-0.004950065499999999
2019-06-04 00:00:00+00:00,0.0244388285297435,0.0265056493476048,0.0202405363544227,0.0106971139762391,0.0262657436918112,0.0175147147948449,0.0237911331978732,0.0218222499665088,0.0282049222905283,0.0123738744837711,0.0279345609900215,0.0121457691720242,-0.0003978372454801,0.0012775479615944,0.0027691355606166,0.0010736962499999997
2019-06-05 00:00:00+00:00,0.0008668059562122,-3.987905538397349e-05,0.0031076888398962,-0.0078783036703579,0.0074452672965392,0.0075053404839748,0.0110096263670035,0.0084605770426238,0.00342132929991,0.0173040532736386,0.014417760915972,-0.0052728173186357,0.0044201832414311,-0.0012402764868389,0.0005509516838171,-0.004133360000000001
2019-06-06 00:00:00+00:00,0.0004573004151536,0.0021693709202528,0.0093793481492635,0.0184307408865296,0.0048519668960296,0.0022950840552632,1.8203967326510076e-05,0.0088602926412096,0.0163831451882925,0.0030242003070532,0.0074486628323093,-0.0003787305769772,0.0035203595287571,0.0010241278314993,0.0022388678013114,0.004890146624999999
2019-06-07 00:00:00+00:00,0.0109173113395474,0.0132320946580691,0.0071846648506757,0.0028145455723851,0.0035027281939999,0.0125595589327928,0.0099592720036563,0.0097363908565748,0.0065001315400341,0.0042952329443956,-0.0079796266437543,0.0003891222949096,0.0022477866073174,0.0014872188812506,0.0001853887253313,-2.425699999999975e-05
2019-06-10 00:00:00+00:00,-0.0003365150346008,0.0064382357297679,0.0131139163100106,-0.0004279938140009,0.0057751436168167,0.0061208402535595,0.0023028658064923,0.0077458839054999,0.0016617319065709,0.0065792152005127,0.0031154135325212,0.0076024931059212,-0.0009688852410428,0.0006350027478956,-0.0014640832001395,0.005716209874999999
2019-06-11 00:00:00+00:00,0.0009328069227735,0.0051184907128739,0.0048743222434303,-0.0020261671025347,-0.0020798282392916,-0.0029258748559472,-0.0070846587023284,-0.0036458981753331,-0.0005785121772681,0.0034867232828461,-0.0030679592067893,0.0025128264406426,-0.0025134988979483,0.0005093370371895,-0.0025102527109187,-0.00759758875
2019-06-12 00:00:00+00:00,0.0002822562107868,-0.0007232721311094,-0.0024622571674787,-0.01368073553465,-0.0038050045279359,0.0074567904711005,0.0039558827665082,-0.0043169471290308,0.0032695561180341,-0.0046849325221547,0.0005852823235233,-0.005305676907853,0.0043806093493547,-0.0006045021331296,0.0001064309833903,0.003727628
2019-06-13 00:00:00+00:00,0.0112432288764714,0.0092903107716716,0.0039237389711202,0.0109707210102428,0.0019411286235044,0.0011959909233874,0.0068463039618481,-0.0018024368419305,0.0065701406980755,0.0059050433715944,0.0041245562234064,0.002311236047926,-0.003257808806309,-0.0033491188028355,-4.4754238396551305e-05,-0.01176959625
2019-06-14 00:00:00+00:00,-0.0027771502304347,0.0001151202819145,-0.0070114615651749,-0.0072774820401861,0.0042888498661439,-0.0052736245770361,-0.002180119059608,-0.0051405992038258,-0.0033144625604588,-0.00241827706219,0.0021642632664678,-0.0059234324758833,0.0014631023036987,0.0012592338644363,0.0023295136782033,0.002972496249999999
2019-06-17 00:00:00+00:00,0.008425235952371,-0.0011097639338106,-0.003150518970501,0.0070158559717818,-0.0068488999218051,0.0049849882663774,-0.0057022582190655,-0.0015921137531286,-0.004643440873184,0.0132735896375229,-0.001123055098644,-0.0007319327779492,-0.0009446056910077,0.0011878828848225,0.0032695249553669,-0.0015342741249999997
2019-06-18 00:00:00+00:00,0.0102883752554951,0.0102813272512602,0.0035434730690318,0.0127101106230232,0.0104237093795554,0.0106953201646909,0.0127513475335773,0.0185245239354661,0.0091173669804994,0.0087108074491978,0.0114964670671663,0.0082936402173712,-0.0023418467224739,7.538702207350493e-05,-0.0014179476517816,0.0008252468749999995
2019-06-19 00:00:00+00:00,0.0087708592531067,-0.0003752975744037,0.0042302812918651,-0.0002956571085064,0.0018242090167532,0.010702477336269,0.0022992382920754,0.0070144722435147,0.002078271591837,0.0031970023019572,0.0108323242201887,0.0002442688588551,0.0014433338593914,-0.0008415232304286,0.0001029426418291,-0.0001189556249999999
2019-06-20 00:00:00+00:00,0.0036479631566816,0.0028938000153403,0.0092661426771117,0.0262005352769446,0.0059490116256251,0.0032359668961606,0.0149343264347788,0.0081954797515242,0.0079779607737183,0.0061681174613701,0.0156915195448068,0.0026841476023199,-0.0007657202622056,-0.0009979054811146,0.0003727203626232,-0.0030122974999999995
2019-06-21 00:00:00+00:00,-0.002305112416127,-0.0050479008164035,-0.006088929007569,0.0023368592759709,-0.0039266678134878,0.0012853001030155,-0.0067993777301793,-0.0043280848185605,-0.0053229091501316,-0.0090115364927795,-0.0008290881696115,-0.000865093837288,-0.0022086631479321,0.0014069410940978,-0.0020190244693206,-0.0025334500000000013
2019-06-24 00:00:00+00:00,-0.0033126221732577,-0.0031990013483672,-0.0003552012723278,-0.0074462143587465,-0.0052717111483723,-0.0048126372351287,-0.0032237780758177,0.0025436103709494,0.0005571627861871,-0.0128971551160975,-0.0086845496996405,-0.0025515116510654,0.0001137411402798,0.0007627315230848,-0.0020113215040394,0.00985502125
2019-06-25 00:00:00+00:00,-0.0102548067334435,-0.0092185476191223,-0.005496842518901,-0.0129537108687042,-0.0053217458621483,-0.0061965530936354,-0.0045801447623209,-0.0085116028570606,0.0017556558205846,-0.0148670426155653,-0.0087508257639162,-0.0020650696691216,-0.0020498541416444,-0.0005498231253926,-0.0008934314872548,-0.0015953372500000004
2019-06-26 00:00:00+00:00,-0.0012019898268465,-5.3533796382471827e-05,-0.0048838432358703,0.014316684889029,-0.0048691242993817,-0.0094671600179186,-0.0036717868858812,0.0026296883018992,-0.0038660831482747,-0.0140996571466771,-0.0078844800668867,0.008392588450693,-0.0042872850481617,0.000607315291295,-0.0015893626072272,0.0045400250000000005
2019-06-27 00:00:00+00:00,0.0092159103164837,0.0086740383043095,0.0068459930218143,-0.009730198750905,0.0127002454199852,0.008953855110009,0.0060715059111276,0.0068272133001866,0.002923565294982,0.0173648876179475,0.0103193072792927,0.0032048956659209,6.82134978852869e-05,-0.0014020658554511,0.0021624715769996,0.00045352862499999997
2019-06-28 00:00:00+00:00,0.0082775389175032,0.008017067768811,0.0047523486478154,0.0138726771485031,0.008326680301788,0.0090992075742519,0.0109434995092752,0.0073597334523457,0.0087657105528909,0.0060055879628958,0.0074848042635754,0.0010744924961201,-0.0012169076213755,-0.0025955103465943,0.0001834329157087,-0.0028638005000000003
2019-07-01 00:00:00+00:00,0.0018750854562196,0.0053771363475406,0.0085262486224119,0.0063381455930584,0.0118835173737858,0.0038237046174084,0.0033778374933865,0.0133349422150405,0.0052432627532612,0.0006695953994126,0.003774485221529,0.0035824364615628,0.0016581354507642,-0.000377932930131,-0.0002466883707058,0.0011967187499999999
2019-07-02 00:00:00+00:00,0.0075604567984738,0.0017908847245339,0.0001541298537002,-0.0162406366333916,0.0008222757496592,0.001714288003329,0.0005247606785274,0.0017434654845947,0.0020960378447177,0.0106236668857695,0.0002153620692982,-0.0054462427221423,0.0035615286293826,0.0021015119157655,0.0008220197075159,-0.001939437875
2019-07-03 00:00:00+00:00,0.0037288170282358,0.0055855810273414,0.0112606893514481,0.0061215772804506,0.0087112447530601,0.0102960425540407,0.0058649330982661,0.0074790585972985,0.0088544392095408,0.0098793277261387,0.0049061103446853,-0.0009118255819072,0.0012746547693023,-0.0011718205100736,-0.0006222399968767,0.001239917
2019-07-05 00:00:00+00:00,0.0025871215980967,-0.0015291052973052,-0.0020918323656716,0.0075739727998283,0.0030014992349124,-0.0043769599939506,-0.00343988117553,-0.001720565786042,-0.0038610272983007,-0.0043689632650748,-0.0008439844292744,-7.486834138534908e-07,0.0005331760860398,-0.0005643850266231,0.0013513957741824,0.0033270237499999997
2019-07-08 00:00:00+00:00,-0.0097443336271994,-0.0009939401477667,-0.0033826199736183,0.000486808485415,-0.0076024465624863,-0.0098725824523513,-0.005353160952933,-0.0081175541853237,-0.0099764631276584,0.0019894046397271,-0.0035862625457335,-0.0026325951843215,0.0023531761729061,0.0011580399086094,0.0011708258178547,-0.0008852195000000005
2019-07-09 00:00:00+00:00,-0.0003282636626328,-0.005441018875017,-0.0045777771830795,0.0103542299882767,0.0057701549483114,0.0003520893078016,-0.0040382560494958,0.0044827932131569,-0.0066137554194088,0.0089476190714617,0.0056729421258447,0.000989503382749,0.002007907681602,0.0010047118777539,0.0026830922712629,0.003193953375000001
2019-07-10 00:00:00+00:00,0.0053958990360308,0.0001507642166313,0.0024341371852659,0.0138427803587546,-0.0021016727899074,0.004457852321879,-0.0042121234059801,0.00281204116098,-0.0009148357113763,0.0080869832133298,0.0019896787903503,-0.0003187447786787,0.0011738093594608,0.0021487507410534,0.0011256228973158,0.0012769118750000003
2019-07-11 00:00:00+00:00,-0.000318264805287,0.0040482736713966,-0.002637986593221,-0.001264438051583,0.0054584793528319,0.0007893358111215,0.0042828238436325,0.0029346390063254,0.0019416299850961,-0.0136231995868302,-0.004014217733267,-0.0012393737899257,-0.0016714219447271,0.0016994677250821,-0.0016610416693294,-0.00047529875000000034
2019-07-12 00:00:00+00:00,0.0075477630757462,0.0143732121373646,0.0059820630857716,0.0015921949132367,0.0059522932056144,-0.0040439234178607,0.0178082429175841,0.0115243740484529,0.007288111697036,0.0001447674264966,-0.0028459556510588,0.0014103825234729,-0.0022912034368333,2.4775865579003685e-05,0.0007052980471441,-0.005377331250000001
2019-07-15 00:00:00+00:00,0.0017142529801723,0.0034499174223826,-0.0010383971434798,-0.0105256537587761,-0.0032569405354528,0.0013782303654375,-0.0002267719024376,0.0022319298877026,0.0024698010736977,0.000153373066092,-0.0018032994834934,-0.0007166913495081,0.0012510904791725,0.0015175768888718,-0.0004916407287672,0.004007024749999999
2019-07-16 00:00:00+00:00,-0.000841524597154,0.0010184676293047,-0.0011001633264291,-0.0182141961780811,-0.0035941218726318,-0.0055858236962474,0.0051166301842936,-0.006455859795648,0.006765730225876,-0.0053884350319296,-0.0083145103094599,-0.0011076834074347,-0.0012684126650175,-0.0006559679745468,-0.0010636847081136,-0.0013157612500000002
2019-07-17 00:00:00+00:00,-0.0194579542957845,-0.0108401926521177,-0.0048619559227062,-0.0123336989804663,-0.0081136710766267,-0.0025021076410023,-0.0183972424229929,5.197253783635566e-05,-0.0079836286917177,-0.007088231543433,0.001345147337189,-0.0030765668157596,0.0020480289906876,0.0004865797514394,0.0012156054001081,0.0012225178750000002
2019-07-18 00:00:00+00:00,0.0008534511240419,-0.000301551808913,0.0087168875803167,0.0004137380905359,0.0091520661105781,0.0088079377367098,0.0010326667616437,0.0083287511053428,0.0027033604253225,0.0016245767746976,0.0088828458342685,4.128170506340135e-05,-0.0007640249303157,0.0024093407271167,-0.0005894448605998,-0.0027963312500000007
2019-07-19 00:00:00+00:00,-0.0108716571572796,-0.0057168141073962,-0.0067573913082721,-0.0023627023153745,-0.0055389355558617,-0.0107932044963887,-0.001050591569099,-0.0071050837608232,0.0043711366885077,-0.0155118696304743,-0.0144625647673166,0.0008740486240946,-0.0045104706481568,-0.0013175207149698,-0.000739552571288,-0.0009667049999999996
2019-07-22 00:00:00+00:00,0.003011733704128,-0.0013342952868787,-0.0012190289682366,0.0100546112047415,0.0022729178713444,0.0011409514615637,-0.0003488120276115,0.0056014735231366,-0.0046679239142612,0.0028261732530123,0.0033433037825761,0.0031511841850852,0.0005867646950284,0.0022462497684915,-0.0001742763718711,0.0033837828499999997
2019-07-23 00:00:00+00:00,0.001891517269804,0.0084276584841748,0.011504881989207,-0.004854105411345,0.0078603611419783,0.0078819794535964,0.0128981789106624,0.0090995368185353,0.0187463040915914,0.0158444198895489,0.0069099152653768,0.0068590205953265,-0.0034365417914063,-0.0008081589918156,-0.0024445833413949,-0.010925165
2019-07-24 00:00:00+00:00,0.0144162105958686,0.004111047886749,0.0008001411928107,0.006364477402067,0.0072213111990848,-0.0012090222824313,0.0061958473766352,0.005493034737706,0.0012290878556474,0.0045863836914671,0.0034801704853684,0.0017295108797609,-3.090784293739408e-05,-0.0025051673294829,0.0018156389694251,0.0021551437500000005
2019-07-25 00:00:00+00:00,0.0189271468751407,0.0011741390430718,-0.0018593793509471,-0.0174939128131162,-0.0036233116847993,-0.0059396286492828,-0.0038169041523182,-0.0036680263176341,-0.0050316454076966,-0.0063085594049912,-0.0050887343723992,4.706825985399427e-05,0.0020121008964989,6.725673612599812e-05,-0.0032781603782416,0.0007385539125000003
2019-07-26 00:00:00+00:00,0.0124135160116681,0.0005143635252975,0.0093347400515752,-0.0061627999496408,0.0075157199618884,0.0071819829973072,-0.0020638483715224,0.0024598210127669,0.0032344934966177,0.0034750869310815,0.0052969798912799,0.0007684480191089,-0.0010868471410176,0.0010247100005191,-0.0002341824342372,-0.0007656037500000002
2019-07-29 00:00:00+00:00,-0.0018980638362489,0.0026588583105029,-0.0033430946941711,-0.0113425337197513,-0.0093993701465166,0.0042080359474586,-0.0026170774878149,0.0024220216304498,-0.0043639074198529,0.0011992174614834,-0.0039110996260354,-0.0034643486428658,-0.0005414641814062,0.0010364365189522,-0.002045764354798,-0.0030145462499999998
2019-07-30 00:00:00+00:00,-0.0061669308113281,-0.0079505394064543,0.0015221743944219,0.0158227974258906,-0.0005479756632616,-6.171576174096169e-05,0.0043655919577902,-0.0055452357729844,0.0137556489418058,0.0103960202495768,-0.0008482842928916,0.0018679948055995,-0.0024403725597822,-0.0005584585611557,0.0021671706802168,-0.003634045
2019-07-31 00:00:00+00:00,-0.0110694345979936,-0.0076970943953927,-0.017680344300436,0.004756220448991,-0.008393146617421,-0.0099452303529192,-0.0111910110888157,-0.0180771845726318,-0.0133672862549015,-0.0082664218378174,-0.0078433962164778,-0.0022260664456047,0.0006771758154735,-0.0023816488392589,0.0005868208481286,-0.004138678837500001
2019-08-01 00:00:00+00:00,-0.0088262713193098,-0.0178085658440126,-0.0142122836157142,-0.017655092066405,-0.0175680118703768,0.0002300927902848,-0.0164107381954312,-0.0016356371303252,-0.0120846251770574,-0.0071853538126057,-0.00756020935838,-0.0093460515337858,0.0046906495790717,0.0010479464493185,0.0007461225747634,-0.0022131334999999997
2019-08-02 00:00:00+00:00,-0.0039578438707943,-0.0092749105183402,-0.0051047083258421,-0.016051119296868,-0.0027367674995384,-0.0063486900485739,-0.0031419255327395,-0.0155583582533417,-0.0095487669816674,0.0008664507029519,-0.0037824538589036,-0.0059167328335343,0.0007708994094309,0.0012535305119878,0.0025840133074601,0.00026531612499999975
2019-08-05 00:00:00+00:00,-0.0307754922929685,-0.0330566384962719,-0.0367073167218575,-0.0404568758618322,-0.0401296990314273,-0.0298786987442519,-0.0312546029878137,-0.044038498234029,-0.0273466590334447,-0.0336787787559733,-0.0349093224131353,-0.0083870922138236,0.0016635963034291,-0.0061609941867758,0.0006920597173756,-0.005633605
2019-08-06 00:00:00+00:00,0.0182903123330781,0.0206577600614485,0.018160942601744,0.0034610483103864,0.0230096613422118,0.0204712727351272,0.0222050724626234,0.0210071102777431,0.0029915318900053,0.0167295587671719,0.0201925795504942,0.0041567994345871,0.0053020448725577,0.0044215133134462,-0.0004570864440607,0.0018630025
2019-08-07 00:00:00+00:00,0.0015848915874672,0.0079834387118517,0.0072620029000141,-0.0093474010229872,-0.0020217382470533,0.0010559962756822,0.0026702166821899,-0.0016911618705361,0.0133768760350109,0.0098084581874616,0.001508775857025,-0.0019358687547752,0.0030812119643215,0.0009000141399314,0.0036296190449048,0.007035805
2019-08-08 00:00:00+00:00,0.0111393788069376,0.0162668112393902,0.0190517247275848,0.029878106175069,0.0153349582279325,0.0160755193147957,0.0163121781736923,0.0228254528973227,0.0191383053384439,0.0182714652047381,0.0189345091147498,0.0056198036235497,0.0042324641403474,-0.0024350190211112,0.0003839363537494,0.0037942937500000003
2019-08-09 00:00:00+00:00,0.0038426718577443,-0.0045610453094906,-0.0098699286015601,-0.0011794635399815,-0.0048690578651199,0.0024760295999379,-0.0082633271202432,-0.0098020438769789,-0.0131961340256461,-0.0028414449953076,-0.0063671377783798,-0.0035779141472352,0.0043935116896105,0.0005027071734125,0.0014255609538985,0.002420285000000001
2019-08-12 00:00:00+00:00,-0.0071327155872425,-0.014588507475731,-0.0117886047255239,-0.0144032528572148,-0.0184234596905321,-0.0112845562608794,-0.0125122365540384,-0.0088584185880943,-0.0192443155106747,-0.0096032352762014,-0.0137911117703323,-0.0048733118536493,0.0004279825157261,0.0001563900466928,-0.0019679581515102,0.00126948975
2019-08-13 00:00:00+00:00,0.0118489780603645,0.0163004957193966,0.0144592459097342,0.0087734687242572,0.0141022453803178,0.0159782969186665,0.0112526783925072,0.0175869599396915,0.0116055324725202,0.0072983539715631,0.0108980700280219,0.0053026324708072,-0.0006075414157644,0.0018469760545008,-0.0013922373156225,-0.005862512624999999
2019-08-14 00:00:00+00:00,-0.036710263297573,-0.0335698660375335,-0.02554752662769,-0.0407121809810034,-0.0340765235829744,-0.0271654304791894,-0.0290427819691747,-0.0292821240648402,-0.0301155111583684,-0.0242794336542187,-0.0253488089114088,-0.0066639841995817,0.0014824575734996,-0.0003469540115183,-0.0012053737544206,-0.002899495125
2019-08-15 00:00:00+00:00,0.0030214725534269,-0.0089811178287759,0.0095172062335239,0.0086713199013727,0.0054206517609268,0.0031550876735701,0.0008584458942376,0.0059371153042581,-0.0013213164150093,0.0033140490280012,0.0025748036954694,-0.003921205193459,0.0057868170455841,0.0005869227103322,-0.0014634848166416,0.008880237499999999
2019-08-16 00:00:00+00:00,0.0121672142851997,0.0119896522523548,0.0156168453605392,0.0153065402257084,0.0172349708090645,0.0138546691794591,0.0169578473183601,0.0131264932666779,0.0160273510299117,0.0149367823479952,0.0167496300252518,0.0056087838945375,-0.0021731981740319,-0.0010214026407299,0.0004231084919515,-0.0032682081249999994
2019-08-19 00:00:00+00:00,0.0133642586071045,0.016172579432407,0.0132387653141379,0.0202225552729228,0.008921758861616,0.0118322334301009,0.00907627476789,0.0143800622212469,0.0083842215962771,0.0076723210738848,-0.0042069754055998,0.0018549338388733,-0.0022799901572144,-0.0002761260983003,-0.0044062499138253,0.0070297862499999995
2019-08-20 00:00:00+00:00,-0.0053434154016523,-0.0019439778552929,-0.0113390709576704,-0.0063925589088091,-0.0101206654937694,-0.0083348522615699,-0.00733705120908,-0.0075186849290217,-0.0118280243117058,-0.0066076970558852,0.0008644696045051,-0.0007592192888606,0.0021254257941002,-0.0001104498776717,0.002632603120435,-0.006364967500000001
2019-08-21 00:00:00+00:00,0.0092223989958845,0.011421047071586,0.0139034063936414,0.0045173660190697,0.0072042667288031,0.008819106437775,0.0087017559453189,0.0067470726580684,0.0051714798250267,0.0112106092948698,0.018380258855948,0.0038831478496733,0.0030139471072029,0.0002307816108849,0.0023334231732529,0.005220576875000001
2019-08-22 00:00:00+00:00,-0.0033789696452228,-8.223004462788557e-05,0.0045678026202693,-0.0085601384774331,0.0019913689651622,-0.0053382991846997,-0.0023036309248948,0.003178723885319,-0.0059571168626989,0.0006698194661243,-0.0068981593698392,-0.0011976558391174,0.0006208129580115,-0.0003340428569345,-0.0018601627247358,-0.002948688125
2019-08-23 00:00:00+00:00,-0.0301448507658292,-0.0266811337089526,-0.022305263507082,-0.0395607794979771,-0.024177662253568,-0.0223710783510771,-0.0258219054579428,-0.0245032124601242,-0.0266549470692282,-0.0231194542720205,-0.0243071607267703,-0.0078113190822197,0.0004406032400183,-0.0003630737391336,0.0005705136983528,-0.005419880749999999
2019-08-26 00:00:00+00:00,0.0134822090886501,0.0082363723822103,0.0106629908198516,0.0031665603537647,0.0093277190940228,0.0113864796061212,0.0070482857420942,0.0052600063232309,0.0059201092842465,0.0127270934547912,0.0167338942021576,0.0004408838360375,0.0018082952617626,0.0020688053710174,0.0023703370102987,0.0025860337499999998
2019-08-27 00:00:00+00:00,-0.0072944020073347,-0.0008333009128692,-0.0106448618593226,-0.0015806769088896,-0.0048981093898406,-0.0073523412618659,-0.0026484510016298,-0.0033010032008559,-0.003262570470139,-0.008838986684982,-0.0093009121749884,-0.002891849018017,0.0037018854153346,0.0007335295098165,-0.0030552310938445,0.0035150018749999998
2019-08-28 00:00:00+00:00,0.0060960574689574,0.0117292373209823,0.0141608205458394,0.01724908012421,0.0056138852268529,0.0067667989594235,0.0082109791167482,0.0004029994589507,0.0106204478357876,0.0065604300606972,0.0033145984070855,0.0040122151875103,-0.0018879106281198,-0.001324706209877,-0.000492525780268,-0.0046745625
2019-08-29 00:00:00+00:00,0.0155967141940247,0.0038968666671552,0.0055831639866502,0.016256231719923,0.0114203107544785,0.0104669905331754,0.0165315047201253,0.0198375432454727,0.0137287065264666,0.0108349489939595,0.0106425214469346,0.0045359868468163,-0.0026751475900089,-0.0013669605037106,-0.0020865419662207,0.0008990924999999999
2019-08-30 00:00:00+00:00,0.0012022637404804,-0.0019758206439656,0.0025346458442767,-0.0070309835494032,0.0036151752903511,0.0033102500791106,0.0043248608235271,0.002650442007257,0.0034187371659703,0.0012449382639865,0.0031333366565122,0.0008787369388903,-0.0030009132165575,-0.0011556784180901,-0.0006806178796774,-0.0008250730000000001
2019-09-03 00:00:00+00:00,-0.0134329698441563,-0.0086076535393841,-0.0026875154566582,-0.0003755904555827,-0.0085948618061578,-0.0070368385422597,-0.0158867726063161,-0.0049809817902547,-0.0069535837124114,0.0032961120652318,0.0044496036028474,-0.007316727402562,0.0010602660818849,0.0016316348274308,0.0005846362098695,-5.123499999999995e-05
2019-09-04 00:00:00+00:00,0.0141929212550502,0.0124882683866087,0.0112680481577988,0.0132792136698781,0.0114810080938568,0.0025485118106214,0.0118127037251317,0.0189932066056325,0.0116416133557948,0.0096649667853457,0.0054373809370097,0.0019792141138582,-0.0027484860277533,-0.0011399677930732,0.0004673388328693,-0.00114697125
2019-09-05 00:00:00+00:00,0.0163223723833173,0.0196402936715774,0.006554051482584,0.0072112098729906,0.0168011870515993,0.0126650830035633,0.018431066712299,0.0153153278502893,0.0077592211078985,0.0069291234054571,0.0095751837137743,0.0100352278830616,-0.003905066939021,-0.0014659527254258,-0.0018975361279634,0.002387808125
2019-09-06 00:00:00+00:00,0.0031835182186457,0.0083313728119629,0.0052205698444245,-0.0007284541623794,0.0004921520597511,0.004885091243443,-0.0007467647192033,0.0032572350756773,0.0030298240133145,0.0021753860588199,-0.0105653353441657,0.0007070671435194,-0.0014704025708477,-0.0013385786614188,-0.0031263800616461,-0.008407765250000001
2019-09-09 00:00:00+00:00,0.002095536971251,0.0088346901989617,0.0046873755920408,0.002039942534539,0.0074043494565375,-0.0126968086707311,0.0032998040225734,-0.0057244300499736,0.0004243901281392,0.0041791436056115,0.0054806867290643,0.005336526555748,-0.0150222554110998,-0.0012451515034053,-0.0021676777901441,0.0012279599999999993
2019-09-10 00:00:00+00:00,0.0063490070310531,0.0046020809974508,0.003883437700014,-0.0122343077790385,-0.0045822174917444,0.004030909732499,0.006777480840709,-0.0040380951062916,0.0178431568474699,0.0006038277662664,0.0096958246763429,0.0045927904007111,-0.0135332150909346,-0.0010724781366301,-0.0012511095437935,0.0038225937499999996
2019-09-11 00:00:00+00:00,0.0085448103218094,0.0071837837693262,0.0087497579711103,-0.0001756614509244,0.0055211057574558,0.0109523446952393,0.0086294657940853,0.0146681222472047,0.0122929817935193,0.0023745737841015,0.0130396141401608,0.0025834179673662,-0.0031167275371189,-0.0005185537750969,-0.0010761170252812,0.0015376363749999998
2019-09-12 00:00:00+00:00,0.0016268310489779,-0.0006298046267033,0.0003282910470244,-0.0026006131010604,0.0062633546957584,0.0001500315017295,-0.0017202919319036,-0.0009522510525223,0.0045280327478273,0.0010319419501051,-0.0021137729708825,0.0015164902732214,0.0039025017782812,-0.001399403577666,-0.0018665032480246,-0.001794169625
2019-09-13 00:00:00+00:00,3.3600961211421306e-05,-0.0037408820082916,-0.0013328552743765,0.0021154271184831,0.0026638627296313,-0.0031985484074638,0.0042169981459734,-0.0057135699891218,0.0097286764884176,-0.0083159323254289,0.0059656745501627,0.0020833149787292,-0.0031925822687573,4.6456949490394664e-05,0.0009754461097431,-0.00719104375
2019-09-16 00:00:00+00:00,-0.0076873506236953,-0.0093911759746448,-0.0077450884834957,0.0500464540905759,0.0010360227673668,0.0023360879612075,-0.0021395226825867,-0.0005458278194928,-0.0129544985096341,0.011983549332981,0.005268018389751,-0.0012384081083794,-0.0007836948806376,-0.0011800583519884,0.0052315220456423,-1.0986125000000073e-05
2019-09-17 00:00:00+00:00,-0.0002661897157944,0.003505482309783,-0.0004623355360351,-0.0126310463468615,0.0051776866614338,0.0004746432440715,0.0006993702751928,0.0060344243013551,0.0014995036910384,0.0045973994015418,0.0002306475213257,-0.0043914707742961,0.0074138403394598,0.0009430963495672,0.0022628527959145,0.0007614523749999999
2019-09-18 00:00:00+00:00,-0.0041311316005948,-0.0020542075701956,-0.0023231671702831,-0.0042121206151331,0.0004584166016893,-6.56801306720389e-05,-7.750781923803875e-05,0.001095797849082,0.0003442538030586,-0.004820304311026,0.0018367603249356,-0.0022990787347368,-0.0004019036727221,0.0007749370772109,-0.0011572860449539,0.0003809549999999999
2019-09-19 00:00:00+00:00,-0.0089707432433286,-0.004769302364635,-0.0028853342092681,-0.0036536031262883,-0.0016403430630753,0.0039979946707199,-0.0031594775275915,-0.0036057536976637,0.0032036419604608,0.0012126437825163,0.0010869071476327,-0.0013824510059532,0.0013100935338612,0.0018884750911179,0.0007043220448223,0.00390023875
2019-09-20 00:00:00+00:00,-0.0047648941577951,-0.0096571740378797,-0.0051467881542979,0.0005215644395807,-0.007774316219928,0.0068523853960494,-0.0058839082813058,-0.0054676308571645,-0.0056084139173644,-0.0074409519902208,-0.0035232169046339,-0.0032376093478162,-0.000506188722567,-0.0013053359868541,-0.0008631904182536,-0.00229208375
2019-09-23 00:00:00+00:00,0.0018725553119431,0.0033779412574266,0.0058385037783181,0.0020285321924837,0.0026759361733056,-0.0038041920675711,0.0002944342085124,0.003185059697825,0.0007981513128115,0.0050919095936104,0.007080408127653,0.0020646515753765,0.0011735620814143,0.00116852041892,0.0012174615845969,0.005297379875
2019-09-24 00:00:00+00:00,-0.0140860426710216,-0.0077064645261982,-0.0065091849901565,-0.0131899014502189,-0.007314499520827,-0.0101343602891946,-0.0057028373585125,-0.0088150296114109,-0.0121357621351784,-0.011268267051841,-0.0029001478678262,-0.0055318053490232,0.0019763370399525,-0.0021512405924748,-0.0016005118209765,-0.003010512499999999
2019-09-25 00:00:00+00:00,0.0109876268403702,0.0049924903670886,0.0058989549290041,-0.0001383521498901,0.005290954475505,-0.0011240149249384,0.0069575673610699,0.011496567596608,0.008196539313111,0.0063001813197693,0.0060823501844156,0.0055752510542496,6.833870691548e-05,-0.0013114196958794,-0.0015422052054046,-0.00229631
2019-09-26 00:00:00+00:00,-0.0109745703478995,-0.0040491090263414,0.0013802241029802,-0.0050803969849477,-0.0048699747586484,-0.0088839670152453,0.0003504814869072,-0.0020185099022221,-0.0028497339428089,0.0013505300014465,-0.0044871485588187,-0.0023185651797877,0.002754894116716,0.0009907908617322,-0.0036014781158195,0.00019976025000000052
2019-09-27 00:00:00+00:00,-0.0064673806133426,0.0013659627301714,-0.0011637871082725,-0.0048017533189753,-0.0060086061228609,-0.007677755602248,-0.0043427588639911,-0.0063644243812639,-0.0018912755081614,-0.0082089835416846,-0.0106769909717685,-0.0031397087519061,-0.0070790669604021,0.0001099328434317,-0.0027929346649693,0.00457993925
2019-09-30 00:00:00+00:00,0.0088147273151116,0.0122927402374755,0.0040420891945144,-0.0070674826187851,-0.0005214516077081,0.0097378928915094,0.0035948670361069,0.0092693354432242,0.0081267687416684,0.0020991245020019,-0.0012507667900931,0.0001478457831127,0.0001929562852429,3.7411382099348064e-05,-0.0005394351606186,-0.003494854625
2019-10-01 00:00:00+00:00,-0.0137336263660008,-0.0091185943477475,-0.0087886639260129,-0.0167245246883089,-0.0202036832850101,-0.0136731160428097,-0.019870357491702,-0.0132365280556569,-0.0185235401204839,-0.0109827332257742,-0.0098112276304505,-0.0048510613342199,0.0031815164198202,0.0017034441544496,0.0026156359999638,0.0027637768750000003
2019-10-02 00:00:00+00:00,-0.0133463904446067,-0.0198883416995027,-0.0167612951133883,-0.0206648888422675,-0.0214676861658234,-0.0173856447656196,-0.0202523348431299,-0.0136610741346196,-0.0197151097999084,-0.0115208928624185,-0.0209629642733846,-0.0027292972089334,0.002650614829565,-0.0011432700683435,0.0010074278550575,0.002395551625
2019-10-03 00:00:00+00:00,0.00452724928882,0.0028460819620507,0.0028978147257289,0.0135334546585023,0.0056277534850203,0.0119597168389408,0.0061233020845811,0.0066018579575601,0.0039494779037245,0.0144513869243863,0.0108527406075286,0.0036010675531342,0.00271166575686,0.0012548423083719,0.0012370877897968,-0.0003544300000000002
2019-10-04 00:00:00+00:00,0.0100765841774973,0.0073487956630426,0.0152502618025691,0.0005898121290549,0.015950414231323,0.0126041452733911,0.0120788443924064,0.0131912428812417,0.0060000650559547,0.0051197119877039,0.0183504819024491,0.000339248777706,0.0016113401003238,0.0014464579726601,-0.0001530565795252,0.0008705266249999998
2019-10-07 00:00:00+00:00,0.0025909156754727,-0.0072240938158528,-0.0076872164164007,-0.0136038706105799,-0.003083105866893,-0.0042833990047472,-0.0047730112712252,-0.0042246413922159,-0.0040993014078257,-8.47532328840245e-06,-0.0015373194297448,-0.0014262549909547,-0.0009567182278843,0.0006573741490863,0.0023281627034992,0.00202990075
2019-10-08 00:00:00+00:00,-0.0219563987639261,-0.0117499479582429,-0.0163838197046735,-0.0154756101856939,-0.0184907138899387,-0.0236281219106524,-0.0137267266444316,-0.0206886534980569,-0.0160328292120995,-0.0115712437733366,-0.0188566801849725,-0.0067126949772998,0.0016820597152938,0.0015230030526078,0.0020264714050876,0.0069717075
2019-10-09 00:00:00+00:00,-0.0017845928603348,0.0053564386543604,0.0023875562834643,0.0100308805959554,0.0065519351873192,0.0087338546005296,0.0057880121293114,0.0075287377572065,0.0110818822653932,-0.0017787642591283,-0.011430629516952,0.0016187226924549,0.004890062906973,-0.0025834702932029,-0.0046913018431637,-0.001155036
2019-10-10 00:00:00+00:00,0.0127989250865837,0.0148057065253659,0.0098302365189014,0.006724420580569,0.0120295922579104,0.009359220570287,0.0144431272470785,0.0066972865608585,0.0189635821739677,0.010152577457657,0.0071851602750889,0.0038497618404625,-0.0024818256388203,0.004685772534932,3.7982121645887264e-06,-0.005779527499999999
2019-10-11 00:00:00+00:00,0.0148524121678428,0.0185813761774637,0.0148909210254234,0.0060713955050998,0.0089699027590593,0.0109888435875753,0.0162843152379445,0.0054148107463095,0.0211896719183988,0.0132788841605155,0.0191076491668524,0.0125740766569322,-0.0034446980422171,-0.0020620409323393,-0.0014299905352381,-0.0012933721249999998
2019-10-14 00:00:00+00:00,-0.0004621553208778,-0.002343681778842,-0.0058726103230642,-0.005249147082338,0.0002639582320596,-0.002321822892313,-0.0011193340831588,0.0027895397204628,-0.009205933616264,-0.0016829211309124,-0.0104850676000997,-0.0016827563789997,-0.0002143348788195,0.000255042471434,0.0009628473596326,0.0015356598750000002
2019-10-15 00:00:00+00:00,0.0129497473824111,0.0081387487905615,0.0035739513632393,0.0036028828763502,0.0095481877221178,0.0169650612315157,0.0088364346072962,0.0097021609260618,0.0056244489186561,0.0086095853866146,0.0044832170927399,0.0040667787827822,-0.0007786640263416,-0.0003727858378187,0.0016556148729998,0.00393554375
2019-10-16 00:00:00+00:00,0.001373532012596,0.0026013876889523,-0.0045834141512898,-0.0144914003548418,-0.0041907989334347,-0.0046003038706994,0.0028896231138287,-0.0083033281174394,7.118829898772913e-05,-0.0035769894180486,-0.0021783146347598,-0.0040104504828785,-0.0018573305310185,0.0006583088897908,0.0001334844414052,0.007261491625
2019-10-17 00:00:00+00:00,0.0070578108318056,0.0026315317888955,0.0053847958596258,0.0036362586972421,0.0040127036662269,0.0096808881140988,0.0060281080178121,0.0038094520001821,-0.0035676980490485,0.0061512882829882,0.0050830746132006,0.0008575195795951,0.0006566972338479,-0.0029120002370948,0.0029721353242468,0.0009061287499999999
2019-10-18 00:00:00+00:00,-0.0070173021982516,0.0036060120111609,-0.0008508391610774,-0.0034477804074804,-0.0001030572566992,-0.001170689890173,-0.0008852550633691,-0.005037906672102,-0.0005142184941079,0.0036873837383646,-0.0003820063090631,0.0004863250075614,-0.0006378906739971,-0.0031182561050139,-0.0033524034613858,0.000940496375
2019-10-21 00:00:00+00:00,0.0073293725400915,0.0014682884690804,0.0086904857163104,0.0118616779746086,0.0085851931937917,0.0005223802207067,0.0046208264171589,0.0076611184009117,0.0007649518992173,0.015414071628313,0.0148106212329947,0.0063584267622202,-0.0009266872048302,-0.0006920455517132,-9.15200321611773e-05,0.0021525143749999997
2019-10-22 00:00:00+00:00,-0.0016307298457734,-0.00717578626291,-0.0033884198887981,0.0036413496880996,-0.0091037438238039,0.0014093502133145,0.0044484343020333,-0.0150012749759726,-0.0007655017089125,-0.0037903040542383,0.004210702354292,-0.0029309721519374,-0.0093851077347496,-0.0010899973089381,0.001031415352286,-0.0008171962500000003
2019-10-23 00:00:00+00:00,0.0012634473404044,0.0025560214522679,0.0068591185855448,0.0060205369211123,0.0103391183312607,0.0059887279858397,0.0023117455070755,0.0060716873255423,0.0072563081171243,0.010993352901298,0.0120794654666241,0.0040682329078998,-0.0022673280661413,0.0015476968379866,0.0014943511250276,-0.0019391202000000004
2019-10-24 00:00:00+00:00,-0.0096939170192309,0.000286315358522,-0.0008329431413486,0.0052402478429729,-3.8840322863072114e-05,-0.0052748183867171,0.0011101178094233,0.0055800860943774,0.000644131914223,-0.0034224056206596,-0.0025411662377398,0.0002437377070788,0.0053327589172148,0.0025211923737763,-0.0008557039194257,-0.014003828749999999
2019-10-25 00:00:00+00:00,0.0132797721278631,0.0088867954726171,0.0003296523731956,0.0052145587695811,0.0002028783193535,0.0065567130129307,0.0058467899687645,0.0057593903150218,0.0148390118493872,-0.0051578406404697,-0.0137496716903041,0.0060911710858496,0.0004053211927808,0.0012348181582263,-0.0035870617815058,0.0073904225
2019-10-28 00:00:00+00:00,0.0083068432378614,0.0009397484649534,0.0018307552902849,-0.0014546106257522,0.0027633347139617,0.0119024600771814,0.0011629660967828,0.0069521960921668,0.0041636075023894,-0.0014582471537353,-0.0145262035839746,0.0061988828623791,0.0023501217304582,4.656353159166883e-06,-0.0024272038495865,-0.0036505450000000007
2019-10-29 00:00:00+00:00,-0.0075684898661195,-0.0044418174118816,-0.0012241336962346,0.0050826197513994,0.0058235531476172,0.0093698573189141,0.0031602741508126,-0.0047410222203699,0.0020305663108717,0.0019615718512541,0.0154963802713264,-0.0024938671337419,-0.002321614550235,-0.0011321266471153,0.0052041223972901,-0.0009150719999999998
2019-10-30 00:00:00+00:00,-0.0013186402855988,0.0016536960683459,0.0005446285747107,-0.0255339858170603,0.0015569867519369,0.0024311001897463,0.0023523985225631,0.0035945050702659,-0.0015926819627529,0.0083737198240756,0.0119194732249563,-0.0017791366519139,0.000421053522224,0.0018607637104646,0.0016565457596015,0.00316967175
2019-10-31 00:00:00+00:00,-0.0100936625090938,-0.0088601281238948,-0.0036696205937874,-0.0051115573325366,-0.0020399572224126,-0.0063735523684648,-0.0084059665924491,-0.0049039363200686,-0.0115321902071036,-0.0091690038185454,-0.0011603564595899,-0.0050302727470152,-0.0009931307384232,0.0012692672744009,0.0009986269193968,-0.02411195125
2019-11-01 00:00:00+00:00,0.005038467016624,0.0082274593403495,0.0095099301226966,0.0246127981518525,0.0095612002368494,0.0059443644408919,0.0161611394314276,0.0121180302637376,0.0161344298386714,0.0106378106388681,0.0131106860097326,0.0084243263491996,-0.0035139672575499,-0.0030170345318243,-0.0007567402122345,-0.004158245
2019-11-04 00:00:00+00:00,-0.0008342724533791,0.0007022341373553,0.0081919941030844,0.0157302332627536,0.0035975903943097,0.0023472238071076,0.0064136128890717,0.0024134315825902,0.0058781860909626,0.0075425857778651,0.0119739857812086,0.0095822568608398,-0.0077523671105682,0.0002650565843988,0.0001185341400831,0.008445174750000001
2019-11-05 00:00:00+00:00,0.0030644181176171,0.0054611989471116,0.0072185987958344,-0.0153835193137576,0.0004926352202601,-0.0063320303424323,9.714963962621845e-05,0.0037021958192271,0.0027898597303064,-0.013569757227339,-0.0074259112910781,-0.0010774423762593,-0.0058535495794864,-0.0022824587529474,-0.000668625171285,0.0007988783749999996
2019-11-06 00:00:00+00:00,0.0004742599936978,-0.0016006291996342,-0.003423624115591,-0.0170410129193055,0.0057053259325449,0.0072140457520443,0.0020431348192388,0.0084463716827366,-0.0031807169791715,-0.006918719336451,-0.0130206858335867,-0.0061995924910424,0.0035618054642034,0.0007536170336292,-0.0002618552389822,0.0009701970624999999
2019-11-07 00:00:00+00:00,0.0064241206053189,-0.0010768429224206,0.0020901075332295,0.0033850172913122,0.0042626752230877,0.0044537625010306,0.0015020107958092,0.0036742763633315,0.0084199680731657,-0.0057553557145524,-0.0087753960044719,0.0017295038318406,-0.0046290580590409,9.558550239623632e-05,0.0004747182884419,0.00086937775
2019-11-08 00:00:00+00:00,0.000471705051842,0.0006359882536959,-0.000232876524035,0.003829223709001,0.0019028761134111,0.0073144529688807,0.0024263548412215,-0.0007490942022819,0.0009076690734132,0.0014716554983145,0.0020447750438033,0.0009586825250602,0.0005567265054026,0.0006493056152004,0.0040642985435727,-0.00382523825
2019-11-11 00:00:00+00:00,0.0059864733179308,0.001683968883032,-0.0049093489941218,-0.0026497814416099,0.0006442911494253,-0.0022695257467142,7.355596337706299e-05,-0.0018824451194459,2.6279815019737297e-05,0.0005257473332113,-0.0074430676601449,-0.0002277795489325,0.005581930881009,-0.0004201735134594,0.0025350399206002,-0.0022285576999999997
2019-11-12 00:00:00+00:00,-0.0032594420426029,-0.0060527433855894,0.0040713184094163,-0.0032914520893239,0.0023773259990321,0.0072778282281936,0.001792481525615,0.0001448809424929,0.0011423344647603,-0.0042004224894962,0.0107351893375349,0.0002733178509994,0.0002633064707382,0.0007011257530385,0.0036966376460331,0.00258770825
2019-11-13 00:00:00+00:00,0.0028271020937169,-0.0023492938505993,0.0019873328587683,0.0009042788431456,-0.0021157549536681,0.0034104909791603,-0.0038876721311863,0.0051491459530015,-0.0037298587966134,0.0020064035999319,0.0060661200870431,-0.0043742552373593,0.0042483267485293,-0.0003556732934069,-0.0001968025863934,-0.00027757374999999986
2019-11-14 00:00:00+00:00,-3.444414787824159e-05,0.0046392911515248,-0.0011121363974777,0.001029786637065,0.0021705126786764,-0.0010212787448716,0.0037783349033251,-0.003131682352289,0.0049245403221142,0.0085488166818031,-0.0002978123952403,0.0008156800015499,0.0028849301400019,0.0001774814798006,-5.860451789575989e-05,0.001436488375
2019-11-15 00:00:00+00:00,0.0035917076705087,0.004703622321619,0.004185032335077,0.0054568702831929,0.0035101255090502,0.0194995902473277,0.0035190216410205,0.0049333526391394,0.0016460054904162,0.0119307852247921,0.0109825274832755,0.0030690952181331,-0.0018776934200907,0.0004914982885231,0.0016544157701042,-0.004865673749999999
2019-11-18 00:00:00+00:00,0.0024015595351562,0.0033482355997173,-5.024709205736357e-05,-0.0103013129942491,0.0023460165279731,-0.0020857433609759,-0.0010516395914125,-0.0002078710257225,-0.0012071420371943,0.0031157781079146,-0.0032334039616005,-0.0027115730807566,0.0021580414179814,0.0012959810627546,0.0021588721996098,0.0072416337499999995
2019-11-19 00:00:00+00:00,0.0037908902475176,-0.0050118336653055,-0.0012177977873253,-0.0175241359778881,0.0042337400703211,0.0078118392831879,0.0008753210501423,0.0041569341442727,-0.0014490853374297,-0.0019943854781225,-0.0070903660046654,-0.0015579673654311,0.0005369827686688,-0.0013113846203194,1.697170377598861e-05,0.0059753375
2019-11-20 00:00:00+00:00,-0.0083018486322848,-0.009397012878224,0.0061086144032272,0.0186559978061795,-0.0010133777488316,-0.0018890117842711,-0.0053451642794462,-0.0051774429569145,-0.013056535875987,-0.0021394175574729,0.0047762769246798,-0.002435074567721,0.0027045512770939,0.0001441038368342,0.0043627011502269,0.0031041375
2019-11-21 00:00:00+00:00,-0.0047046829740855,-0.0056132842878091,-0.0020791086368631,0.0074341354872422,-0.0043662400649134,-0.0009125758775138,-0.0034474341546324,-0.008339401956586,0.0016747413187852,-0.0102871761954858,0.0002404758305558,0.0018617626724561,-0.0026432827606692,0.0023623146403466,-0.0020384995694226,-0.00427365625
2019-11-22 00:00:00+00:00,0.0046946228294994,0.0077590494870028,0.0008861870323515,-0.0062865325840283,0.0043349859391389,0.0039555505740621,0.0044113331260543,-0.0016170242140608,0.0023022189729182,0.0026038672337966,0.0072414084230988,0.002052801958007,-0.0035146281192917,-0.0004100767785762,0.000605374806506,-0.0006976422500000001
2019-11-25 00:00:00+00:00,0.0068927953610388,0.0108021189790591,0.0110173428515234,0.0017318982060889,0.0076756737466808,0.0130125271773879,0.0071565094123349,0.0071302243926851,0.0097136895118677,0.0107561647382791,0.0065528886842568,0.0066658630726443,0.0003179471530823,-0.0010411667240732,0.0013989494413861,0.0017988150000000003
2019-11-26 00:00:00+00:00,0.010323548655331,0.0119567589631812,-0.0014028870064461,-0.0097412223652678,0.0012412581795112,0.0005814479598367,0.0044449348510846,0.0023186808446809,0.0077052103685147,0.0070075001246251,-0.0020622782813811,-0.0017816512191397,0.0029830890223233,-0.001668301806656,-0.0015751571804255,-0.00168505375
2019-11-27 00:00:00+00:00,0.0039941753005773,0.0019107805722846,0.0032495553697462,0.0044957093369877,0.0027313683833777,0.0052241077867532,-0.0006969219705047,0.0027980767239059,0.0019345305462114,0.0046393394844621,0.004366189830054,0.0012427354229085,-0.000145906865439,-1.8872351036752832e-05,0.0002376970513201,-0.0051979925
2019-11-29 00:00:00+00:00,-0.0063075323408972,-0.0010142706039501,-0.0048134397099695,-0.0107410901052143,-0.0021415689278137,-0.006967699099421,-0.0048091806630293,-0.0030572394270549,-0.0040472169882018,-0.0048976634249985,-0.0034051598945835,-0.0024149202963375,-0.0009496860553496,0.0015754380578099,0.0001322897227372,0.000676085125
2019-12-02 00:00:00+00:00,-0.0145753589372454,-0.0064452751402187,-0.0024290260055205,-0.0121665540937057,-0.0112186517879275,-0.0060882816434643,-0.0127550682382986,-0.0120662168924083,-0.0050234194020199,-0.0200503795208227,-0.0112625032631,-0.0030610157566538,-0.0022545058414567,-0.0009281046296498,-0.0022161491150084,0.0007582386249999996
2019-12-03 00:00:00+00:00,-0.0017129481583643,-0.0126905336115603,-0.0077474367645354,-0.0130415324777289,-0.0076570482426247,-0.0006418418238552,-0.0073818219446061,-0.0065007332607795,-0.0067236913962722,0.0034522861095128,0.0028831650858371,-0.0043131624382253,0.0026454426394247,0.0015085412579263,0.0045996760073214,0.0076176865
2019-12-04 00:00:00+00:00,0.0043346090861467,0.0080564096607406,0.0087169443734948,0.0118906491385263,0.008118798407164,0.0079589617444651,0.0032674319332673,0.0036522247412034,-6.541311883414687e-05,0.0093141898160377,0.0150091905800757,0.0028130152630289,-0.0015911304649574,-0.0006954025150115,0.0010686948209978,0.0003750324999999997
2019-12-05 00:00:00+00:00,0.0026264552077483,0.0050836364914452,-0.0039221380051471,-0.0007687263528178,0.0046521363607903,-0.0029405872189321,0.0040361815674907,-0.0024552960020289,0.009756350584821,-0.0017289369582358,-0.0028035016035273,-0.001053310432263,0.0007897149418284,0.0006879436798116,-0.000762447039886,0.0013662443749999998
2019-12-06 00:00:00+00:00,0.0081562296328463,0.0062237535817858,0.0098741092029785,0.0197074152752121,0.0085198883441881,0.0079061039229546,0.0071271769857984,0.0075992642299654,0.0102680606669357,0.0077095466907316,0.0045236702678655,0.0055866651237407,-0.0014773362236311,0.0006063877695516,-0.0022123748000778,-0.010728265
2019-12-09 00:00:00+00:00,-0.0044878645098077,0.0004389005230118,0.0005724669531183,-0.0040294412378083,-0.0017718114795718,-0.0095358763969785,-0.0026399687444051,-0.0087572145933462,-0.0033116229540415,0.0031890579236968,0.0025898525512361,0.0006600092033563,-0.0018119987603987,-0.0002997033616969,0.001681617694588,0.004395981
2019-12-10 00:00:00+00:00,-0.0016879015252407,0.0007695915704969,-0.0010956499760336,0.0043306181087144,-0.0006703717984809,0.0008392488667539,-0.0023815652229042,-0.0019579427035411,-0.0077614190454003,-0.002834492061577,0.0098685366015154,0.0018338677862534,-0.0001287765637921,9.81507978818359e-05,0.0025712283136068,0.0026699562499999997
2019-12-11 00:00:00+00:00,0.0020641497626804,0.0048675610810439,0.0022714226670686,0.0013356698249169,-0.0010706426176457,0.0010685003804381,0.0039186033798854,0.0071146600846146,0.007542999551903,-0.006295331670995,0.0045026756425837,0.0026220533501104,0.0010147412569025,0.0004851199243123,-0.0001209204007339,-0.004596325125
2019-12-12 00:00:00+00:00,0.0137050860825263,0.0136950037196991,0.0085801700160291,0.0107883935621633,0.011176347210095,0.0070053267486024,0.007462290480061,0.0134145972779966,0.0117144574760834,-0.0047286607083076,0.0096368595141423,0.0110776103910248,-0.0036727065235669,-0.0001107802442396,-0.0032105908466758,-0.0071199948750000006
2019-12-13 00:00:00+00:00,-0.0072848516726536,-0.0037685923444233,-0.0025676524939624,-0.0058118253290802,-0.0028916184773634,-0.0029967461330967,-0.0039784881139195,0.0002966730791963,-0.0065500062514213,-0.0048648286975696,0.0005708704632592,-0.0036708544366168,0.0014283532495912,0.0016002347668405,-0.0006974251971618,-0.00958428125
2019-12-16 00:00:00+00:00,0.0030543179145364,0.0041481652768574,0.0078698752903468,0.0197549024436222,0.0038885180507835,0.0110966413013029,0.0024765255388006,0.0070734161763461,-0.0005435882505402,0.0110383633824712,0.0140188100798537,0.0026930506214401,0.0015765665154148,0.000613529732907,0.000569703917528,0.0019326762500000004
2019-12-17 00:00:00+00:00,0.0025093008071273,0.0002623301456623,0.0016868070935933,-0.0003209131853054,0.0032887294534101,-0.0026190795767171,0.0008640847432903,-0.0020760225386997,0.0073149664085789,-0.0052708309299304,0.0097030493927631,0.0020545984347031,-0.00165220643156,-0.0006997311681379,0.0013802970344167,0.000553920875
2019-12-18 00:00:00+00:00,0.0001803681425205,0.0001781791365792,0.0016263721315741,0.0033433712391491,-0.0033569808261774,-0.0005001182794399,-0.0027243611020788,-0.0006331794242878,-0.0007679321560705,0.0129780103916314,0.0111501293385935,0.0024890457697806,-0.001225454602923,0.0004489167500631,0.0012846473769318,9.453612500000014e-05
2019-12-19 00:00:00+00:00,0.0087990753053971,0.0021246130031338,0.0064041238778367,0.008153472736665,0.0031777447741746,0.0040792432790044,-0.0005480669352923,0.0040967173476244,0.0022396760697285,0.0095448045539422,0.0012314933201066,0.0004620644681272,0.0011554782920628,1.0144501681155006e-05,0.0017674523083167,-0.0025608437499999998
2019-12-20 00:00:00+00:00,0.009009073291782,0.0067626075645307,0.0077646091772647,0.0088397307480718,0.0014647769541779,0.0074753684310638,0.0081786761880074,0.0073913994491342,0.0053733650285778,0.0042725720114563,0.0076568873790396,-0.0008075567627429,-0.0004738030803424,-0.0005697863999486,0.0004942958626963,0.004097591250000001
2019-12-23 00:00:00+00:00,-0.0026500108246935,-0.0015532233324595,-0.0001640823480032,0.0153572802995171,-0.0040071600697641,0.0032148644728322,0.0023866498832732,-4.691454573685933e-05,0.0019949798669738,-0.0002405204606211,-0.0036881503714288,0.0037932622172929,-0.0013529765416259,0.0003095789130683,0.0012245647040288,-0.00198362
2019-12-24 00:00:00+00:00,0.0026237536417567,0.0014691068425446,-0.0010435116086353,0.0028005119898042,0.0013015857774668,-0.0005543466573251,-0.0015134316794096,-0.0007712642427877,0.0026502498941985,0.0014161346213713,-0.0010232022936396,-0.0015342149249335,0.0010850215962233,0.0002359640026131,0.0012807906935613,0.0032240883125000002
2019-12-26 00:00:00+00:00,0.0073101365944575,0.0052395959512901,0.0031162490462878,-0.0026291345076239,0.0031740243548659,-0.0010275599194378,0.0016073793456802,0.0032117336997384,0.0058673847665755,0.0051995892644164,0.0027994520409999,0.0016668691532973,0.0002632527318798,4.01516282880805e-05,-0.0003779721671062,0.00186882625
2019-12-27 00:00:00+00:00,0.0003346168606957,-0.001867369308515,-0.0003317166899632,-0.0021945957193836,-0.0006759414510134,4.16112779267576e-05,-0.001536605852431,-0.0011380755982412,-0.0035109180624069,-0.0002923132443682,-0.0045416754229254,-0.0023710396757025,0.0008156007964798,-0.0002277884131942,-0.0010176103045442,-0.0010055455
2019-12-30 00:00:00+00:00,-0.0074670152643312,-0.0034497910621401,-0.0039340656520952,-0.0044646329359157,-0.0038892833691228,-0.0066790651302513,-0.0046088010621101,-0.0015038502132939,-0.0042747069228941,-0.0046049979886635,-0.0024027114659593,-0.0010719426575897,-0.001370133647098,-0.0018460095352507,-0.0018398372564723,-0.0018932169000000002
2019-12-31 00:00:00+00:00,0.0009434078084644,0.0008674429913266,0.0023376561135181,0.0062587765471163,0.003112239079151,0.0047662390279245,0.0017320325909175,0.0017996090697695,0.0077065859725841,0.0082854217116216,0.0070771915985657,0.0002332645072389,-0.0008423663299545,0.0010914526101018,0.0011368843903711,0.00017627224999999997
2020-01-02 00:00:00+00:00,0.0073268533732984,0.0081671147440958,-0.0045872606216995,0.0018325749448197,0.0083877178573052,-0.0015568968496151,0.0109867324907299,0.0098162150170691,-0.0102531250788225,-0.0070056964852268,-0.0046900483385733,0.0045675339561894,0.0015298096994041,0.0024115387114419,0.0008563519678136,0.0027666082500000006
2020-01-03 00:00:00+00:00,-0.0038604167267923,-0.0063586662151752,-0.0063587312894444,0.004867666235946,-0.0065462900317355,-0.0076852195371397,-0.0012849411739836,-0.0027260549357112,-0.0156603072641506,0.0003591561020649,-0.0100373797427128,-0.0071687668089972,-0.000245211057062,-8.680459529650369e-05,0.0011204874567796,0.0012914425
2020-01-06 00:00:00+00:00,0.0034909719070935,-0.0034933457006164,0.0001485982287678,0.0098491100489628,0.0017320422560686,0.0058445998248569,0.0014404491142376,0.0014546594605779,-0.0040687403637779,6.885677949491357e-05,-0.0026010539311188,-0.0032380306001884,0.0003546830298962,0.00148596183637,0.0027790996231181,0.0047221085
2020-01-07 00:00:00+00:00,-0.0020361285279768,-0.0063055752750707,-0.0076450777966076,0.0147474000802257,-0.0064021190175553,-0.0039629280053195,-0.0038732292561181,-0.0038004122414871,-0.0027333786446284,-0.0081314395374689,0.0032575062404124,0.0022470732874294,-0.0017403238472642,-0.001872306601576,0.0024729910251068,-0.00666123875
2020-01-08 00:00:00+00:00,0.0113081572757216,0.0092059588905513,0.0085334998699853,-0.0299174567885543,0.0102538086753786,0.0091882570753363,0.0066870085825671,0.0088677153181068,0.0056124976182777,0.0110816110537632,0.0068977826683173,0.0027257135688103,-0.0005343647166834,0.0049793903852997,0.000653705121129,-0.008279922499999998
2020-01-09 00:00:00+00:00,-0.0007050618592969,0.0009974958729495,0.0022191311473967,0.0086890542727618,0.0090787194823922,0.0094372527832836,0.0054131618417209,0.0062626016451044,0.0011430766772203,-0.0021764002067159,0.0024044962959433,-0.0015023438417551,0.0015155335274612,0.0001173458238814,0.0007513758309557,0.0029694868750000003
2020-01-10 00:00:00+00:00,-0.0055282250552922,-0.0034679575355746,-0.0012894233894371,-0.002712589547383,-0.0061830777889435,-0.0007635537976948,-0.0032681729585757,0.0003173270488626,-0.0042620850544728,0.003671214588927,-0.0033889958477562,-0.0034944366664323,-4.1339858632882675e-05,0.0003613551381166,-0.0007040679767733,-0.0013604762499999997
2020-01-13 00:00:00+00:00,0.0089672998294875,0.0090282707872048,0.0107993793454489,-0.0084578616684363,0.0083050366982365,0.0026575899748771,0.0076210899441826,0.0066606518442581,0.0150237952414331,0.0177130717613553,0.0177442604355848,0.0046240480594073,0.0007202541880183,0.0008323861175571,0.003265412593847,-0.0029686762500000007
2020-01-14 00:00:00+00:00,-0.0004643452046084,0.0015120237711155,0.0014195800921332,0.0030233826445326,-0.0029406461423613,0.0052272978719265,4.60673632376401e-05,-0.0013347631709187,-0.002432513136338,-0.0034816128574268,0.0055839011589909,-0.0009301175198046,-0.0039150718331211,3.737529409011343e-05,0.0014731278380663,-0.0009776807500000003
2020-01-15 00:00:00+00:00,0.0067029085314589,-0.0019705768936132,-0.0034520139907508,-0.0070733880150071,0.0016016546454128,0.0050425569240844,0.0056944170433294,0.0011934818728838,0.0036099111139049,0.0035165585152457,0.0082857076907038,-0.00533854104398,-0.0005048275331043,-0.0001718271639891,0.0019594566380203,0.00769378
2020-01-16 00:00:00+00:00,0.0114867576441372,0.0100804463945269,0.0063518365597807,0.0012047988661554,0.0116358641527917,0.0072495224883907,0.0082861016340664,0.0132615224153222,0.0048309975459855,0.0108270790448096,0.0086383022841145,0.0028541215693703,-0.0005104728702659,-0.002127526962754,-0.0014095460978383,0.003092463875
2020-01-17 00:00:00+00:00,0.0069351955022031,0.0062501293218586,0.0018336387321509,-0.0087727689310076,0.0052722044305033,8.328681954751336e-05,-0.0012615105764018,0.0008752474985126,0.0033485803954905,-0.0003108345418926,0.0054026604040464,0.0007596294836797,0.000365345179028,-0.0006186256183596,-0.0026630661051413,0.0042206875000000005
2020-01-21 00:00:00+00:00,-0.0053410042653288,-0.0077243446937283,-0.004628055715782,-0.0185147623909435,-0.0031840541398819,-0.0023298416780392,-0.0031483317745789,0.0033392038854192,-0.0128850849851033,0.0052402617537046,-0.0004750852844397,-0.0072254588609549,0.0022022454880047,0.0019307933888698,0.0027497657987899,0.004426427875
2020-01-22 00:00:00+00:00,-0.0026724915056102,-0.0021633237316043,-0.0022886332745656,-0.010506748525292,0.0044553039234729,0.003809724702151,-0.0033424132730054,0.0049549407408464,-0.0027355970872942,-0.006536039806786,-0.0018799979196201,-0.0014120998020579,0.0029254551665559,-2.5369051600508253e-05,2.1339283267604865e-05,0.0005245062500000002
2020-01-23 00:00:00+00:00,-0.0069903379537054,0.0052249944574457,-6.156512178260312e-05,-0.0044294564792678,-0.0018111897861474,-0.006763377096425,0.0080671013844123,0.0077644795321023,-0.0027724968531599,0.0058093072999274,0.0120929424642404,-0.0009747879629936,-0.0005524896097636,0.002084637233928,0.0001210354460769,0.00926426125
2020-01-24 00:00:00+00:00,-0.0183213021704192,-0.0144879312822532,-0.0129290634292412,-0.0143585674746494,-0.0098380702803578,-0.0135759914600987,-0.0054684145997476,-0.0052746273602726,-0.0113714826406805,-0.0083076522125471,-0.0076600829753168,-0.0072003104609853,0.000570419132409,-0.0003295206248511,0.001994635087822,0.0019436928750000003
2020-01-27 00:00:00+00:00,-0.0126706328255463,-0.0178458002315981,-0.0152786859869984,-0.0287240270576222,-0.0114404043531456,-0.007575006315462,-0.0132623254694343,-0.0175043337496518,-0.0198474922172788,-0.015722495598474,-0.0214763619738231,-0.0117209307632596,0.0015135293884242,0.0002030227652464,0.0029266482607521,0.008738544625
2020-01-28 00:00:00+00:00,0.0095249949155591,0.0095023099866041,0.0022643942501985,0.0088741223282523,0.0110522468026675,0.006754365820106,0.0069792323297544,0.0096698545126154,0.0121520963917241,0.0090753207258134,0.0114995549273462,0.0033247067487932,0.0019650896679043,-0.0007634508820396,0.0005067920202564,0.0013072124999999996
2020-01-29 00:00:00+00:00,-0.0149730212996184,0.0021010253693498,-0.001657152296808,-0.0141270225915323,0.0019548116472598,-0.0040246057569546,0.0001918394981039,-0.0060701648773071,0.0013774413015573,-0.0046231908135895,0.0059578318037618,0.0013603681352608,0.0016398430001882,0.0019214398858511,-0.0011366469475207,0.0010348949999999999
2020-01-30 00:00:00+00:00,0.0066375804186857,-0.0012201232614801,0.0052153332447314,0.0059481363180941,0.0118195481749988,-0.0032467248267532,-0.0004016466104384,0.0023233385699417,0.005056285586447,0.0017246737995925,0.004184146749638,-0.002260334363025,-0.0014745619504569,0.0021825650062715,0.0009688975534712,0.01108297375
2020-01-31 00:00:00+00:00,-0.0094533379522524,-0.0173719780282783,-0.0170610053099016,-0.021078808204941,-0.0145945210210527,-0.0235108650200282,-0.0224405318186884,-0.0201437838746766,-0.0215745782614673,-0.017642966272227,-0.0124806959226789,-0.007238296123123,-4.968218255183476e-05,-0.0006491126487165,0.0011960042214482,0.0006067392500000001
2020-02-03 00:00:00+00:00,0.0014866623506238,0.0080943869259062,0.0020774139186244,-0.0146257925560156,0.0111189425221937,0.0060871251886342,0.0069201341668541,0.0065123268608404,0.0176103252307326,0.005219000274722,0.0144288176425512,-0.0004297242585916,0.000951828389292,0.001032579255863,0.005214356034805,-0.00284297825
2020-02-04 00:00:00+00:00,0.0211922915430277,0.0165783091602017,0.0172025717853287,0.0070630444237926,0.0119359345650636,0.0156951217695968,0.0169323908401241,0.0125499805457703,0.0212296711116038,0.0277967724093455,0.0092487927427363,0.0111213947190211,0.0029468947671447,0.0013690107479556,0.0023451831611014,-0.008610868749999999
2020-02-05 00:00:00+00:00,0.0097306118572808,0.0093485620009678,0.0103705070271798,0.0328075177103562,0.012724250944111,0.0186855899471775,0.0131873791710587,0.0080619022282106,0.015876459866673,-0.0008045306923526,0.0055856944788695,0.0044899619213169,-0.0054151563641382,-0.0020143987167754,-0.0047205859496319,0.00015403375000000007
2020-02-06 00:00:00+00:00,-0.0023968193728639,-0.0027342497091521,-0.0018637010392741,-0.0134038168315279,0.0009813478552669,0.0029131333536839,0.0018310158574795,0.0059122272540612,-0.0014955611557713,0.0035523771808279,-0.003797891228385,-0.0032369016536408,0.0006904271644463,0.0029067417001852,0.0017509505081611,0.002220126375
2020-02-07 00:00:00+00:00,-0.0061201256183265,-0.0138895800118871,-0.0036834960960414,-0.0097965695989065,-0.0019987109091807,-0.0081093275121043,-0.0055718586618867,-0.0109065124952023,-0.0160964726204368,-0.0033824105662782,-0.0078642228453559,-0.0067953058426226,-0.0002628097911587,0.0012469369371289,0.0038362357500123,0.013328051249999999
2020-02-10 00:00:00+00:00,0.0081499551412556,0.0057613634076145,0.0056399221891556,-0.0074346641132347,0.0065188283839452,0.0065842292556779,0.006177590153313,0.0077201251760821,0.0011029472706472,0.0075656304763735,0.0061587473464583,-3.586056397648831e-05,0.0024947603686086,0.0012339127023539,0.0007512611426185,0.011219864625000001
2020-02-11 00:00:00+00:00,0.0033389841734207,0.0100741229174401,0.0051710244206527,0.0075064577856623,0.0022866465059691,0.0118027108243979,0.0034032901008344,0.0071534962740951,0.004669860843485,0.0098508093406331,0.0108541651219184,0.0062435534659619,-0.0002079815101359,-0.0022949226736809,-0.0022024030131297,-0.00230314325
2020-02-12 00:00:00+00:00,0.0141130509015824,0.0121290311881895,0.0072741466646427,0.0160649702603509,-0.0035565297508169,0.0011266970734687,0.0082949022349592,0.0018143882028542,-0.0012990934884792,0.0150389933700676,0.0069655292718508,0.0067037607489649,0.0013244380594287,3.82510600310911e-05,-0.0020384383175666,-0.00791152125
2020-02-13 00:00:00+00:00,-0.0026882584967285,-9.92748954749068e-05,-7.844752181350764e-05,0.0022296041590509,0.0041364230974557,-5.031786687328368e-05,-0.0017572239938929,0.0015085978043788,-0.0051043388219201,0.0045743060141995,0.0048147078069418,-0.0045351118787451,0.0042457054642265,0.0011470851445407,0.0015717452697586,-0.0023929832499999994
2020-02-14 00:00:00+00:00,9.448658013666484e-05,-0.001262680653275,-0.0034786262785906,-0.0028241349509218,0.0031109856638085,0.0039364741183577,-0.0011022352038922,0.0023702941130101,-0.0024727443246311,0.005955816086785,-0.0039152331820672,-0.0052256537187464,0.001519885445974,0.0008681959489904,-0.0009630903024181,0.009279169875
2020-02-18 00:00:00+00:00,0.0003993132269019,-0.0022286128399168,-0.0039102512802683,-0.0002128863091773,-0.0022684205711435,-0.0046380168396726,-0.0008754529629158,-0.0071690597044151,-0.0049942345886103,-0.0002029037801866,0.0047139622920556,-0.003911869230347,0.0006815609570951,0.0019077595175267,0.0056111000683027,0.012605076375
2020-02-19 00:00:00+00:00,0.005038957377761,0.0091889887456785,0.0055789719962686,0.0119299703678335,0.0072243884983519,0.0057291745840682,-0.0007476253236886,0.0049093759776361,0.0031518024336506,-0.0047142631361796,0.0045180225999867,0.0047015136842993,0.001474828955412,3.5787125788715064e-05,0.0030619632867734,0.0016989199999999994
2020-02-20 00:00:00+00:00,-0.0027414967530613,0.0046304368739176,-0.0006633149650782,0.0017114205884518,-0.0022079997155184,-0.0044453660922489,-0.0005714530958723,-0.006987587813617,0.0025589205920364,0.0100380292580289,-0.002573227976897,-0.001185686907709,-0.0031339341966205,-0.003076746675339,0.0007351473220512,-0.00266882875
2020-02-21 00:00:00+00:00,-0.00949718246677,-0.0134070475013234,-0.0057995774081106,-0.0183430041023594,-0.0118315170899734,-0.0030689851974212,-0.0013046068461515,-0.009772881075567,-0.0001734224588509,-0.0045076340930174,-0.009896854360855,-0.007286565127009,-0.0026293894832952,0.0005760588033419,0.0008818722413487,-0.0081287025
2020-02-24 00:00:00+00:00,-0.0337691534187159,-0.039968470386087,-0.0287742424405798,-0.0392935077960707,-0.0283738885426716,-0.0276975497215045,-0.0254497747749258,-0.0217594737892196,-0.0243770334087995,-0.0273600955322603,-0.033403203287077,-0.0153481629304385,0.0019832792908171,-0.0024076676274367,0.0039400059070422,-0.00014060750000000023
2020-02-25 00:00:00+00:00,-0.0352245937864555,-0.0366262543010023,-0.0286836371743228,-0.0432206724564178,-0.0295759905004555,-0.0304074149522092,-0.0332478204968024,-0.0267504997546581,-0.0395675890057497,-0.0336018658843063,-0.0310624217736725,-0.0083186553989455,-0.0003036111220665,0.0031106664298246,0.0024312922695649,0.005174199124999999
2020-02-26 00:00:00+00:00,-0.0187787391833356,-0.0229566743981377,-0.0212244350427764,-0.023918210871165,-0.0069560880505091,-0.000234709720469,-0.009049773817234,-0.0033624968711457,-0.0077463889169659,-0.023013778413271,-0.0282615722900841,-0.0113242715631462,0.0025018096566622,0.0007191450554332,0.0020430149857642,0.011524815375
2020-02-27 00:00:00+00:00,-0.0322262736572639,-0.0384258747844008,-0.0342778684128804,-0.0582731450523494,-0.0426822767242216,-0.0349965560018685,-0.0357013780038135,-0.0439319635156025,-0.0440352843468376,-0.0472671498922211,-0.0435569995673238,0.0015334684587992,-0.00125079324634,-0.0034979860377755,0.0004761362963952,-0.003671467225
2020-02-28 00:00:00+00:00,0.0087483420452019,-0.0019368369157496,-0.0011126781142083,0.0168310461624009,-0.0167862194971225,-0.0044061047767912,-0.0086609808732648,0.0020441914319068,-0.0018531910598449,-0.0017841973981207,-0.0090017495120867,0.0134336820797686,0.0005214482170617,0.0056226477012777,0.003316880888947,-0.0023972100000000003
2020-03-02 00:00:00+00:00,0.0164684554383912,0.0179255245907578,0.0361644560818115,0.0275392048795431,0.0446594017554277,0.0384722680618559,0.0268805400829823,0.0244513939358505,0.0414433945526939,0.0342454495395267,0.0381811545116267,-0.0043749632639544,0.0064394348242288,-0.0008651846479289,-0.0025431497333677,0.007339754
2020-03-03 00:00:00+00:00,-0.0295059356947064,-0.0230966967400512,-0.0215730086342476,-0.012910590932294,-0.0297837780601563,-0.0266448510235034,-0.0238780349647073,-0.0245209048977132,-0.0046277753425063,-0.0132997359886803,-0.0240073628488094,-0.0089440372908499,0.0041030914539484,-0.002378264038129,0.0007632351057486,0.0004823162500000003
2020-03-04 00:00:00+00:00,0.024347768388059,0.0320923827637834,0.0370338543483057,0.0200217536340912,0.0288321758447592,0.049869710224343,0.0396533057287131,0.0387439841049619,0.0367154972242814,0.0385125199979745,0.0480934090716292,0.0017219968064731,0.0041238521461379,0.0026848102247969,-0.004569766687745,0.0015563349999999998
2020-03-05 00:00:00+00:00,-0.0393666764461417,-0.0530632813597147,-0.0195883414357485,-0.025492946865566,-0.0396092201256255,-0.0256704746084664,-0.0370869246304865,-0.0213242016031701,-0.0281729570840073,-0.0219202168280552,-0.020355083280233,-0.0081284125190293,0.0030457300984431,0.0030012464692577,0.0025965719384524,0.00460898525
2020-03-06 00:00:00+00:00,-0.0216515777656964,-0.0182047752313906,-0.0198391511935555,-0.0758212494933579,-0.0316283678264294,-0.0092921634118552,-0.0152417052263909,-0.0202320665023243,-0.0265013289243246,-0.0290732683048029,-0.0200709764788351,-0.0084262395009312,-0.002576088851213,0.0002172043702997,-0.0046404634725363,0.00353358525
2020-03-09 00:00:00+00:00,-0.0669756586788257,-0.0706064803738303,-0.0593357953887339,-0.2096486348151358,-0.0881799980142499,-0.0602808242026789,-0.077522988813759,-0.065193025731619,-0.085523174608931,-0.0902593663477678,-0.0928421513672865,-0.0213711836083013,0.0018331211994807,0.0098680362697269,-0.0064261475692515,0.024964893749999998
2020-03-10 00:00:00+00:00,0.036564773915108,0.0328576743912586,0.0291724566041742,0.0012989920077551,0.0372595175877905,0.0328532876120859,0.0429397853506293,0.0364886812932751,0.0270461176609204,0.0435339215705999,0.0206574454914875,0.0122395852452556,0.0014170507444756,-0.0077544003639407,-0.0053974967212276,0.00040865874999999885
2020-03-11 00:00:00+00:00,-0.0416278887008947,-0.0625213717202735,-0.0559814451198935,-0.0384125328255583,-0.0498272864522829,-0.0422036237991735,-0.0416701954338868,-0.0447561475052597,-0.0494179416495721,-0.0608493449453607,-0.0562147144200827,-0.0096033266962934,0.0022367910892425,0.0086470377392524,-0.0051793708439832,-0.0048036762500000005
2020-03-12 00:00:00+00:00,-0.1027481838098821,-0.1298343836068368,-0.1252437632821145,-0.0938625419480021,-0.1148956420041048,-0.0907405238442335,-0.1162732431442392,-0.112409786255948,-0.1104365685524303,-0.1204319730585427,-0.1343107418057681,-0.0159874073057801,0.0026920191608257,-0.0059885765430965,-0.0116913613767622,-0.00836874
2020-03-13 00:00:00+00:00,0.0927846316166281,0.0570783043720069,0.0900856691474567,0.078544509099602,0.1209717948028932,0.0783764243983109,0.0850353326142385,0.0938773521918078,0.0793147673181247,0.0927255070359443,0.0718876340113398,0.0176527346501801,-0.0072800549777665,0.0100664683598716,0.002100931336224,0.014064720499999999
2020-03-16 00:00:00+00:00,-0.0901017890631132,-0.1549895761569552,-0.070054655239686,-0.1208881857551542,-0.1114299176603756,-0.1019165808140755,-0.0993666843657823,-0.1120380542187419,-0.1133917533305817,-0.1670432630810044,-0.1188952696481596,-0.0241922177977589,-0.0071941226170821,0.0095060691334915,0.0112375689769388,0.021480882499999996
2020-03-17 00:00:00+00:00,0.0032408333624121,-0.0215989892946887,0.0389415045549065,-0.0413299912172114,0.0382860314032956,0.0225919330620011,0.0177486990080983,0.0440011188000319,0.04778776170845,0.024574124315338,0.082327483234318,-0.0150378213752151,0.0051450013168507,-0.0120010443108133,-0.016711723222704,0.014460635375
2020-03-18 00:00:00+00:00,-0.0615349806052719,-0.0768287831258872,-0.0363134639243058,-0.0994830063725045,-0.0550829925147434,-0.0360952536068456,-0.0603872804298309,-0.0432995580377803,-0.0525882151611563,-0.0850184715152033,-0.0555923971812199,-0.0204036258045929,-0.0050120916496929,0.019696681181002,-0.0028312191282658,0.024962345
2020-03-19 00:00:00+00:00,0.0376712908943751,0.0202190713047353,0.0129755655803257,0.0384080358386367,-0.0077031346735545,0.0141996402295627,0.001416762083022,0.0294016970037867,0.0325800069937978,0.0086300634738995,-0.0231817400852895,0.0256788597276181,0.0023230073948568,-0.0127960553919954,0.0090031107002812,-0.0018214495000000012
2020-03-20 00:00:00+00:00,-0.0406884874512125,-0.0080566973968847,-0.0292752344541974,-0.0067946908181076,-0.0394194801948039,-0.0328766713719435,-0.042980353921575,-0.0383188273945322,-0.032437092810975,-0.0451534646281581,-0.0529607150820151,0.011813727606214,-0.0025837642341641,0.0066269724122591,0.0106211378161774,0.0008859050000000002
2020-03-23 00:00:00+00:00,0.0250421514529713,0.016361824609809,-0.0068655407201726,-0.0481323692820242,-0.0481279140407815,-0.0290055857667861,-0.0208597854656903,0.0081752404930664,-0.0381947464162387,-0.0346543110383202,-0.0283285754333489,0.0121042708046456,0.0041219595099951,0.0159635178567417,0.0164622095930311,-0.019440515
2020-03-24 00:00:00+00:00,0.0721017007652836,0.140894404286168,0.0743552926848732,0.1153073093248197,0.1046757097868828,0.0928600424616816,0.1170164784062414,0.0938001620751425,0.1082955838526398,0.0726624919119931,0.1096316557862018,0.0292652381461768,0.0040107006196876,-0.0029161525114685,-0.001979375509088,-0.010416388750000002
2020-03-25 00:00:00+00:00,0.0257572550951514,0.0533276690972833,0.0306469782289339,0.0114781179805475,0.0275943012351199,0.0395912697241495,0.0372695037607111,0.0055773057404152,0.027394238633728,0.0564828754378084,0.0369305317196164,0.0184172456317696,-0.0045641943896898,-0.000162230928928,0.0079297555038846,-0.0033780849999999994
2020-03-26 00:00:00+00:00,0.0526877120923051,0.0348730740714503,0.0393999975727398,0.0544056971488939,0.0738856362349782,0.0675462078202048,0.0575510792850449,0.0657646477335014,0.0452754292677672,0.0613946193495726,0.0744301670153767,-0.0027742867013017,-0.0002223451761108,-0.0020170952984933,-0.007339032100798,0.00273123875
2020-03-27 00:00:00+00:00,-0.0660791735436337,-0.0530295923672659,-0.0314484396921328,-0.0390782807959316,-0.0237709801602556,-0.0341575857408473,-0.0449140949988173,-0.0487712958445367,-0.0381280613222305,-0.0056017499389713,-0.0066074900844957,-0.0164676646700829,0.0088904660086817,-0.0058066189720823,-0.0059798542913801,0.014512772499999998
2020-03-30 00:00:00+00:00,0.0257932424847956,0.0138246940361963,0.0290561598378032,0.0161916551637911,0.0256799542611965,0.0381480677783685,0.0259877428939034,0.0353584745053459,0.030608955849272,0.0046994168155672,0.0243420562527044,-0.0039445309698214,0.0049091886903958,-0.0011059856740978,-0.0101426763026434,0.014223585
2020-03-31 00:00:00+00:00,-0.0048510076695705,-0.0226699782845623,-0.0230172197487346,0.0054026991778174,-0.0414399670091419,-0.0118735555594582,-0.0145099438872121,-0.023268805947382,-0.0057549737159345,-0.038668567014369,-0.0435860779070773,0.0009389556255799,-0.0012512335264307,-0.0045989811415407,0.0002482152786829,-0.0010702349999999997
2020-04-01 00:00:00+00:00,-0.0569570106720667,-0.048273588016972,-0.0329501181033331,-0.0038518807975107,-0.0438932373692141,-0.0484057444368695,-0.0439966908857215,-0.0422169522376673,-0.0255713913183131,-0.059250336991551,-0.0608679907606412,-0.0178387305787459,0.001088596073903,0.0018025182713157,-0.0043681908310564,0.012408273749999999
2020-04-02 00:00:00+00:00,-0.0056234784644718,-0.0093733129014074,0.0079631255349783,0.1174961496915276,0.0189080796965871,0.0145690279832405,0.0122212660802234,0.0087019731028693,0.010580633527886,-0.0122231827569358,0.0215606229401291,-0.0072905167826661,0.0062790947756086,0.0019225108908646,-0.0044615024132186,-0.0013396012500000002
2020-04-03 00:00:00+00:00,-0.0261439540335034,-0.029304592465123,-0.0016688375213302,0.0145387091683612,-0.0208641592562693,-0.0128095241293788,-0.0208932708922808,-0.0195949536511507,-0.0212403823923024,-0.0120752999821855,-0.0338380981865285,-0.0043965330083354,-0.0003737140821686,-0.0013079855851061,-0.0012850718884851,0.0068723578749999995
2020-04-06 00:00:00+00:00,0.0971177893797525,0.1174277479720342,0.0688797126321483,0.0352752986654944,0.0752533379671232,0.0744889631512771,0.0755533067958833,0.0908194408997001,0.0689774882027729,0.0867250027697495,0.0827297017103901,0.020572661180698,-0.0031760554413242,0.002706931697968,0.0085452679248168,-0.011448045
2020-04-07 00:00:00+00:00,0.0147333284306704,0.0275755353055938,0.0140640181116274,0.0131420812400272,0.0076811446809023,0.0053207110074371,0.0089128554709357,-2.7451575330462523e-05,0.0175228341816669,0.0189933957681874,-0.0005237978181621,0.0070669475596069,-0.0093944981031832,-0.0005736266787529,0.0030263842927018,-0.0025206116249999995
2020-04-08 00:00:00+00:00,0.0322565983205168,0.0480429229108839,0.0335170926616938,0.073262508206436,0.0362016108627525,0.0544470586599805,0.0346300312812679,0.0390283148741239,0.0463223961633813,0.0780254184606393,0.0762874147628198,0.0103744818488309,-0.0073187149151055,0.0024295966674018,0.0041628331576101,-0.0087307725
2020-04-09 00:00:00+00:00,0.0167727187662428,0.0253522010060603,0.0254787119149219,-0.0074529557453684,0.0421433887410432,0.0167168864110522,0.0209841327299223,0.0108541059440905,0.0444617692532707,0.0582103755820608,0.047373151991201,0.0059889917390002,-0.0014622294259154,-0.0048759394994616,0.0048418237345811,-0.00266494125
2020-04-13 00:00:00+00:00,-0.0032449718439774,-0.0238221906468395,-0.0252438723763748,0.0065740115750877,-0.0249297938164349,-0.0258730509826548,-0.0292145734697972,-0.0079655301594361,-0.0173138901270227,-0.0423203735455726,-0.0301441569329516,-0.0079076047022709,0.011007162135893,0.0037468285651313,0.0061138649837915,0.010699505
2020-04-14 00:00:00+00:00,0.025067367119132,0.0357975629897168,0.0374871474299874,0.0035324423675086,0.0080492556998202,0.0273462341068192,0.0270937722039962,0.0297826743838202,0.0095930357702714,0.0235413732051105,0.0273611978490927,0.0026155593241479,0.009752803243924,0.0033791167509486,0.0057052307935548,-0.00483946125
2020-04-15 00:00:00+00:00,-0.0408811827771206,-0.0371896254795933,-0.036566509133765,-0.0410636946903603,-0.043918689752125,-0.019530437652004,-0.038639703692861,-0.0315991982116211,-0.0476483261944409,-0.0446832687365965,-0.0385644837219478,-0.0117454927998036,0.0069908861307921,0.0017706518937573,0.0013517430812976,0.00759473825
2020-04-16 00:00:00+00:00,0.017300476988073,0.0462629984892739,0.0252080845290239,0.0085429726070941,0.0289886990192667,0.0354522438359617,0.0214163397173756,0.026763769676852,0.0068092299695706,0.0047506382055018,0.0172457847574842,7.39032599643426e-05,0.0047131019395654,0.0131571347271177,0.0097529379670242,-0.008818546375000003
2020-04-17 00:00:00+00:00,0.010721571181585,0.00831113797955,0.0058581662226278,0.0527526016105514,0.0119647963791716,0.0154314039392738,0.0191716719253657,0.0048539806925472,0.0285224778213299,0.0111683989094322,0.0164238091578246,0.0035943174411004,0.0012971649828395,-0.0125639171646935,-0.0075345005121733,0.005267695
2020-04-20 00:00:00+00:00,-0.013370408517834,-0.0258316634086819,-0.0239633290378612,0.0047792319185807,-0.010843087064546,-0.0113057110560257,-0.0203671523319459,-0.0125881653147586,-0.0269330966667305,-0.0418430123809694,-0.0361003814755834,-0.0082577683271866,0.0029156026605154,0.001037370474401,0.007003854117252,0.0038820175
2020-04-21 00:00:00+00:00,-0.0289694929557937,-0.0198281962140739,-0.0244160021223236,-0.0225019747581821,-0.0326827473079755,-0.0360630578772304,-0.0250542523819552,-0.0384194123926229,-0.026214199042192,-0.0200415572527099,-0.0139263361159756,-0.0038135313215034,-0.0011719154644121,-0.0003581510817026,0.0012140276844369,-0.006486935
2020-04-22 00:00:00+00:00,0.0011850760818893,0.0205321115479374,0.0085733146941274,0.0548516347139771,0.006278959661136,0.0138106750302268,0.0124294528593624,0.0261102074562372,0.0187855376221718,0.0099976202561513,0.0216644863897742,0.0074830200256124,0.0081760870142913,0.0005380269001821,-0.0035289371675707,0.001424345
2020-04-23 00:00:00+00:00,0.0093904105025169,-0.0014077247091344,-0.0001193240359063,0.0200258237329803,-0.0089092602744084,0.0122627963166815,0.0051153358247876,-0.0018548983679376,0.0076892526008498,-0.0097562457544394,-0.0131019730653209,0.0053771777442412,-0.0057781500927238,-0.0010101221865545,0.0002833742512456,0.00018513125000000036
2020-04-24 00:00:00+00:00,0.0187717775627178,0.0224076965139884,0.0171799564181577,0.0146354636543821,0.0163497858460862,0.0161067916277428,0.0150798071654606,0.023655520085988,0.0179932638746517,0.005216045617582,0.0081156733431078,0.0055297990418082,0.0057338521023093,0.0007427026863653,0.0003403706782663,-0.0009269195000000001
2020-04-27 00:00:00+00:00,0.0411301682638939,0.0389734782721684,0.0202540399484119,0.0016783334101715,0.0368347434121144,0.0269349905926098,0.0287915511206699,0.0296026602522628,0.0293623621263075,0.0334779829003451,0.0129798714279363,0.0042662190961334,-0.0086886050174068,-0.0033515321084084,-0.000453918947397,-0.00945753
2020-04-28 00:00:00+00:00,0.0205709778927188,0.0154024505301545,0.0217317629059502,-0.0036206986834162,0.0066689807744869,-0.0075280641191154,0.0214177238797172,-0.0003839935418694,0.0147314893511589,0.0160099012415845,0.0145573333633413,0.0094333389668298,-0.0114634284698932,-0.0005501855093025,-0.0002296942490605,0.006542810000000001
2020-04-29 00:00:00+00:00,0.0543973277076729,0.0321591376246301,0.0330554750265408,0.0902533026923488,0.0325402959327099,0.035151805953761,0.0290632802073646,0.0547695904487896,0.0263637978450986,0.0289999846419049,0.0069794471310618,0.0169154377685441,-0.0125383704465341,0.0049181162620188,0.0091131562596351,-0.013305562500000001
2020-04-30 00:00:00+00:00,-0.0488838316279161,-0.0469309583495025,-0.040852183831582,-0.0256380770616855,-0.0361983155457106,-0.0257551359874735,-0.0343347620355119,-0.0423383479134254,-0.0371074020712991,-0.014834909640483,-0.0358357487161568,-0.0124864790147976,0.0067661013221652,-0.003738301952559,-0.0017608220236944,0.009343244862499999
2020-05-01 00:00:00+00:00,-0.0226519215670296,-0.0191047390401983,-0.0238800158842871,-0.0453904503192848,-0.021926826839198,-0.0281607763093418,-0.0238744456404672,-0.0287470051292214,-0.0175458094338837,-0.0392114172353177,-0.0243359509169575,-0.0098044883677323,0.0039662718066181,0.0027314076386026,-0.0002286203623322,-0.01232934425
2020-05-04 00:00:00+00:00,-0.0011605117260101,0.0030022444453347,-0.0023114818918749,0.0567907362170714,-0.0034791475107127,-0.0028750712419892,-0.0082114944436622,0.0013649042087862,0.0038983361366389,-0.0012703116414569,0.0078939001581545,0.001853050399209,0.0103923058693038,0.0012148365784069,0.005119348338943,0.00817112875
2020-05-05 00:00:00+00:00,-0.0038148123622863,0.0095731707136282,-0.0012185093729945,0.0269571155781345,0.0055573787321413,0.0165598216841704,0.0069942614908784,0.0130976771320672,0.0026605878313396,0.0049483631121833,0.0053279598963751,0.0022866489192014,0.0112710975104948,-0.0020911040693268,-0.0041711248222703,-0.0097816575
2020-05-06 00:00:00+00:00,0.0103496752435842,-0.0042570256072615,-0.0147338065758587,-0.0288857696993916,-0.0197055164647512,-0.0132711005002031,-0.0128417793468983,0.0019640316009431,-0.0239447871530527,-0.0218396622508561,-0.0414981705713655,0.0035454167153204,0.0120370242492776,-0.0029984610717354,-0.0019713542057111,-0.010620993749999998
2020-05-07 00:00:00+00:00,0.0137779391446754,0.021631677248501,0.0123272186465811,0.0268413905384327,0.0283696651409018,0.0180654338013883,0.0174752265336175,0.0205360683826098,0.0227572522788338,0.0223488325545185,0.0085715972144609,0.0037616496853075,-0.0044676670482055,0.0032741115624242,0.0036265461074157,-0.0023632995
2020-05-08 00:00:00+00:00,0.0392522257200645,0.0249551433817229,0.0323859656857865,0.0317159534686075,0.0152827886735552,0.0207605706602619,0.0237800393687685,0.0291748482853029,0.0292671049384781,0.0235754919156299,0.0252970086112251,0.0069306267366049,-0.0059069776171699,-0.0021075472430454,0.0010424747592199,0.00101274875
2020-05-11 00:00:00+00:00,-0.0129254783736125,-0.0095626969279015,-0.011090552176797,0.0054231494389484,-0.0100438335283802,0.0087467127040583,-0.0103041224127633,-0.0048424089359317,-0.0210247248907126,-0.0153995278792632,-0.0113156644188786,-0.0061173717394066,0.0109592597667878,-0.0005627265037104,0.0023446074058169,0.011991900875
2020-05-12 00:00:00+00:00,-0.0287125003609638,-0.0336932434445647,-0.0198041372331446,-0.0071399948695091,-0.0319384032881849,-0.0331527004693897,-0.034849434580172,-0.030693771204503,-0.0239842994863436,-0.0496898506287972,-0.0160906450006227,-0.005227709853906,0.0043990890452421,-0.0019031090750254,0.0007143948451796,-0.0045508582499999995
2020-05-13 00:00:00+00:00,-0.0202811706268781,-0.0204637777344489,-0.0153349239055036,-0.0166039598758331,-0.0222916260557224,-0.0207609868216414,-0.0197967708041709,-0.0187784265144987,-0.0222342158418686,-0.0186581727311079,-0.0115681878891025,-0.0070540240281374,0.0077320068112687,0.0050377119042468,0.0021987349936075,-0.0042295973750000005
2020-05-14 00:00:00+00:00,0.0176239984025399,0.0124542310239423,0.0071904338634884,-0.0025445835546879,0.0189525651331506,0.0125777332396134,0.014300296126067,0.0106562907762808,0.0118048333020382,0.0065269239683786,0.0110707291186776,0.0082391328681285,-0.0021261604646947,0.0032546547231175,-0.003716691858083,-0.0024751037500000007
2020-05-15 00:00:00+00:00,0.0099162842505235,0.0151296560807742,0.0016060914665637,0.0135789455566616,-0.0029939077081415,0.0066027663239802,-0.0015024903478299,-0.0066685754025776,0.0026204221774195,-0.0026416534382519,-0.0125379878380432,-0.0013491474814485,0.0050180987676202,-0.0047201227463301,0.0021568432488435,0.009766423749999998
2020-05-18 00:00:00+00:00,0.0572898030331492,0.0566342922447448,0.0487743746021261,0.0338091397124293,0.0484149017758705,0.0484958560711735,0.063797492062237,0.0497361795826736,0.0513618009977339,0.0673297837097777,0.0610808485144823,0.0104403710260353,-0.0232404532231984,0.003017662832924,0.004101966695165,-0.005188737375
2020-05-19 00:00:00+00:00,-0.0049421956890669,-0.0045009554790367,-0.0178361613284038,-0.0192283400851424,-0.021458656925803,-0.0157548823389434,-0.0133646264633526,0.0029695768474754,-0.0118407007309492,-0.0137627527754793,-0.019135440594548,-0.0015923378202622,0.0022784869420752,-0.0017472555112521,-0.0006647193339725,0.0039767775000000005
2020-05-20 00:00:00+00:00,0.0144313853109052,0.013394517074992,0.0179451815533583,0.0334806516321617,0.0216343475398457,0.0144966878418492,0.0183017692128052,0.024695907872821,0.0208619662059865,0.0130530364659844,0.0077822517088248,0.0059183342874886,-0.0002848151737146,0.0004786728478655,0.0012047853270315,-0.0025661937499999996
2020-05-21 00:00:00+00:00,-0.0009334303810333,0.011023518435909,-0.0093375394391013,-0.0227687716038265,-0.0020660576279813,-0.0052848730125762,-0.0005044156313273,-0.0128026837288386,-0.0099185681121538,-0.0054545293420335,-0.009585667068922,-0.0006383405789666,-0.0057828755112553,-0.0008612406583228,0.0001154287209117,0.0012105012500000002
2020-05-22 00:00:00+00:00,0.0048252147920025,0.0005837681197157,0.0015471641687853,0.0059943987388638,0.0037255991756927,-6.146908243517725e-05,-0.000544895515808,0.0019675665038933,-0.0004340076721479,0.0095704591263669,0.0059649472664826,-0.0004788194729197,0.0068529442069833,-0.0019681954076474,0.0029236595929937,-0.0002477487499999997
2020-05-26 00:00:00+00:00,0.0217026274818019,0.0358710330653507,0.0259413044119432,-0.0054648240770817,0.0342752296734837,0.0193621187370916,0.043700564698339,0.0199354264428475,0.0388618017152784,0.0405015165337522,0.0133910695836202,0.0102175686875324,-0.0210810738671531,-0.0006890628705983,-0.003343804087262,-0.00059068
2020-05-27 00:00:00+00:00,0.0272715844770042,0.0264875051285294,0.0355732656971565,-0.0170570708477641,0.0250584189758854,0.0218254082386317,0.0289264940165003,0.0129880753291495,0.0202076205352784,0.0114887419727071,0.0069774830957787,0.0068302488992181,-0.0113254344604981,0.0010470537189448,-0.0054922406092547,-0.0044818407499999996
2020-05-28 00:00:00+00:00,-0.0178342549705534,-0.020329671594726,-0.0094034371674772,0.0061459156237398,-0.0037297282365042,-0.0017911119916205,-0.0120462853138768,-0.0075319861705644,-0.0042225929302961,0.0023369221972787,0.0264982744154316,-0.0092205563113718,0.0098166868800016,-0.0026529711879779,-0.0017984131400845,-0.0037618148750000005
2020-05-29 00:00:00+00:00,0.0063191195755336,0.0044078430803813,0.0032693038944302,0.0003704681169399,-3.730996194967512e-06,0.0055430386939463,0.003768448652467,0.0128344732065398,0.0008524641088545,-0.0074165125662583,0.0054625814725922,-0.0031908469251619,0.0094768535014107,0.0028580215302825,0.0043772168572352,-0.0015389025000000001
2020-06-01 00:00:00+00:00,0.0034675728941838,0.0060896637182398,0.0053505940621697,0.0016603042959725,0.0028992854198856,0.0009116312213357,-0.0012179351497827,0.004711352594054,0.0054101018132243,0.0215600679711318,0.0107755050181094,0.0022919588951562,-0.0038310401612487,-0.0025559866609675,0.0034987406485953,0.0008711632499999999
2020-06-02 00:00:00+00:00,0.0120377448460556,0.0148019785426521,0.0156554851119206,0.0301310657307853,0.0102829621119647,0.0134002059717976,0.016009469690031,0.0166713815139814,0.0229555071113568,0.0132132128596416,0.0097166754502661,0.0076100096267683,-0.0011605069651709,0.0015573475467892,0.000624868385775,-0.0050565801250000006
2020-06-03 00:00:00+00:00,0.0321801295886143,0.0315304797674135,0.0170771731470258,-0.0032576681910484,0.0282682048731539,0.0125931460104645,0.0345838775034743,0.0235673856369291,0.0249848572016625,0.030549227492255,0.0178323261921883,0.0084284273241195,-0.0123760842192537,0.0006683151447119,0.0014693400164608,-0.0089605125
2020-06-04 00:00:00+00:00,-0.0086900821925279,-0.0104158713966487,0.0027983583700379,-0.0137029789457699,0.0121011168432687,-0.0011031942369007,0.0085949557086888,-0.0003972859064207,0.0083127535831357,-0.0086233874112428,-0.0110718601673138,7.089184372191186e-05,-0.0143160978037091,0.0042261278795022,0.0036951227965707,0.0031138821250000005
2020-06-05 00:00:00+00:00,0.0245346908053061,0.0289316915139226,0.0275015740751865,0.072992096892399,0.0265526162264533,0.0365453814835354,0.0321823131121664,0.030303364487767,0.0258900260910451,0.0390960482675456,0.0268615828562019,0.0096589246791239,-0.0138507005481335,0.0047787747470472,0.0035356360621217,-0.0009557649999999999
2020-06-08 00:00:00+00:00,0.0196249145013371,0.0118456900786388,0.0151792889817234,0.0449710347399291,0.0180863351108974,0.0205586302965416,0.0156934146823014,0.0143634382571886,0.0045444091703906,0.0190079099158733,0.0318855621339221,-0.0033808539434497,-0.0174949573370493,0.0035513742416961,0.0090592906319354,-0.0006993200000000002
2020-06-09 00:00:00+00:00,-0.0223734840019747,-0.0231064337269368,-0.0197194789343071,-0.0337442638012107,-0.0140511135458413,-0.0304666523791492,-0.0227451531554799,-0.018381611662486,-0.0119873528637433,-0.0131043202568562,-0.0316148767334813,-0.0039989960697579,0.016453274810129,0.0010670971187556,-0.0049690964383588,0.012980087500000001
2020-06-10 00:00:00+00:00,-0.0138192830935687,-0.0184020341247751,-0.0212346456862263,-0.0261013182110999,-0.028990510452399,-0.0234170646942507,-0.0244023136083034,-0.0134306657253943,-0.0144347569752991,-0.0216133789393422,-0.0090868679130982,-0.0062389662608671,0.0207878305415551,-0.0037088228062292,-0.0019918651867766,0.0027850799999999997
2020-06-11 00:00:00+00:00,-0.0586328050304761,-0.0502628865951483,-0.0425038009208799,-0.0741068627415229,-0.0564248681133313,-0.0603370786385829,-0.052559445475433,-0.0587037408287012,-0.0741124517655238,-0.0537544088968015,-0.041198163963026,-0.011576815609893,0.0038389122065334,0.0040728708213364,0.0032312678338355,-0.00105609052875
2020-06-12 00:00:00+00:00,0.0112665996138384,0.0083074577899315,0.0079903379453675,0.005304008133153,0.0148951094497144,0.0167961133827254,0.0085400999670475,0.0128902016056098,0.0207394036847454,0.029432878435862,0.0030954093160139,0.0084232172397375,-0.006169617936035,-0.000563094526246,0.0023305165280839,0.0017696075
2020-06-15 00:00:00+00:00,0.0210990222326902,0.010994749816626,0.0222126941085538,0.024193688773678,0.0214307241023735,0.0154912815630746,0.0163983591626637,0.0177885256658366,0.01361188309067,0.0087936017920083,0.0138714420007649,0.0059750261253102,0.0056211976576977,0.0013264601916364,0.0061079176011521,0.005251153875
2020-06-16 00:00:00+00:00,0.0040369003169792,0.0108184404217251,0.014949178600594,0.0133176378452505,0.0094294129743694,0.0148900709627336,0.0135435640554296,0.0145201543270883,0.0245096572863919,0.0169170105328437,0.0023142595858657,0.0036072167472352,0.0025666487349874,-0.0036127278719908,-0.006959721474671,-0.007463858875
2020-06-17 00:00:00+00:00,0.0006538667072208,-0.0014519881742869,-0.0064445547007326,-0.0208370878097501,-0.0070847914264085,-0.0088881119003565,-0.0053795430649772,-0.0068863927356654,-0.0106387455987906,-0.0123840118308877,-0.0052103279649571,-0.0015784046410197,0.008299928443908,-0.001540984729686,0.0002480710065246,-0.004255905
2020-06-18 00:00:00+00:00,0.0077262450427642,-0.0037369471594655,0.0095287259359783,0.0187768515757811,0.0043294838738734,-0.0008197010028661,-0.0006436850941267,0.002253106839471,0.0031390693304507,-0.0076414494770093,0.0044849610516665,0.0011266088131346,-0.0022425532027491,0.0044343216364477,0.0040630119953782,0.0008665041250000001
2020-06-19 00:00:00+00:00,-0.0213035289551994,-0.0206855747104849,-0.0153450757292769,-0.0129427801452997,-0.0087719949238608,-0.0018672565549346,-0.0132805352805607,-0.010780477599675,-0.0093820018627504,-0.0239060952068796,-0.029587610714577,-0.0034541239204728,0.0081719412239144,-0.0035996294836327,-0.0019007956143434,-0.0009653687500000006
2020-06-22 00:00:00+00:00,-0.0003187461962879,0.0088898043829047,0.0021503470356131,0.0093093720860978,0.0040578820739562,-0.002300533915605,0.0074601121496639,0.0075583894005409,0.006046042827832,0.006774289721923,0.0089409739241757,0.0012238092583887,0.0053465870539134,0.0036732306509186,-0.0014550119775632,0.0029872412500000006
2020-06-23 00:00:00+00:00,0.010555150680094,0.0017703295670509,-0.001244890334992,-0.014592774977841,-0.0028877084316402,0.0058892271753056,-0.0028521074012682,0.0008383446963656,-0.00077037693867,-0.0060240137590484,-0.0111222242240043,0.003246209894859,-0.0021380011460894,5.62867451554204e-07,-0.0007568080017519,-0.0017304133750000003
2020-06-24 00:00:00+00:00,-0.0313744957087311,-0.0347987740652593,-0.0310007697879909,-0.0428186472867869,-0.0305121446700509,-0.041632387261363,-0.033996942575328,-0.0283747277770416,-0.0320092089936356,-0.02366704331832,-0.0139862207823085,-0.013450279064833,0.0039628974769503,-0.001570295558289,-0.0013673027485082,-0.00044367350000000007
2020-06-25 00:00:00+00:00,0.0060221626476295,0.002113873928771,0.0114406834487732,0.017789524189787,0.0198812887820339,0.0107952200488185,0.0121460836925293,0.0092639804216041,0.0104982605941816,0.0126785213598113,-0.0051552326478819,0.0052239484294506,0.0022479320919155,0.0019600825449643,-0.0004041610415576,-0.00018312499999999948
2020-06-26 00:00:00+00:00,-0.0276162008383382,-0.0171071389190285,-0.0274295445122917,-0.0310653662602716,-0.034266306901764,-0.0161575282755431,-0.0159544601252943,-0.0158587920621424,-0.0138296147086481,-0.0173068037109636,-0.0177829634622396,-0.0053654616776834,0.0011131870296999,-0.0034313074712809,-0.0043407912189905,-0.0076679275
2020-06-29 00:00:00+00:00,0.0253770542584193,0.0325281412163357,0.0285185692109612,0.0024198916270431,0.0099637937396267,0.0199395487709424,0.0297425334470556,0.0194569010662566,0.0204458163066161,0.0171586913562603,0.0255334240004885,0.0056586376083951,-0.0083072592656895,0.0037387991286351,0.0038984773823632,-0.0034520783625000004
2020-06-30 00:00:00+00:00,0.0049867859978598,0.0047276840531128,0.0041681717307316,0.0352314145436554,0.0174896813597125,0.0156356321135092,0.0123187380180415,0.0092303797329642,0.0127421983589049,0.0131216956154423,0.0035370235516953,0.0019786369507643,0.0085120423752351,-0.0020269573076856,-0.0013562590421926,0.004495872749999999
2020-07-01 00:00:00+00:00,0.0140034151669298,0.0028326189057186,-0.0042568887446121,-0.0207663494420627,-0.0074586435487768,0.0001125379869405,-0.0072889650119504,-0.0102696830138765,0.003199212764217,0.0236296033195831,0.0232415686832516,-0.0039739460959172,0.0024704761649748,0.0031517329831372,0.0014059684445622,0.0028034375
2020-07-02 00:00:00+00:00,0.0005491391979068,0.0068629854216333,0.0034582907261803,0.0174854380780634,0.0033135176357631,0.0063801803122329,0.0100707267783751,0.0073006109143011,0.0205101974329019,-0.002725074163731,0.0041753592251509,0.0002951077894021,0.0012875258776999,0.0007588898296622,-0.0003601115271466,-0.0015625072500000004
2020-07-06 00:00:00+00:00,0.0128033180920605,0.0167461945118213,0.0046321995060616,0.0014260530652554,0.0161449910741867,0.0094152397955996,0.012593387155108,0.0170920286283575,0.0185902781684656,-0.000389884044894,-0.0024044036969471,0.001391434932545,0.0007091704983887,0.0018726146412614,0.0025103150473648,0.006768919875
2020-07-07 00:00:00+00:00,-0.0105417199166612,-0.017293301199865,-0.0063574473322108,-0.0150054403120116,-0.0146085206784812,-0.0161307251672869,-0.014889027754049,-0.0175531565323397,-0.0065746062869051,-0.0196708783249996,-0.0077848775949734,-0.0083010095243347,0.005293370210818,-0.0003332995729332,-0.0002293264645785,-0.00232669125
2020-07-08 00:00:00+00:00,0.0006984457787535,0.0080974200882608,0.0001859273482626,-0.0046042230689499,0.014057097116867,0.0014034183376817,-0.001705204532612,0.0129319438343422,-0.0208205023638606,-0.0012654335554255,0.0096520303101186,0.001904652331888,0.0047818394196601,0.0009270690224659,0.0035882887067565,0.0035851737499999997
2020-07-09 00:00:00+00:00,-0.0172910400099548,-0.0136775120374142,-0.0152921125817799,-0.0333220773668437,-0.0183837378014775,-0.0129898000104184,-0.017646368880515,-0.0001505215819363,-0.011997097008739,-0.006185838202239,-0.0153623760528031,-0.0086043205594798,0.0064062906845187,8.697205453658729e-05,-0.0004158061947406,0.014085818750000001
2020-07-10 00:00:00+00:00,0.0289109914660734,0.0152753014861048,0.0258268271390704,0.0144773785347391,0.0251405079943703,0.0054985742829167,0.0131268683635941,0.0005528669564673,0.0249362581081438,0.0065799915982553,0.0233392960693182,0.0066731035811408,-0.0069797258689485,0.0030866244306681,0.0026697402479958,-0.0037859249999999994
2020-07-13 00:00:00+00:00,-0.0114512658150412,-0.0028815491329339,-0.0042428480430608,-0.0232743931390416,-0.0033199415492612,0.0036411510393724,-0.0003028377239416,-0.0142150611262866,0.0013515122660301,-0.0110706404363839,-0.0053436064867366,-0.0001212148354954,-0.0074022095166627,-0.0013163065754802,-0.0046551180011416,0.0013107697750000002
2020-07-14 00:00:00+00:00,0.0193865537439835,0.0211250957695921,0.0259640357112392,0.0476479651616239,0.0145532639898384,0.0305767696071902,0.0267629822675332,0.0139761328704134,0.027011669686738,0.010729100387187,0.0136147176640492,0.0047949370148465,0.0022965006903893,-0.0009283546915715,0.0032473887142696,-0.006590384750000001
2020-07-15 00:00:00+00:00,0.0196140251948065,0.0249493004462199,0.0108623883500477,-0.0011419390523307,0.0132830743644738,0.0266579367205407,0.01990370698088,0.0141464224078927,0.0131739569174097,0.0043390626558396,-0.00279530190484,0.0055416556721065,-0.0060220363036563,-0.0061743056081173,0.0017004894003302,-0.0061924125
2020-07-16 00:00:00+00:00,-0.003397434173132,-0.0030626995371971,-0.0027591431151798,0.0004103876160717,-0.0001286115696114,-0.0054538084359768,-0.0018502455600518,-0.0053768614988214,0.0019123300259392,-0.013680700106998,-6.0405462675752246e-05,-0.0019610744176545,0.000702394725174,-0.0042648453816073,-0.0053943604434632,0.005421456250000001
2020-07-17 00:00:00+00:00,0.0010758015121991,-0.0025753561416031,0.005626188162572,-0.0035343905986966,-0.0017350198946353,0.0169152807277077,0.007047878184112,0.0084288837232968,0.0051422376677428,0.0110329545952139,0.0262741371578075,-0.0014018696300965,0.0061590426475176,0.000473501664293,0.0023977320459714,-0.010906699425
2020-07-20 00:00:00+00:00,-0.0032002202722386,-0.0027036147330748,-0.0142170912817258,0.0024226154378947,0.0002664254737833,-0.0067978850116033,-0.0073815009064546,0.0140880678799298,-0.0079778592849209,-0.011605448192173,-0.0124825008153837,-0.0038853378697533,0.0086409660184813,0.002627256290878,0.0006905000432568,0.009676659999999998
2020-07-21 00:00:00+00:00,0.0052039723541371,0.005809131761481,0.0174795442639785,0.0527271550757097,0.0133898524590005,0.0102977265036374,0.00986099123938,0.0001300231437843,0.0089077665109477,-0.0034307177917564,0.0013566970081202,0.005667157434397,-0.0046789930764268,-0.0002041849925718,-0.0014304866669527,0.004058415249999999
2020-07-22 00:00:00+00:00,0.0072486571721224,0.0141110258449226,0.0041837065439517,-0.0122648529455206,0.0038515089313906,0.0081018533867321,0.0063527066947699,0.0021095181431232,0.0065023934817014,0.0148022726461043,0.0137332240184357,0.0007075801104164,0.0017433160417195,-0.0041162270978551,-0.0028132613534064,0.011434165
2020-07-23 00:00:00+00:00,-0.0028567513214537,-0.0060691110263916,0.0057600788586274,-0.0032868592573988,-0.0031094213349863,-0.0010048274300944,-0.0016842594521721,-0.0024569678629568,-0.0079013954119146,-0.0117746106919649,-0.0059292303676943,-3.759013551034326e-05,-0.0059074674595646,-0.0039149435449868,-0.0027769314524237,0.010060402874999999
2020-07-24 00:00:00+00:00,0.0032183005942045,-0.0047826599581377,-0.0051180306695588,-0.0020313132259892,-0.0056779218556302,-0.0138167787999681,-0.0085562101196538,-0.018710566114364,-0.0017365994962293,-0.006836202618733,-0.0058979195334415,-0.0015164695247866,0.0016437189847017,-0.0009756354000721,0.0001152284717749,0.017872868
2020-07-27 00:00:00+00:00,0.0054987386700282,0.0047926108649879,0.0057171233064133,0.003681218489751,-0.0009579282988206,0.0111089845999686,0.0100105580590803,0.0195263697176282,0.0145734501594829,0.0082148444194445,-0.0113541666461826,0.0021831335534674,0.0098790038160173,-0.0017774024557528,0.0002064149825772,-0.005839265000000001
2020-07-28 00:00:00+00:00,-0.015967169183717,-0.0056150246907621,-0.0017413710032014,-0.0226673106591328,-0.0078327664900602,-0.0083966354641657,-0.0057826964535184,-0.0131822688749883,-0.0236274655023391,0.022350828939076,0.0123775516913759,-0.0049146811006689,-0.0064771050477352,0.0032151021698107,0.0021508304893709,0.01027694
2020-07-29 00:00:00+00:00,0.0095310227558602,0.0150569467104007,0.0158714609610521,0.0371294013281256,0.0200396179584742,0.0170729843143888,0.0153061688228296,0.0185019025287826,0.0063838990391869,0.0152042724632697,0.0077624935715641,0.0074631684176507,0.0057254709328124,-0.0038417414140494,-7.414366807000154e-05,0.0037522812499999995
2020-07-30 00:00:00+00:00,0.0025951174164099,-0.004691123553411,-0.0058189801541945,-0.0228271739753361,-0.0130644077086352,-0.009387036917125,-0.0074900305283242,0.0072822855158508,-0.0222333295561688,0.0037491138819389,0.0010546596947,-0.0018951295039451,0.0044121476623179,-4.440525069859069e-05,0.0024397714907142,0.009761051250000001
2020-07-31 00:00:00+00:00,-0.0035687434221351,-0.0090579810626932,-0.0062514607871153,-0.0012746310272465,0.0001228452021885,-0.0097852670976915,-0.0037186670083165,-0.0020015526366615,-0.0067043420574667,-0.0014090468610866,0.0011059369976577,-0.0046900380237773,0.0022953749020545,-0.0028683015880343,-0.0020791242579019,-0.0030912837500000007
2020-08-03 00:00:00+00:00,0.0160070429196749,0.0002565861828843,0.0018032745888786,0.00980569590285,0.0040094285318435,0.0098125930167634,0.0108017777518658,0.0110784789539513,0.0059880564797467,-0.0153053606972668,-0.0069168403207832,0.0011116741390087,0.0054926826399498,-0.0026463709861905,0.0033381511677592,0.004798282499999999
2020-08-04 00:00:00+00:00,0.0103730660082383,0.0057787987566837,0.0127444920077526,0.0255426445848754,-0.0048981237807759,-0.0058570098347926,0.0042305563656932,0.003749525220814,0.0167367010784525,0.0143959579822876,0.0065454570913756,-0.0015864587144284,-0.0027450878368645,0.0024561564113762,0.0040459687549447,0.001339459999999999
2020-08-05 00:00:00+00:00,-0.0050447448419099,0.0078679420498447,0.0052611470924812,0.0076239454415872,0.0122339518685009,0.0072068326337625,0.0152038917103433,0.0006886437076679,0.0173010302494946,-0.0029468807543412,-0.0113175399554408,0.0058692794468666,0.0005955781657893,0.0001008714795052,-0.0003502186320775,-0.0019413243749999993
2020-08-06 00:00:00+00:00,0.0124155880855617,0.0131348228671905,0.0053843362551205,-0.0174426174193827,-0.0044771978609156,-0.0069064525445028,0.000828893512691,-0.004644650299093,-0.0081702125124243,0.0043063782110469,0.0113506380210946,0.0058996339083979,0.0043813053228109,0.0011934827386313,-0.0002801916555761,0.00437392
2020-08-07 00:00:00+00:00,0.0139305200580873,0.0036346824439241,0.0065117164960736,-0.0027112647575429,0.0170780931586625,0.0091710331758873,0.0136050347014567,0.001765040804267,0.0061327184696599,0.011948105703757,0.0149888649393821,-0.0009132807474931,-0.0085933644918817,-0.0042998666955969,-0.0009286449339444,0.0015830796250000004
2020-08-10 00:00:00+00:00,0.0097398550825279,0.0221235009323012,0.0162857043648582,0.007007321308606,-0.0023235981292498,0.0034087392263955,0.0172471794224873,-0.003865283333739,0.0195792103947975,0.0014110570711887,0.0047766031659708,0.0105291775811065,-0.0076994861257201,0.003196280635756,-0.0031866161571233,-0.00514736375
2020-08-11 00:00:00+00:00,0.0001719860156874,0.0103506544529549,-0.0005520920830084,-0.0192226421201536,0.0073054595888539,0.0019015292991568,0.0073157041527835,-0.0023938683789507,0.0057890379586208,-0.0095288272997226,-0.0209688842935007,0.0042149027091329,-0.0070284348713483,0.0011293457902589,-0.0005892345530311,-0.00943480375
2020-08-12 00:00:00+00:00,0.0057203507657588,0.003030081478788,0.0130788245972675,0.0247516926407506,-0.0032896186607265,0.0087258555647277,0.0024364972384699,0.0030556105338769,-0.0004589898783316,0.0108476391185499,0.0144876498795852,0.0035584209786279,0.0118098883891671,-0.0004159966403014,-0.0036834751508149,0.009333726249999997
2020-08-13 00:00:00+00:00,0.0055605488046741,0.003941795047256,-0.0027962441329299,-0.0116517196357752,-0.0031077653303833,-0.0041583967742794,-0.0043414273222935,-0.0004451207660417,-0.0024251694225612,-0.0128272210752234,-0.0009009619183552,-0.0016795668330877,0.0054982236541123,0.0006645486761554,0.0025893525030647,-0.008201296125
2020-08-14 00:00:00+00:00,0.0022599094536681,0.0003359355926093,0.0023056250714354,0.00674773069096,0.0022911315816715,-5.0165845169540695e-05,0.0029778536069318,-0.0053927013766324,0.0042478820270183,0.0029358583473968,-0.0054598880814111,-0.0009591607187259,-0.0039405901999883,-0.00014585935126,0.0026278792442498,0.0012210598750000004
2020-08-17 00:00:00+00:00,-0.0046208596374458,0.011785379891492,0.0030347250053994,0.0109953171551909,-0.0039435398385946,-0.00061630188771,-0.0035597075467005,0.0008067851753053,0.0014353997524257,0.0100395005107807,-0.0019665811026559,-0.0018659359930184,0.0099739751035574,0.0005437716186669,-0.0003439872097357,0.00275657125
2020-08-18 00:00:00+00:00,0.000759049417244,-0.0016416809402385,-0.004035217331886,-0.0141240213419799,-0.0062041037366132,-0.005886277098576,-0.0036168178940444,-0.0016858035888003,-0.0018890045962676,-0.0045198876027988,-0.0031111893797544,-0.0032584007723178,0.0008530863959243,0.0007033027452891,-0.0001912618677695,0.00726248625
2020-08-19 00:00:00+00:00,-0.0026476064574194,-0.0082101173112861,0.0006211974114114,-0.0125946963821329,-0.0018259324030361,-0.0041190539972217,-0.0035636954416949,-0.0010228411740849,-0.0060717213527072,-0.019035459167813,-0.0046035038761757,-0.0004068559569529,-0.0005198919176063,-0.0008370329850961,0.0010164983193755,-0.004041977499999999
2020-08-20 00:00:00+00:00,-3.209752605078585e-05,-0.0012421636549177,-0.00764925703217,-0.017020546140241,-0.0072563383295046,-0.0095044671978,-0.0021029662540037,-0.0029847215249375,-0.0029910808753049,0.0151837392478405,-0.0086379664031452,-0.0031928669243974,0.003714562634244,0.0035712170411965,0.0019889938646468,0.003866153875
2020-08-21 00:00:00+00:00,-0.0079322471348647,0.0101019885448015,0.0011713377894212,-0.01029306325429,-0.0049167963877153,-0.0025013732882863,0.0007959779308823,-0.0009971919688908,-0.0067550112019654,-8.279345891819523e-05,-0.0004202185234946,0.0007692808460092,0.0012973496187553,0.0007319116060808,-0.0016373805505614,0.0037385435
2020-08-24 00:00:00+00:00,0.0196917825842886,0.0171903041148009,0.0176486729119149,0.0013851852405688,0.0161758426323328,0.0050459643884927,0.0170363885482933,0.0119741645153635,0.021778507376257,0.0056864560427914,0.01066831487752,0.0063901688788804,-0.0107129644033997,0.003881312420751,-0.000342414688352,-0.0035748216250000003
2020-08-25 00:00:00+00:00,-0.0019386570168768,-0.0020671229408736,-0.0032818124319953,0.0030806537319924,0.0030756028024493,0.0061554545047302,-0.0030202041448074,0.0057320686030895,-0.0066439318374624,0.0057651713800461,-0.0083953526224452,-0.0012424627988295,0.0017234666705233,0.0023447487942734,-0.0007164689656308,-0.00033530250000000006
2020-08-26 00:00:00+00:00,0.0099804656795226,-0.0038214628573889,-4.340242246997649e-06,-0.0179965756614943,-0.000679477887759,-0.0032383923985918,0.0042723223067976,0.0060280664258952,0.0091149877282079,-0.007666870344174,-0.0101914119351808,-0.0031998342174541,0.0046957957315528,0.0014510940724432,0.001680900572513,-0.004463324499999999
2020-08-27 00:00:00+00:00,0.0080063470340865,0.006637466560998,0.0076898919124645,-0.0114460529315777,0.0132760046911776,0.0131659132782109,0.007192765647891,-0.0034710232891938,0.0009271983014015,0.0148156421793079,0.0066080349564949,0.0034748176087043,-0.0072597082766712,0.0031307184812117,0.0027420989263804,0.004657690249999999
2020-08-28 00:00:00+00:00,0.0084784314020401,0.0072336942926521,0.0094530699447333,0.0072492642060583,-0.0009127122170521,0.0041913842880775,0.0076798529496677,0.0150263098081465,0.0065428349517855,0.006769272289547,0.0052971819848681,0.0061352197896644,-0.0015298958579599,0.0013255630687982,0.0009764061137849,0.00020221987499999998
2020-08-31 00:00:00+00:00,-0.0111825962996348,-0.0114585036118411,-0.0094932370535491,-0.0072964845291081,-0.0070446924887414,-0.0024011115061795,-0.0101527823085666,-0.0032201299949137,-0.0126126157717713,-0.0099750084349557,0.0032991321608447,-0.0070065610800228,0.0039815479155334,-0.0006023348531495,0.0006075999246244,0.00765243125
2020-09-01 00:00:00+00:00,0.0100206741397794,0.0085198725576643,0.0014261516854907,-0.0030713912876951,0.0031220334879045,-0.0062273610684855,0.0095887674471049,0.010578943577598,0.0265140307355847,0.006250493730439,-0.0084689797165026,0.0059307359239937,0.0082819071907448,0.0009677940226267,-0.0016655241001493,0.0021601416249999996
2020-09-02 00:00:00+00:00,0.0143795587302602,0.0150287319689128,0.0206593972039135,-0.0078762350988211,0.011964238789525,0.0247227255707569,0.0148147513519608,0.020520284683578,0.0184596020567511,0.0178570380799715,0.0229005167201532,0.0038396425813407,-0.0027595703619703,-0.0006665064481053,-0.0057849267069966,0.0052789212500000005
2020-09-03 00:00:00+00:00,-0.02789146278516,-0.0290972387778153,-0.0248393165087792,-0.0296356263990561,-0.0251774249319801,-0.0264992189012541,-0.0322722319592548,-0.0513630819681092,-0.0306234246777207,-0.019260437427733,-0.0208177929647826,-0.0046341933970372,-0.0176688517953683,-0.0045929829281158,-0.0011818974710125,-0.009583995000000001
2020-09-04 00:00:00+00:00,-0.0036624956255665,-0.003041351931218,0.0078984484962933,-0.0170280465822644,0.0042450453062291,0.0006244428031256,0.0056748427820639,-0.0023909132174331,0.0111700634971329,0.0010318084080019,-0.0029280284280769,0.0043729062411856,-0.0064546180836484,0.0042331866644507,0.0035133452332961,0.006938994499999999
2020-09-08 00:00:00+00:00,-0.0185543161415971,-0.011352633924039,-0.0306042984452242,-0.0520674579876691,-0.0312179486658161,-0.0222131118986431,-0.0202461212626442,-0.0301553679030193,-0.0294811035707854,-0.0195773477185979,-0.0158656464073786,-0.0063727240753359,-0.0039886695358138,-0.0052627159293753,-0.0023778630673091,0.0032082250000000003
2020-09-09 00:00:00+00:00,0.0159772962498797,0.018037743354393,0.0204972808591659,0.0253594038255421,0.0154853597234353,0.0189192079841548,0.0202905269279971,0.0196726298779288,0.0257936078955134,0.0172353911865027,0.0166133931994676,0.0025153130271185,0.0111121072280504,0.0023345475484127,0.0005435841485875,0.010562348749999999
2020-09-10 00:00:00+00:00,-0.0097270302494269,-0.0074499613931797,-0.0078772942117762,-0.0478932941706847,-0.0156987786350252,-0.0079610990493554,-0.0125187950942595,-0.01651776162031,-0.0084051191649259,-0.0168256081598389,-0.0164273733656817,0.0010596180416454,-0.0014243106991194,-0.0007521272271501,0.0006340258031842,-3.996037500000005e-05
2020-09-11 00:00:00+00:00,-0.0032263164874136,0.001275884724715,0.0011085146527238,-0.0014098604901897,0.0033246101368834,8.215151978702789e-05,0.010260341562174,-0.0002959847463208,0.0138601625285304,-0.0098585457216633,-0.0027117826019765,-6.348603481798905e-05,-0.001460235793292,-0.0025113348404316,-0.0029120340983775,-0.013302303750000001
2020-09-14 00:00:00+00:00,0.0143396499975089,0.0141837183203488,0.011964517933149,0.0092027501044423,0.0169033626084782,0.0195260275900989,0.015838744009137,0.0212614135419799,0.0169104119214809,0.0290882186866962,0.0216102492024574,0.0038605371097859,0.0004126605163668,0.0011150132037318,0.0043751263651859,-0.0012602549999999996
2020-09-15 00:00:00+00:00,0.0074196361625645,-0.000857914505639,-0.0050551041992997,0.0066651969159447,-0.0058728583092599,0.0021795795726947,0.0033457463164426,0.0100070458649385,0.0087911182573717,0.0126352175001625,-0.0021015739050302,-0.002960959123083,0.0043199250313477,0.0014114882814035,0.002044372928532,-0.002877310125
2020-09-16 00:00:00+00:00,0.0044910518294864,0.0029421089246554,0.0028408580072481,0.033025351646124,0.0074419145226368,0.0071673522499506,0.009527478023496,-0.0033900155219807,0.0045691516253067,0.0017558250375833,0.0081127388989533,0.0044175742977435,-0.0068804735971663,-0.000283228881805,0.0014685338277329,-0.0030340776249999997
2020-09-17 00:00:00+00:00,-0.0110696806565522,-0.0128409240756341,-0.0086669241742727,-0.0044727835242682,-0.0080336990067775,-0.0040518154341199,-0.0026293286742191,-0.003572783142594,0.0150972120806999,-0.0186066586208225,-0.0122325712953621,-0.0005527052557332,-0.002568910320476,-0.0019425252255313,-0.0033873816533596,-0.0001337073750000005
2020-09-18 00:00:00+00:00,-0.0087988754899535,-0.0139904859997809,-0.0131149188047802,-0.0025626422047828,-0.000938894183482,-0.0101728172639413,-0.0127209006765452,-0.0099999942280777,-0.0153404856913568,-0.0207968565411381,-0.0163410406902246,-0.0038952958196503,0.0037019353837887,-0.0024702526072221,0.0017893149786398,-0.00791627675
2020-09-21 00:00:00+00:00,-0.0297195579069524,-0.0240346151848643,-0.0218072523392198,-0.0064278743959874,-0.0169500483593129,-0.0262769047845082,-0.033477402100266,-0.010440504013302,-0.0399048393807389,-0.0246421188035786,-0.0079327515656638,-0.0101571930123627,0.0103689010119195,0.0038184925896513,0.0017208241412742,-0.00029694750000000027
2020-09-22 00:00:00+00:00,0.0067524946655509,0.0189013037408791,0.003778251661859,-0.0002827520115025,-0.003079963045226,-0.0036933893821605,0.0068959068177053,0.0064338202677175,-7.02755665276845e-05,0.0118566292573656,0.0106844903186964,0.0003640327195444,0.0069888935492191,-0.001785697209769,-8.196295345895571e-05,-0.00033918999999999963
2020-09-23 00:00:00+00:00,-0.0253729036374528,-0.0151680047774441,-0.0214368787087226,-0.0465400026179029,-0.0210313556542803,-0.0174948533506442,-0.0193078478151152,-0.0205866996484086,-0.0315215498375695,-0.0309419162223259,-0.0198241865324196,-0.0029790700088055,-0.001899504607242,-0.0022780842448855,-0.0019967139323721,-0.006041908
2020-09-24 00:00:00+00:00,0.0060430986640396,0.0030466849506806,0.0102420191656192,0.0053093709905273,0.0021903081914843,-0.0044897609958266,0.0046785042478364,0.0038828492753891,0.0109465499994059,0.006565983393642,0.0149250665893602,0.0025491602114722,0.0025908816906064,0.0027313144007631,-0.0006200397826445,0.009429554875
2020-09-25 00:00:00+00:00,0.006418285265985,0.0055916212801219,0.0099145449342904,-0.0167392196164944,0.0117290226062317,0.0181005324897517,0.0123281038309901,0.0110221285448716,0.0084286373529857,0.0182384414969209,0.0185788754667258,0.0012553825639722,-0.0011987758199935,0.0016521228351552,0.0024040365114585,-0.0008309024999999999
2020-09-28 00:00:00+00:00,0.0296036351601744,0.0222427488107511,0.0213808078648693,0.0271574198228452,0.0234154430301656,0.0182076254023667,0.0214855897218578,0.0213081439675123,0.0189691689884718,0.023887468538754,0.0048700187151831,0.007880634819922,0.0030203972966209,0.0027805311696774,-0.0014082729262718,-0.0065197275
2020-09-29 00:00:00+00:00,-0.0139450883625808,-0.0080940542364223,-0.0110104365351204,-0.0212276083965518,-0.0086070927958905,-0.0049019238258882,-0.0076433067590282,-0.0027641997023743,-0.009924831308781,-0.0107837045184485,0.0040617327791342,-0.0029174375568871,0.0035400703574858,-0.0011922868353838,0.0009206478036444,0.00418211625
2020-09-30 00:00:00+00:00,0.0063979415993128,0.00762954430617,0.0126646647174718,-0.0089091165121712,0.0083955407763826,0.0140883106267268,-0.0028883224569587,0.0004535792245936,0.0076029038351051,0.0036927699810065,0.0104550611892952,0.0032144748853648,0.0015014699524676,0.0009899308875445,-0.0001919627341529,0.00029352862500000004
2020-10-01 00:00:00+00:00,0.0114266951441554,0.0096256963461303,0.0054681645942927,-0.0283938935250164,0.0034882575949618,-0.0036020487536204,-0.0025700617555802,0.0102275730016365,-0.0112928662936154,0.0222846288668214,0.0101930888652922,0.0015182257327537,0.0046023879917346,8.142629853396604e-06,0.0013775476738827,-0.0053262808375
2020-10-02 00:00:00+00:00,-0.0025638033266158,-0.0020228199084386,-0.0018781207595416,-0.0001708405890563,0.0031967954377751,-0.0029923606026495,0.0082656397568078,-0.0123360874144067,0.0113072444888931,0.0107312399323385,0.0059336280985023,0.0023543086992545,-0.0051475893387599,-0.0062032009948518,-0.0018454300228063,0.0015678583749999995
2020-10-05 00:00:00+00:00,0.0186575109004537,0.010103946529438,0.0146065478733999,0.0460850972765805,0.0190385134187875,0.0248797452295671,0.0179582645249383,0.0220069811172184,0.0237394339891951,0.0097427369901319,0.0163258624980673,0.0052716828869772,0.0039963571581385,0.0001152935561558,-4.6772853321385854e-05,0.00300257345
2020-10-06 00:00:00+00:00,-0.0135055448391206,-0.0117311083479486,-0.0084366155894097,-0.0228294603611311,-0.0112295993553204,-0.0111266280723627,-0.0091376460999077,-0.0058493986853416,-0.0139198288466479,-0.0084637774267169,0.0083407228199332,-0.0006488794697139,-0.0008653145279962,-0.0024940989833126,-0.0008277124014916,0.0043737525000000005
2020-10-07 00:00:00+00:00,0.0181886196295214,0.0193333237854493,0.0189773822347912,0.0161232208415711,0.0169134258354287,0.0238335063331017,0.0211524118256353,0.0222494906729885,0.031974988308293,0.0017102878629254,0.0068244005794495,0.0031374410837897,-0.0006127608415473,0.0024867143143652,0.002003855050344,-0.0015466728749999993
2020-10-08 00:00:00+00:00,0.0154402293461554,0.0121867351912961,0.0134937072952282,0.0339459228088103,0.0108878241334731,0.013791973337884,0.0112950729165742,0.0152100281562519,0.0135359803378868,0.0140652607374688,0.0215944232101216,0.0056967633082442,-0.0031722160494717,-0.0007113504283196,-0.0010278384754792,0.0036449895
2020-10-09 00:00:00+00:00,-0.0039919403350431,0.0033453652977149,0.0038356327948517,-0.0103156533069143,0.0032157563518553,0.001790577781192,0.0011406598401422,0.0095414398626366,0.0038998410108288,-0.0069427592588375,-0.0057918117312517,-0.0026828004136798,0.0037858635306151,0.0008038042243522,-0.0009936955203549,-0.0088437125
2020-10-12 00:00:00+00:00,0.0137738478538633,0.0050504237294525,0.0076080516641974,0.0112057251959207,0.0121256875936922,0.0065308451856244,0.0047584285752211,0.0119511507304367,-0.0008386546495843,0.0065570817356319,0.0106105526120809,-0.0009490953159149,0.0022873121448164,0.0018897020630185,-0.0021152218116819,0.0059573462499999995
2020-10-13 00:00:00+00:00,-0.011256295270106,-0.0080254820973155,-0.0069122642934649,0.0046423420195065,-0.0099917853659521,-0.0105143368657057,-0.0110517746296567,-0.0036671192531527,-0.0115399679796721,-0.0148800008496315,-0.0061027231525384,-0.0076815038745934,0.0073558269532736,-0.0006451048983521,0.0034095797048724,-0.0042309675
2020-10-14 00:00:00+00:00,-0.0067137419545477,-0.0050028097972871,-0.0025763822442507,0.0113018700721186,-0.0111426372100896,-0.0054171504425584,-9.895409537914732e-05,-0.0145572802350632,0.0020688998212001,-0.0105190232115718,0.0027836175924795,0.0070554163939066,0.0029831640678623,0.0007170918540206,-0.0062662022997128,-6.314537499999993e-05
2020-10-15 00:00:00+00:00,-0.0025332464055031,0.0089455224634026,0.0058496480073678,0.0125409251048185,0.0072754415963469,-0.0018334105771665,0.0007557937921537,0.0075880877540505,-0.0031915627755766,0.0013098411624397,0.0036397321649432,0.0021206525686968,0.0026162340882838,-0.0042599744220474,-0.000126000477697,-0.0015647687499999998
2020-10-16 00:00:00+00:00,-0.003136225686828,-0.0037025569547114,-0.005764929050245,-0.0301814029957465,-0.0021856079831582,0.0065437502999948,-8.143642894063781e-05,-0.000963134903185,0.0015614499177888,-0.0107727327466883,0.0049521964794526,-1.6381949032413397e-05,-0.0003356376385095,-0.0005389635055326,-0.0025853281967399,-0.00394743625
2020-10-19 00:00:00+00:00,-0.0139356939951039,-0.0120696518759528,-0.0064888757556423,-0.0265959983100668,-0.0141587016403415,-0.0108847863922139,-0.0084951471231757,-0.0035268665152155,-0.0085917985375893,-0.0162333129439653,-0.0024526243530321,0.0010576103223772,-0.00188035977952,0.001928429047549,0.0031918679220692,-0.007110175
2020-10-20 00:00:00+00:00,0.0038717430209407,0.006901789768756,0.0036526839546002,0.011426799342563,0.0053940535965325,0.0057734555040273,0.005711347753106,-0.0013853024169331,-0.0044634713653725,0.0034592851420288,0.0088641913295531,0.0055645151417256,-0.0003573362988026,-0.001698821251283,-0.0010633635761459,0.008590623375
2020-10-21 00:00:00+00:00,0.0018579820162526,-0.0053787171358924,-0.0013585038445213,-0.0239204405692725,-0.0024518346622106,0.0002033843127891,-0.008508140067445,-0.0084159919889388,-0.0014540482780872,-0.0042049195502687,-0.0023048714142389,0.0012738762323261,-0.0013554845252071,-0.0010616857473369,-0.0035711671584022,-0.00437527575
2020-10-22 00:00:00+00:00,0.0134036353847047,0.0102153003587426,0.0081555516422476,0.0192372350613033,0.0110397116653124,0.0212853333114788,0.0113319442205963,0.0031875669068392,0.0059709331611685,0.0041025616510983,0.0124986463963329,0.0051697116334604,-0.008162565468546,0.0019553823293624,0.0019496730739457,0.006689362249999999
2020-10-23 00:00:00+00:00,0.0038955388073051,0.008518665315076,0.0025406330168864,-0.0005760088490775,0.0005932234001371,0.0036487376485764,0.003572351892879,0.0032017712501245,0.0028205520927757,0.005921909741818,0.0054217246722063,0.0019674014984685,0.0022291159421632,-0.0005935663458138,-0.0006754586065951,0.004861306124999999
2020-10-26 00:00:00+00:00,-0.02331544757306,-0.0262430514876613,-0.0245600274571445,-0.0198254393771486,-0.0175636210860779,-0.0189027590039754,-0.023579666878942,-0.0273909324970077,-0.0276256706209642,-0.0144641595912905,-0.0058769780625409,-0.0068358333107539,0.0041477707327014,-0.0005458156396537,-0.0010758630486193,-0.0006640412499999998
2020-10-27 00:00:00+00:00,-0.0138453638510351,-0.0145211651096239,-0.0122174974186157,0.0001571544817078,-0.0184815493519628,-0.0116850776081143,-0.0236327685827945,-0.0093922193752915,-0.0073740374098062,-0.0179971178383388,-0.0021445632239606,-0.0057063650804665,0.0051473462696356,4.2757669330745835e-05,0.0017406699843744,-1.7176250000000342e-05
2020-10-28 00:00:00+00:00,-0.027840320667222,-0.023139508217001,-0.0244284933099731,-0.0300856576516046,-0.0214522269056906,-0.0329729592537591,-0.02419225032996,-0.0285054580811758,-0.0292364916355901,-0.0217541113300916,-0.0334335450958541,-0.0019412261044069,0.0010187048225066,-0.0002162132409464,0.0001012297932272,-0.0059765962500000006
2020-10-29 00:00:00+00:00,0.0244900880121952,-0.0005505350927148,0.0011443620921308,0.0105219069696996,8.239373391739761e-05,0.000357221603978,0.0077404657939983,0.0069197457432394,0.0224270713805204,0.0117678003158362,-0.002507364365388,0.0073426843867578,0.0010628041982013,-0.0034362955079581,-0.0028567147432511,0.010814977
2020-10-30 00:00:00+00:00,-0.0045038990130489,0.0025035961282974,0.0027571149846274,-0.0078429283395509,-0.0016744211936915,0.0006926320986025,0.004374568265497,0.0003732442398135,0.0032571815052873,-0.0033468743099912,-0.0087587944538122,0.0026491657795948,-0.0108896037101504,0.002002337369953,-0.0037653644357409,-0.00048464500000000143
2020-11-02 00:00:00+00:00,0.0139782307068695,0.0120130325221434,0.022269235886372,0.025236576247796,0.0172495402831343,0.0209996420626572,0.0260727199649226,0.011162710256256,0.0284863852106255,0.0234137300352071,0.0188269637308611,0.005888317375395,-0.001351051930776,-0.002941257080176,-0.0043760590855933,0.017386283750000002
2020-11-03 00:00:00+00:00,0.0243102760374485,0.0266208866800659,0.019813058301176,0.0030041393245416,0.0212239268931775,0.0208524973340159,0.0287229112899371,0.026376087415604,0.00946382462655,0.023173145411179,0.0158722978547683,0.0035605801867525,0.0007058246126941,-0.0011067260424032,-0.0011823580499012,0.0019796706249999995
2020-11-04 00:00:00+00:00,0.0058151671583133,0.0074248179635644,-0.0057132544946981,0.027390489345192,0.000955116731055,0.028830105059748,-0.0105764971753478,0.0200304886837927,-0.0288859734357711,0.0031602050392877,-0.0064362801181103,-0.0050558380580394,0.0110537204164836,0.0058166641171691,0.0023709185506682,-0.00095905125
2020-11-05 00:00:00+00:00,0.0363097092886052,0.013782231207039,0.0199987385226351,0.0047252571946798,0.0210030807660681,0.0184979997710887,0.0179409967163069,0.027320786199501,0.0400260505956503,0.0083250617450661,0.0166871388621846,0.0084565006484815,0.0048955931101949,-0.0019281528790187,0.0017158554452843,-0.00704614875
2020-11-06 00:00:00+00:00,0.0103184333381936,0.0002630702360011,0.0006480720037821,-0.0142550190178823,-0.0070595446081691,-0.0023272732640232,0.0036928374158975,0.0102599103452134,0.0029592223821207,-0.0162462363737295,-0.0093232148545077,-0.0042440397865595,0.0031819279580226,0.0002884838447669,-0.0006542485041406,-0.0014464662499999994
2020-11-09 00:00:00+00:00,0.0409446844895795,0.0401716869986188,0.039468013943378,0.0215271408546923,0.0444253718043747,0.0489349603404802,0.0374985993640346,0.0119111251920823,0.0286002261810998,0.060273922121163,0.0344849995887441,0.0376428371319159,-0.0389031007413237,0.007095582789037,-0.002372227321625,-0.0016708887499999993
2020-11-10 00:00:00+00:00,0.0104980191152358,0.0087432923921563,0.0134585645370168,0.0208316167696625,0.003621127495498,-0.0017723911519915,0.0139507791330699,-0.0111862014230004,0.0158397558461568,0.0142958346267633,0.0060510735322778,-0.0019155137529929,-0.0085291677299157,-0.0069462641803369,-0.0043528862824581,-0.008708285
2020-11-11 00:00:00+00:00,0.0055288087498848,-0.0039648416501414,-0.0001846963356797,0.0253165353630851,0.0028734528920526,-0.0087650011375181,-0.0078164651443072,0.0125560393572237,-0.0080958051711169,0.0039923573655847,0.002632597190902,-0.0095675528661995,0.0121258710477556,0.0005458092680493,0.0037940966234184,0.0018631569999999998
2020-11-12 00:00:00+00:00,-0.0155663684686544,-0.0176319393035657,-0.0104050856881914,-0.0170808581389419,-0.0150614788226289,-0.0075222545250756,-0.0131111267236922,-0.01323243203932,-0.0191132994538216,-0.0144622991272036,-0.0174370708250028,-0.0050095772609774,0.0037134930789857,0.0007126541048051,-0.000118942957843,0.00437139675
2020-11-13 00:00:00+00:00,0.0228918654353884,0.0228990993244445,0.0263794873512587,0.0132305407147053,0.0134821783447808,0.0213139771745058,0.0252022991719443,0.0191250994996838,0.0209579768343674,0.0207137454656956,0.0164661488778448,0.007490627765885,-0.0081944693237705,-0.0010211362428059,0.0027031863229073,-0.0012855475
2020-11-16 00:00:00+00:00,0.0182865564043223,0.0163781358919115,0.0225280792478618,0.0437962285120457,0.0168152081382298,0.0104176328894428,0.0219709394844862,0.0145650290061927,0.028019546072227,0.0143634802337613,0.0148430994831633,0.010221024374694,-0.0015866761888767,0.001644701202312,0.0009598782756036,-0.0016220448750000002
2020-11-17 00:00:00+00:00,0.0050828315175549,-0.0040010772386221,-0.0051909979496441,0.0110618357583273,-0.0001474862633452,-0.0110308901396936,-0.004027085629712,-0.0005956620776599,-0.004050386709353,-0.0051508384132541,-0.0153689807026439,-0.0004697409612547,0.0001089962767859,-0.000821016732682,0.0034580966314009,0.00071812625
2020-11-18 00:00:00+00:00,-0.0104320064727273,-0.001397491351051,-0.0109194674216011,-0.0206812293946812,-0.0083540147569678,-0.0168651640697503,-0.0034957903082198,-0.012049258518243,-0.0066140070842112,-0.0213690148550485,-0.0150696295337611,-0.0001924423724246,0.0005734547536666,0.0001829527155458,0.0023618288668104,-0.0053253482500000004
2020-11-19 00:00:00+00:00,0.0002465076789743,-0.000353459798739,0.0013688099599048,0.0193027737193172,0.00180315325941,-0.0024142282115238,0.0007198782217822,0.0101007281618557,-0.0006031725891025,0.0043311833939024,-0.0116525396996492,-0.0003678689208995,0.0036223549343113,-0.0004578683853431,0.0021932221009368,-0.0011760949999999998
2020-11-20 00:00:00+00:00,0.0019009870310099,-0.0049736501789097,-0.0053028155371299,0.0096536291859453,-0.0048093428042958,-6.605569810195473e-05,-0.005782105583094,-0.0031744191654252,0.0006410440378232,-0.0019763218150857,0.0029842445511115,-0.0015113356529836,0.001920806159754,0.0004306292755036,0.0004937846941189,-0.0080051975
2020-11-23 00:00:00+00:00,0.0153741276393277,0.0134799722351919,0.0205201294816634,0.0609672674547155,0.0136836064585051,0.0071673619685987,0.0167135511986006,0.0132205682843351,0.0181559178309225,0.0031128332944685,0.0141267935805612,0.0102461980794647,-0.0029754386098295,0.0031698359656517,0.0047929012507799,-0.006999806250000001
2020-11-24 00:00:00+00:00,0.0231608795311718,0.0199465203136072,0.0254697284556353,0.0079150251948587,0.0178882219808366,0.0120219869303158,0.0188184874762833,0.017630756617952,0.035840260001452,-0.0049540076303494,0.0174991748256284,0.0122171249356977,-0.0096301257847158,0.0017728677003239,0.0004155877756229,0.00199744125
2020-11-25 00:00:00+00:00,-0.0066750121510702,-0.0104454469824796,-0.0050496122016454,-0.0047238028935605,-2.99319784763125e-06,-0.008865921739048,-0.0088399562343957,-0.0045922971314696,-0.0069451127573615,-0.0015287464791803,0.0024429555610629,-0.0058768286041326,0.0036931339789864,0.0018526057596734,0.0045055424027778,0.0013012187500000003
2020-11-27 00:00:00+00:00,-0.0005473446221666,0.0014131668580921,-0.0008620893338245,-0.0068526296490461,-0.0021269290298481,0.0084924604970562,-0.0002018953177016,0.006344860632376,0.0013433233762033,-0.0049049951651438,-0.0073884063749081,-0.0021246865091773,0.0029742047554682,0.002154233306587,0.0025964663822556,-0.007620779874999999
2020-11-30 00:00:00+00:00,-0.0136331249965049,-0.0110343388400653,-0.0089435821619811,-0.0210815908826241,-0.0090411823291888,-0.0001572896735842,-0.0077521411717701,-0.00187120311549,-0.0126087940246476,-0.0026905226465266,-0.01400736592353,-0.009742995742373,0.0046599674997332,0.0020835789380323,0.003874125456601,-0.002155946249999999
2020-12-01 00:00:00+00:00,0.0187538539107966,0.0083057382827103,-0.0049975535409808,-0.0138950551239273,0.0143428643290619,0.0057125184339542,0.0005229769533405,0.0086061318712788,0.0118795309488299,0.0084483017165882,0.0054791955605287,0.0035564920128125,-0.0024507337022286,0.0006014655175603,-0.0028669336548718,0.0019978475000000002
2020-12-02 00:00:00+00:00,0.0061460730058818,-0.0072356953232496,-0.0018845782052361,0.0119888722986747,0.0039650460095653,0.0085060803458102,-0.0018956298378239,0.0036793363844959,-0.0059446007225091,-0.0044528702945338,0.0100186711164163,0.0065272784105344,-0.0061380994071835,0.0038516539203739,0.0018173658406287,0.0014284762500000002
2020-12-03 00:00:00+00:00,0.0077516249406958,0.0086105994940171,0.010384890188666,0.0023039799212338,-0.0009529632389061,0.0025915609679748,0.003687395433189,0.0060793257115187,-0.0003984888773239,0.0067062397966932,-0.0030045166902103,0.0044421083807005,-0.002634572523866,-0.0006143413867814,0.0047790696582046,-0.004754091875000001
2020-12-04 00:00:00+00:00,0.0023260548447938,0.0073140304994962,0.0131192307865365,0.0522137456165839,0.0102677443438133,0.0159668141041861,0.011978731616568,0.0207846621428409,0.0213547480029923,0.0132108078270692,-0.0034445277798668,0.0052015524131113,-0.0024217930523513,-0.0008265353465931,0.0002828918449481,-0.0020598887499999998
2020-12-07 00:00:00+00:00,0.0009477191079463,-0.0048444877543037,-0.0057829419689564,-0.0113924109727518,-0.0038422583719991,-0.0106200279082733,-0.0032209486332489,0.000728813515131,-0.0069646852505704,-0.0057238834390754,0.0055709630818005,-0.0020566553086857,0.0053589756527207,0.0005732485314451,0.0022918272061585,-0.00508876625
2020-12-08 00:00:00+00:00,-0.0002730383153182,-0.0010271896766429,0.0039303279753132,0.0086690219195223,0.002502192848569,0.0095546863180779,0.0062792596950539,0.0085849262799607,0.0057562792876157,-0.0063629265131226,-0.0030308141557728,-0.001101888639562,-0.0017355386607842,-0.0003188015541132,0.0017490589989798,-0.0012473950000000005
2020-12-09 00:00:00+00:00,-0.0019091846642904,0.0056700410256665,-0.0032698869723457,-0.004314447462336,-0.0070743074532837,-0.0030268178283571,2.2761539029770195e-05,-0.014998432169894,-0.0020076333735863,-0.0099681453523909,-0.0069417127967441,0.000985061704968,-0.0052380481216867,-0.0037330702514188,-0.004186502647008,0.005538142499999999
2020-12-10 00:00:00+00:00,0.0003576629734944,-0.0037162809048711,0.0009275025796434,0.036819061861177,0.0022253956561862,0.0037309758113055,-0.0051849526566203,0.0017051114963985,-0.0051383263243744,-0.0092038892268644,-0.0008325107798612,0.0020269734692883,0.0002275042100487,0.0014571221326164,0.0068516748273408,-0.00725670625
2020-12-11 00:00:00+00:00,0.0043326524492503,-0.0108765635476906,-0.006532167417028,-0.0091990867276315,-0.0062895170908797,-0.0132730583284694,-0.0036904639220888,-0.0010670433485448,-0.0060166990586639,0.0021817219358842,-0.0070095184768868,-0.0044738059410117,0.0008143109219475,-0.0006020953039626,-0.0043572550209873,0.00575137
2020-12-14 00:00:00+00:00,-0.0147736419761031,-0.0022863381113647,-0.0089206764529972,-0.0222154651487803,-0.0058420683918195,-0.0066288540143552,-0.0102918937360454,0.0058085231042682,-0.0129683341247919,-0.0068584562964796,-0.0045301220584891,-0.0057452922128787,0.0020107235361035,0.0011168708148078,0.002013420904264,0.0013252562500000002
2020-12-15 00:00:00+00:00,0.0109397203556539,0.0158527819120227,0.0077475196213335,0.0193634641729668,0.0150583601607186,0.0129079717850409,0.0128268971241207,0.0145927989164047,0.0164439656595748,0.0184113775151368,0.0202710184737249,0.0041393459196109,0.0005246459523653,-0.0019821215074486,-0.0010947224400367,0.0022689537499999994
2020-12-16 00:00:00+00:00,-0.0040480295135028,0.0058692278033673,0.0009480751653982,-0.0035079847840102,0.0046928466409316,-0.0058774168467486,-0.0051379755204051,0.0037866787156818,-0.0029319579879229,-0.0012233845125719,-0.014575107381967,-0.0022851785919507,0.0003451417792302,0.0012505773772439,-0.0001640529031005,0.0049939225
2020-12-17 00:00:00+00:00,-0.0020826044590772,0.0100720087588825,0.0040035329765615,0.0031460063911845,0.0065764738471357,0.0105628694047652,0.0050257714719602,0.0064214091720135,0.0088422908414026,0.0121160555060949,0.0067395737887666,-0.003054198922621,0.00361949945904,-0.0008994362892943,0.0011152840011556,-0.008411923125
2020-12-18 00:00:00+00:00,-0.0018385539151443,-0.0002262822128988,-0.0007955503316186,-0.0091645841840665,0.0125346037877312,-0.000104617900961,0.0044392888524867,0.0054640840873769,0.0065712051230121,-0.018607291154374,-0.0088629860600499,-0.0026084171233871,0.0004183531329003,-0.0001577542308297,0.0006800015914561,-0.0026918475
2020-12-21 00:00:00+00:00,-0.0122352493707137,-0.0075945336477618,-0.0120485433304451,-0.0075653144437717,-0.0144609765159889,-0.01237090202202,-0.0076125622980227,-0.0090940456639668,-0.0048714020251881,-0.0046389136656746,-0.0133521452946978,-0.0022875973012754,0.0052138919339876,-0.0003892990245135,-0.0001405915161084,-0.0011773569999999998
2020-12-22 00:00:00+00:00,-0.0040358973213347,-0.0046640978715938,-0.0094250700375726,-0.0074475836480264,-0.0034184179333317,-0.0033445493576308,-0.0042841159554825,0.0088312118557527,-0.0083926705040802,0.0050132638962649,-0.0009510059417153,-0.0040852533317456,0.0029847288136493,-0.0027250873762431,0.001436821722756,0.00026854175
2020-12-23 00:00:00+00:00,0.0067671827431259,0.0043946063928604,0.0141095999367744,0.0071384724493188,0.0070441378970188,0.0092381442889209,0.0049449968413678,-0.0005587928758366,0.0020679093903665,-0.0092115939907825,0.0039288804397724,0.007510529868461,-0.0042487058587575,-0.0001749266549741,0.0012806182943327,-0.0013268852499999997
2020-12-24 00:00:00+00:00,0.0038229520772716,0.0021803332337206,0.0007384638808605,-0.003405220897698,0.0014741734930301,-3.3992803902902575e-05,0.0011988451971869,0.0027693324005568,0.0016925225143304,0.0077426008856584,0.0030789012374347,-0.0009070675807259,0.0009939419112933,-0.0006967524044816,-0.0026433576580373,-0.0018421474999999999
2020-12-28 00:00:00+00:00,0.0133506304383698,0.0085708700525694,0.0066340750976231,-0.02548044824553,0.0006765748379629,-0.0001299775527622,0.000935491979505,0.0017552997829303,-0.001109769131299,0.0056458789504417,-0.0001690778768801,0.0062968740207415,-0.0053342361549813,0.0016814888829116,-0.0053558900491083,0.008530759375
2020-12-29 00:00:00+00:00,-0.0034093673295608,-0.0052065766633701,-0.0045547496744475,-0.0012668001405996,-0.0051513532489028,0.0022360015530632,-0.0077580656165349,-0.0116609271693255,-0.0028154853751935,-0.0073113359374532,-4.144147101746015e-06,-0.0009130741787233,0.0002642467231915,0.0028419113802107,-0.0012380647252055,-0.0006254851249999998
2020-12-30 00:00:00+00:00,-0.0020341678253313,0.0026010966014737,0.0047659716900406,0.017087209619821,0.0043029786183739,0.002794791512687,0.0064740689491251,0.0078399943908287,0.0132428350933657,0.0066540452675411,0.01031717334839,0.0046323330595661,0.0024610164049343,-0.0004692451132774,0.0007744321118835,-0.001867675
2020-12-31 00:00:00+00:00,0.0059747738344565,0.0018234615845467,0.0050868755635269,-0.0081385016234468,0.0113928065042282,0.0084120555051777,0.0051321028910692,0.007646215510689,0.0039398236460718,0.0075664159909015,0.0125604104827812,0.0002915076806095,-0.0014908960902669,0.0004183606388545,-0.0033702792356448,-0.00716234875
2021-01-04 00:00:00+00:00,-0.0178915893853455,-0.0191077340263123,-0.0130568758446883,0.0135377228604218,-0.0130202642138306,-0.0067271011850852,-0.0255878024274547,-0.0176288622523639,-0.0063331151844515,-0.0333266275512714,-0.0222360423028468,-0.0044391784408398,0.0023575269008919,-0.0008672133566282,0.0012755391292628,-6.694500000000033e-05
2021-01-05 00:00:00+00:00,0.0071848581086419,0.0072430671669133,0.0105413400125902,0.0462455641948616,0.0019197429221342,0.0104775137961673,0.0106109525872965,0.0129196084091581,0.0219050094516634,-0.0041809067737776,0.0070672559373241,0.0051164738856494,5.7145669296818755e-05,-0.0009754326999324,0.0041574842333862,0.001422408875
2021-01-06 00:00:00+00:00,0.026933672839722,0.017627682860227,0.0227721393203051,0.0121389164031748,0.0337872351058656,0.0252085181942779,0.0257242205325542,0.0045028613375758,0.0475650479741381,0.0074053346887668,0.0212061360808107,0.011351949505063,0.0017492921529103,-0.0042010981783005,-0.0037451463942424,-0.011042239999999998
2021-01-07 00:00:00+00:00,-0.0040853672457787,0.0106507562291403,0.0006292609251054,0.0194340066467305,0.0110534462092985,0.0152786798757971,0.0101949716437787,0.025810375048573,0.0082452930820301,-0.00133518724046,-0.0117821743711403,-0.0006890229969152,0.0040329656805974,0.0003000472547688,0.0038102189737574,0.0059414787500000005
2021-01-08 00:00:00+00:00,-0.0023088728621473,0.0036955423311505,0.0008016175734485,-0.0020245094979709,0.0031299690338094,0.0044926874481459,-0.0031817319688897,0.0035938020984411,-0.0032911644455732,0.0120027318755382,0.0064813381013309,-0.003294974137533,0.0024153533820508,0.0012880492870202,-0.0002656246835121,-0.0031290849999999998
2021-01-11 00:00:00+00:00,-0.0064260600317165,0.0004606151203367,-0.0108425095669602,0.0207975702353433,0.0006158153814169,0.0018651107630104,-0.0001941524761117,0.0037172697798576,-0.0008287951307866,-0.0168124651574149,-0.0067966299242468,-0.002664039754577,-0.0005610406115918,-0.0025745442667805,0.0018611723319851,0.001532523749999999
2021-01-12 00:00:00+00:00,-0.0090150884513877,0.009723933577778,0.0038899424708968,0.043729744779564,0.0077945798199888,-0.0032425405673466,0.0117760724895994,0.0026498694237937,0.0177996691636179,0.001983846750232,0.0039074914024226,0.0030604327206143,0.0001695965492055,-0.0014362492664027,0.005059537818484,0.00335843875
2021-01-13 00:00:00+00:00,-0.0054529255078277,-0.0079943215195664,-0.0010789115004081,-0.0138602678359687,-0.0016551863259524,-0.0003241218664402,-0.0084483613968394,-0.002572200263655,-0.0115324015107583,0.0110560022113543,0.0150733741221651,-0.0012970181521086,-0.0035677277504958,0.0023512995197654,0.0020084324766048,-0.0036184737499999993
2021-01-14 00:00:00+00:00,0.0059806502304508,0.0016249783133273,0.0081411980301356,0.0163165461965134,-0.003256708688802,0.0028952857231821,0.0024858218034977,0.0044173810835935,-0.0017888446407435,0.0085883078010265,0.0011429224220365,0.0089326336997133,-7.569633454362536e-05,0.0021725926154639,0.0026034666741757,-0.01051142
2021-01-15 00:00:00+00:00,-0.0038634481283608,-0.007259037043681,-0.011005528044615,-0.0232643989506576,-0.0091812790750829,-0.003079239235223,-0.0150091065797591,-0.0106786119132513,-0.015725995503748,0.0102068416347064,0.0058876004399107,-0.0076916591533141,-0.000445552212602,-0.0045852399398155,-0.0017201126734139,0.004208524275
2021-01-19 00:00:00+00:00,0.0138144888246179,0.0024766207797419,0.0007599961452534,0.0132969035790142,0.0076356136788109,0.0075775875161161,0.0089733154915512,0.0160316924781664,0.0064701257971091,-0.0049843100496939,-0.0012772162368133,0.0020631132142795,0.0015399455729875,0.0032580658852832,-9.128754772643628e-05,-0.00391257125
2021-01-20 00:00:00+00:00,0.0171117276597109,0.0162910504127765,6.912615624683416e-06,-1.3794852580027075e-06,0.0022529151209397,0.0074561138216414,0.0049935691727931,0.0086070027656583,0.0017430056415509,0.0224261380719782,0.0011966759609963,-0.00334400257905,0.001464432198571,-0.0009755341782953,-0.0003709359616727,0.005715505000000001
2021-01-21 00:00:00+00:00,-0.0026689055491808,0.0025923202953397,-0.0041592959226594,-0.0318023081978315,-0.0088054400490349,-0.0069302163531404,-0.0053446945505433,0.0002730682433713,-0.0136037499990029,-0.0032717052930782,-0.0055884537293797,-0.0030290666660301,0.0005088659752978,-0.0004760462111653,0.0020320694569764,0.008366633375
2021-01-22 00:00:00+00:00,-0.0057539245629083,-0.0036359344845571,-0.0025831989327418,0.003383938753232,-0.0086028113175847,-0.004001079491194,-0.0037752102790761,-0.0037767359712813,-0.0044720708239204,0.0012822466300422,-0.0023030311250488,-0.0027480255899659,4.2680418982048666e-05,-0.0019442302100779,0.0003450383973519,0.004890076625
2021-01-25 00:00:00+00:00,0.0045382499901554,-0.0058842389423906,0.0003884396875251,0.0005572117339757,-0.0024365343675437,-0.0012283530250495,-0.0053063216393562,-0.0006569621947721,-0.0020975910834948,0.0061641405872309,0.0076411506204835,-0.0076389038011009,-0.0004885393589457,0.0004560636013738,0.0007153974965101,-0.0028545623749999995
2021-01-26 00:00:00+00:00,0.011975776243457,-0.0068313150354099,0.0039837935730341,-0.0200080637970857,-0.0042111213167861,-0.0076964735319292,-0.0102944001752522,-0.0031312387341008,-0.0160300438409421,0.0038428978049619,-0.0152202358741321,-0.0043026730208004,-0.0057673272735971,0.0002782867438461,0.0006824630868512,0.015442847500000002
2021-01-27 00:00:00+00:00,-0.0258083926268523,-0.028273088556672,-0.0196240611452903,-0.016359241620755,-0.0295519683273964,-0.0371823578041453,-0.0248662988174552,-0.0228376746831036,-0.0265970377384864,-0.0248871280559388,-0.0346474692778952,-0.0054354151696841,-0.0094747660375499,-0.0050947027341278,0.0002816251598402,0.0016126525000000002
2021-01-28 00:00:00+00:00,0.0056367957462125,0.008621376864358,0.0115129727811698,0.006336927136943,0.0175793489561283,0.0240296672741435,0.0136820474271565,0.0106982653283203,0.0106847396727046,0.0151274247667179,0.0291974540093443,0.0115241407657068,0.0087433818723663,0.0046625188005094,0.0004256159838103,-0.010546731125
2021-01-29 00:00:00+00:00,-0.0254344248097747,-0.0184879115980222,-0.0288607461707951,-0.0151991538706185,-0.0162471004735185,-0.008741849100819,-0.0171064552979078,-0.0244399339314144,-0.0166315432329685,-0.0091538252716345,-0.0043885301206058,-0.0086497006257132,0.0027882215796437,-0.0004897997971866,0.0004924494037994,0.00497691375
2021-02-01 00:00:00+00:00,0.0123993318911993,0.0123710787956103,0.0037065610707405,0.0125522234398042,0.0153375485359791,0.0048629144572027,0.0107559591408336,0.0260221947897092,0.0227115893742406,0.01688764136978,0.0069625378342753,0.0018207689677805,0.0015082061960401,0.0010230260449198,0.0007613849870098,0.00841441
2021-02-02 00:00:00+00:00,0.0239061507274913,0.0222274184296538,0.0147107429748704,0.0134643136313576,0.0217480839012834,0.0129952610752661,0.0144743560341124,0.0112132527119262,0.0085828377995231,0.0100497979033328,0.0158824671822236,0.0052657471131254,0.0055753627061835,0.0018706886602894,-0.0021572305330232,-0.0011027615000000002
2021-02-03 00:00:00+00:00,0.0041117398086602,0.0070074574933111,0.0099423038524547,0.0338306381080846,0.0014683770767081,-0.0006393696479966,0.0006487951429126,-0.0025943302633482,0.0065976337781447,-0.0040114958786005,0.0001140784792692,0.005077530756192,-0.0028438751867035,-0.0013520694007109,0.0035351898051154,0.0024398946250000003
2021-02-04 00:00:00+00:00,0.0158919734269747,0.0105583905520146,0.0121548761285219,0.0026819718839799,0.0161647691860552,0.0129959463238374,0.0096781053261047,0.0137222124465027,-0.0083085102122126,0.0121132833108125,0.0105685063453683,0.00698249798471,0.0017872424275423,0.0003458060546532,-0.0011380489805933,-0.005610875875
2021-02-05 00:00:00+00:00,0.0104921615267506,0.0159252957705589,0.0104246841375122,0.0027867048908784,0.002793666012779,-0.0002681775026263,0.0087592893977814,0.0014239353303826,0.0125525439078206,0.0013153339063213,0.0062911257351552,0.0007048403360551,0.0006818948069498,-0.0007998368962016,0.0012805321379996,-0.00017372749999999994
2021-02-08 00:00:00+00:00,0.0084165963646809,0.0060391859634101,0.0137333128522744,0.0349733648653979,0.009438074619155,0.0060361344643426,0.0129588608759137,0.0269148481983171,0.0117077061196575,0.0001064063906295,-0.0034826723802869,0.0040740915115023,-0.002787599587739,-0.0024404202482891,0.0058374303305486,-0.00064102
2021-02-09 00:00:00+00:00,0.0034627234183503,-0.0013051151381463,0.0033075035963865,-0.0141142014598463,0.0030015924875362,-0.0017845590438322,0.0009314924232224,0.0040212021548527,-0.0056770065489497,0.0032170765448555,6.906212729799415e-05,-0.0013527996458471,-0.0002612682983699,-0.0029072875130445,0.0005714884508773,0.0024837225
2021-02-10 00:00:00+00:00,0.0050700817469901,-6.8221567789471076e-06,-0.0001185362219099,0.021950763697488,-0.0021575413372142,0.0030756272209299,-0.0025608258936787,-0.0004476208164409,0.0010466012694975,0.00813178655402,0.0039715934523255,0.00123383810529,-0.0006579402818308,-0.0016157649690366,-0.0013869221753304,0.0069127426625
2021-02-11 00:00:00+00:00,0.0047064664370071,-0.005047036091856,-0.0038424621665366,-0.0150744013243224,-0.003026808084994,0.0033538531709079,-0.0007647150545602,0.0126970957829781,-7.158536671203418e-05,0.0130370931448564,-0.000753361552283,0.0014053296057287,0.0059621745168454,0.000506615946036,-0.001356453446908,-0.008880357375
2021-02-12 00:00:00+00:00,0.0051816542973539,-0.000776346189742,0.0084901599478204,0.0206426924493716,0.0059182822488279,0.0058062980403821,0.0060824457214243,0.0069801900672806,0.0166123627036589,0.0047741159474227,-0.0007428191688601,0.0015276710746924,0.0025337638725609,0.0010676729059605,0.0021097918599448,-0.0022665620000000006
2021-02-16 00:00:00+00:00,-0.0019171002377583,-0.0004457101075906,0.0039834162640456,0.0111062227240571,0.0078030511085477,-0.0047226045208249,-0.0056146139825382,-0.0018324089273324,0.0011192324877122,-0.0081851790701714,0.0001331687375477,0.0088387703466128,-0.0006450746928567,0.001888734289747,0.0007793354409372,-0.001838268
2021-02-17 00:00:00+00:00,0.0001211694826916,0.0022400589249223,0.0020686575543463,0.0126788002333287,0.0033106698140073,0.0010280407934211,-0.000619684122396,-0.008885629665836,0.0008761942134441,-0.0030358454635512,-0.0014702487864355,-0.0012615185940329,-0.0041257836165634,0.0014199714547641,0.0017171097124854,-0.0008399338749999999
2021-02-18 00:00:00+00:00,-0.0087426058460759,0.0034478777721883,-0.0059472669424595,-0.0291144602917103,-0.0056567181963406,-0.0104014203375783,-0.0042421192261326,-0.0039284629383802,-0.0125443712374511,-0.0033629035218915,-0.0013043582647678,-0.003949489854703,-0.0042493121881956,0.0018631777828755,-0.0030915757507058,0.00315036625
2021-02-19 00:00:00+00:00,0.0112928922347255,0.0059873864374135,0.0051798745021933,-0.0009425691355925,0.003974189556825,0.0020579593268831,0.012847032598401,0.0045056242094625,0.0200391732604048,0.0070965293836028,0.0037536520925439,0.012196375965976,0.0045439027721346,-0.0006928516042182,0.0026018049822854,-0.00936513375
2021-02-22 00:00:00+00:00,0.016370833742549,0.0043224742975172,0.0059675594054617,0.003616564319365,0.0009869872365278,0.0024870575584478,-0.0005534998901624,-0.0122940143573295,0.0060099888330726,-0.003016965632065,-0.0268317679478085,0.0130593921998288,-0.0110176585378143,-0.0018876032798917,-0.0041897545912434,0.0023291762500000012
2021-02-23 00:00:00+00:00,-0.0007538895454093,0.0018434988386266,0.0033855549154921,0.0052386267662017,7.77365404812803e-05,0.0027659608285025,-0.0002494234287126,-0.0070658689137635,0.0042806951475248,0.0089484201721736,0.0096513280475696,0.0054077397386061,-0.0016422323847276,-0.0001821697209623,-0.0029712272064229,0.0017523187500000006
2021-02-24 00:00:00+00:00,0.0118056797551655,0.0096554167366459,0.010223140147722,0.0256603801991873,0.0164587041139674,0.0144600994200687,0.0162509809052426,0.0204392319095587,0.0169256356256838,0.0046488442438017,0.0002606344096596,0.0110511322455484,-0.0023619448584002,0.0019094614766523,0.0026763729872459,-0.0062976542500000005
2021-02-25 00:00:00+00:00,-0.0213987417484659,-0.0293816254931606,-0.026106281773216,-0.0194255018248064,-0.0202764656279108,-0.0201285660983448,-0.0225487257151072,-0.0353697315420506,-0.0233186765439163,-0.0191005042312835,-0.0312793644954141,-0.0084136542451532,-0.0032157998494083,-0.0035777158852164,-0.0064929508212039,0.0026172525
2021-02-26 00:00:00+00:00,4.08617238374386e-06,0.006172733588037,-0.0049446920066952,-0.0173662013745538,-0.0098085283292104,-0.0048894649548635,-0.0016871658467323,0.0051157405401454,-0.0166509134087438,-0.0117995877197892,-0.0168830643789836,0.0008246896054788,0.0064035918868224,0.0011003262322091,0.0047302669739565,0.0010874393749999997
2021-03-01 00:00:00+00:00,0.0293952411224192,0.0139268101305869,0.0169199020606221,0.0311431210118751,0.0283188356065366,0.0160343686939162,0.0255611251824753,0.0281708092743102,0.0217147213209182,0.0093165424088001,0.0301273278397848,0.0039354661312022,0.0051098863874208,0.000263638013445,0.00036757691832,-0.00396647875
2021-03-02 00:00:00+00:00,0.0031251866897494,0.0056163128867219,-0.0062117474905288,-0.0185239668722364,-0.0064620089298732,-0.0028151607386755,-0.003804062845747,-0.012286626897214,0.0056025847428804,-0.0113522398393567,-0.0122201841311648,0.0007000837255628,-0.0072883015164912,-0.002238162971652,0.0001721939006659,0.00716226925
2021-03-03 00:00:00+00:00,-0.0058514567328589,-0.0129808187147098,0.0021643818783138,0.0029934019553129,-0.0052696029261755,-0.0151931757707482,-0.0025170040911344,-0.0295513152324573,-0.0067064446355235,-0.003863515612837,-0.0110132064994314,0.0104489655204888,-0.0033527100527512,-0.001118517328653,-0.0077838313682197,0.000755551125000001
2021-03-04 00:00:00+00:00,-0.0093303830378752,-0.0232002796486744,-0.0142572823255116,0.0298189228889294,-0.0147111273411336,-0.0159686032963829,-0.021451197166238,-0.0302430349057665,-0.023060142363176,-0.0106466009124852,-0.0034837128868697,-0.0036631144986298,-0.0042253624494456,-0.0002384352759153,-0.0036270986467692,0.006641957499999999
2021-03-05 00:00:00+00:00,0.0328009575222431,0.018879525886843,0.0239449028014432,0.0320092623164674,0.0228375787597308,0.0210994780150046,0.0280119018488211,0.0143921940492126,0.0280547224633223,0.0141849330792463,0.0227769859750049,0.0008245219540063,-0.0003235584653095,0.0016635166476983,-1.0148404894704358e-05,0.00915054
2021-03-08 00:00:00+00:00,0.0146850307406419,0.0223721599864347,0.0067151831023512,-0.0087169810093635,0.0081508540414718,-0.0007185645734783,0.0063983430643108,-0.0089979947796098,0.0156213154905264,0.0033554513462712,0.0045135400486802,0.0045011195702939,-0.0112167244607161,-0.0058591919678629,-0.0016787406944368,-0.002721616249999999
2021-03-09 00:00:00+00:00,-0.01481022634968,0.0006043363291762,0.0003781542596857,-0.0128188064633823,-0.0014283605065893,0.0035416976579962,0.0026225808753462,0.022857841355019,0.0033085625569219,0.0103689298917447,0.0177389683636813,-0.0079345478482425,0.0099011580567454,0.0050911396746445,0.0071921916243139,-0.0045123212499999996
2021-03-10 00:00:00+00:00,0.0158429660422299,0.0101227924879706,0.0170843034733952,0.0298897115913137,0.0146303926863669,0.0042363305228906,0.0149153903946426,-0.0018475414738325,0.0192994431843853,0.0097580683158269,0.008383325854634,0.0026526188761149,0.0006033059113571,-0.0030720781185228,-0.0026704202596062,-0.00748419625
2021-03-11 00:00:00+00:00,0.0039142883231829,0.0004866347972668,0.0013446283282442,0.0077285374647064,0.0043622711307395,0.0112790807175431,0.0044270763846333,0.0186162726226004,0.0051837731122189,0.0134458397706899,0.0074713717291649,-0.0012248759643371,0.0081400687187544,0.0026093094000556,0.0058357422890357,-0.0007510678749999998
2021-03-12 00:00:00+00:00,0.0077260555664043,0.0060552910527888,0.0097873939831104,-0.0101154198691469,0.0074141426911319,0.0033936636562194,0.009406081068543,-0.0032581215422517,-0.0001654187857333,0.0132097919881902,0.0112238857995098,0.0042093698377803,-0.0029982228575872,-0.0020241060298355,-0.0011498447058326,0.000829114375
2021-03-15 00:00:00+00:00,-0.002949178505903,0.0192039228033053,0.0042370756706404,-0.0022570861320028,0.001384043808621,0.0118188546510505,0.0090882280386234,0.0188461700779077,0.0001593597089158,0.012069738384244,0.0170535305274523,-0.0007938489444784,-0.0005412104240469,-0.0015041635892386,0.0017524194244144,0.0012396349999999998
2021-03-16 00:00:00+00:00,0.0101111707107427,-0.0084464734456699,-0.0079508987384396,-0.0189556912573622,-0.0075265034069323,-0.0082388260467038,-0.0126170830925178,0.0030704902854811,-0.011011146306974,-0.0062068983684639,-0.0047939105957581,-0.0072991261523228,-0.0002917815531698,0.0015569318953778,-0.0009917719382216,-0.002541068375
2021-03-17 00:00:00+00:00,-0.0042202106102449,0.0161081404506298,0.0064732103133326,0.0100228567957457,0.003650843662082,0.000871395305548,0.0091086762094491,0.0036283773379044,0.0104546183220657,0.0029417195417449,-0.0115048705268313,0.0056259524433135,0.0008465710490564,0.00053293612987,-0.0002698206034085,0.002621873375
2021-03-18 00:00:00+00:00,-0.0036074168883541,-0.0108824632632248,-0.0147983156309223,-0.0497825680996574,-0.0049483050306173,-0.0090500473752595,-0.0049764792733399,-0.0196928974226105,-0.0079183988207448,-0.0163826638024853,-0.0166036979205574,-0.0005422579967441,-0.0052850322468935,-0.0043220001462744,-0.0063783445823075,-0.0025736087500000003
2021-03-19 00:00:00+00:00,-0.0069394961256194,0.0029727934816465,0.0048107962321709,0.0110036764891404,-0.0075771432071077,0.0032847341232578,-0.0043283383079439,0.0013183383448347,-0.0079182254918803,-0.0141765731376365,0.011153374196106,-0.0036316059104983,0.0018796473267776,-0.0002593665337417,0.0062073797358246,0.00023497175000000017
2021-03-22 00:00:00+00:00,-0.00212548862953,-4.183457352801082e-07,0.0024442791588921,0.0008256233263599,-0.0022368877299993,0.005952201970976,0.0006775366468353,0.0118857208082191,-0.0009110625934735,0.0077985885334253,-0.0098252920406703,-0.0076736162967062,0.0026575817695512,0.002974155400875,-0.0008556235056866,-0.005181115
2021-03-23 00:00:00+00:00,-0.015234535644415,-0.0156445633820632,-0.0145365481004852,-0.005560166739792,-0.0099367508529756,-0.0198656278499644,-0.0177279977917055,-0.0119731555036573,-0.0206352991702839,-0.0006647042106882,0.0001239661642529,-0.0110076445595481,-0.0009966907291155,0.0024910379090693,-0.0044336753405555,-0.003891780375
2021-03-24 00:00:00+00:00,-0.0083451154526344,-0.0055310128154325,-0.0095778172763348,0.0231596036820142,0.0008840759573065,-0.0026512772526341,0.0039918117035279,-0.009097848678495,0.0062473492639714,-0.0066460031479826,-0.0036702195879791,0.0033873416109341,-0.0037844739968361,-0.0022968850625203,-0.007073400455936,0.0051643487500000005
2021-03-25 00:00:00+00:00,0.0102703433874554,0.0190559949405296,0.0212553438333419,-0.0006768309051504,0.0131151528588069,0.0097704425035627,0.0142894538255666,0.0074345142785239,0.0205932125287552,0.0121687868383951,0.0163894426930982,0.0060867913322345,0.000136924409313,-0.0020758902317571,0.0007338342411098,0.0036664875000000006
2021-03-26 00:00:00+00:00,-0.0060660523474467,0.014365799151595,0.0156578911762931,0.0247262040089794,0.0112887502568568,0.0173402415251041,0.0195352263176828,0.0357301715324789,0.0217097019974588,0.0190747170086369,0.0004631827623679,-0.0003763238418596,0.0015788352395838,-0.0008672114000849,-0.0020602283980225,-0.00790300625
2021-03-29 00:00:00+00:00,-0.0063328068399341,-0.0054686705485619,5.494849600501753e-05,-0.0091305966712405,-0.006502252446476,-0.0038402417180376,-0.0019862368132739,-0.0069119913821363,0.0018286748877194,-0.0092592771243775,9.730891304921304e-05,-0.0051887049846245,-0.0051111309085765,0.0019340108866388,-0.0029315909816446,0.005670847499999999
2021-03-30 00:00:00+00:00,0.0079850086169381,0.0059697260779678,0.0051023155671852,-0.0203107836838991,0.000579749992895,0.0004315701103179,0.0032047967235736,-0.0035149039191697,-0.0037679625259281,0.0021376754572921,0.0034540576558577,0.0082095618539713,0.0034479745309146,-0.0023813947939795,0.0017466813430192,-0.0080517225
2021-03-31 00:00:00+00:00,-0.0133450198314332,-0.0058944769883075,-0.0075736092090587,0.0014478052627275,-0.0054524135070029,0.0047189840630252,-0.0002324978712976,0.0145207882633268,-0.0065845317550627,-0.0033595156528884,0.013825513229161,-0.0048152221196323,0.0069731278464495,0.0025307839568547,0.0048310441481425,-0.0007705052499999995
2021-04-01 00:00:00+00:00,0.0187025982729853,0.0071932419464038,0.0043376788061805,0.0277227758937546,0.0167253120156925,0.0036772853206309,0.0071193545849571,0.0190928693256865,0.0045666765038339,0.0200163683870485,0.0023551056920331,0.0015026181271847,0.001466654755237,0.0005261907154161,0.0005604648260408,0.007631025
2021-04-05 00:00:00+00:00,0.011353577034038,0.0188752845282967,0.0107164485853413,-0.0306145946057825,0.0068420298241231,0.0079058502335108,0.0132886995995892,0.0150359587987764,0.0125889965689414,0.0024917575957045,0.0103174581072603,0.0012862596663005,-0.0008049167521188,0.0014517466267558,-0.0013025484456305,0.00582229125
2021-04-06 00:00:00+00:00,0.0033568883558498,0.0101118377495981,0.0065430243074537,-0.0014678920043448,-0.0003400829196341,0.0004629845149264,-0.0019114348856823,-0.0049374491775966,0.0003629763585527,0.0031889029530163,0.0073033948300489,-0.0004335346573987,0.0013752764450075,-0.0009957603251309,0.0031087539806525,-0.0017634565
2021-04-07 00:00:00+00:00,-0.0002999826967935,-0.0072124018283962,-0.0043995329492438,0.0060767731315011,0.0019246841662962,-0.0047994589481563,-0.0071769552780708,-0.0034042580180531,-0.0124652649213898,0.0035831949319496,-0.003720020450164,0.0005496950333179,-0.0010089935557225,0.001834560370901,-0.0023305624056352,0.009299639999999998
2021-04-08 00:00:00+00:00,-0.0047314609907092,-0.0005940691864662,-0.0004227108305487,-0.0146180448109882,0.0015744349086546,0.0031168373537825,0.0037785151923104,0.0107536936162163,0.0009482221874161,-0.0018597908442452,0.0010752218624174,-0.0028395067837167,0.0029552752915834,0.0009742150088574,0.0021784688252858,0.00039147460000000004
2021-04-09 00:00:00+00:00,-0.000636839694373,0.0080109712640355,-0.0026962394348483,-0.0095777161069497,0.0054328001305825,0.0106369747792295,0.0074866560330993,0.0019474113761399,0.0076961202893688,0.0019331844715274,-0.0011542597527302,-0.0007678774604543,0.0018279562046922,-0.0012845218598466,-0.0020561484858238,0.0026651875
2021-04-12 00:00:00+00:00,0.0042023565709832,0.002411183079978,0.0046898676900033,-0.0050342962067736,0.0057025118040162,0.00132346583165,0.004078653446315,-0.0001984973792066,0.0031811592975082,0.0033729610200905,-0.0015741287465804,-0.0014829346725965,0.0011270100842815,-0.0013257154959079,-0.0018681253213528,0.0025431337499999995
2021-04-13 00:00:00+00:00,-0.012194493295767,-0.0053614816172726,-0.0077330892190589,0.0089972108858741,-0.0021801858145784,0.0033918168943332,-0.003427679070269,-0.0020390999703258,-0.0018108824963147,0.0077348983296917,0.015044400305338,-0.0071281073985099,0.0021891297230838,0.0034454482654595,0.0048616769764804,0.0023415
2021-04-14 00:00:00+00:00,0.0026877028423577,-0.0013006296148701,0.0050312904502178,0.0269075855574372,0.0048218819841808,0.0047137284080835,0.0007229396758706,-0.0035896444974372,0.0095314022734844,-0.0032603177365087,0.0068425840781156,0.0042816618984871,0.000916286062191,-0.0015960762578545,-0.0004425815934964,-0.004391159375
2021-04-15 00:00:00+00:00,0.0054039013790763,0.0031020340227091,0.0041601037348483,-0.0031876062383414,0.0046703781897177,0.014318784382411,0.0053911669145938,0.011995013751511,0.0127394602398614,0.0159335077927363,0.0093048854050029,-0.0052522064619612,0.0012281036257626,0.0006045169666736,-0.0001560276117049,0.008511534375
2021-04-16 00:00:00+00:00,0.0029399658490476,0.0095390730825447,0.0066986135268328,-0.0054669917718955,0.0032771578324287,0.0075629436963254,0.003238938473255,0.0020722302799185,0.0094473771139514,0.0018703997012461,0.005438971074574,-0.0020702244204555,0.0019932938560042,-0.0020327015970376,-0.0015608138094109,0.001063786
2021-04-19 00:00:00+00:00,-0.0004125771771322,-0.0056555944494515,-0.0057814631071382,0.0014255802083442,-0.0019405272034503,-0.0046535630822676,-0.0049493530181096,-0.0099544906936403,-0.0040959006126211,0.0014922992355983,-0.0101460555672331,-0.0011798077565981,-0.0018921552349728,-0.0015238367943939,-0.0017368943488725,-0.0009831562499999999
2021-04-20 00:00:00+00:00,-0.01229005813095,-0.0120607718746959,-0.0082356896590141,-0.0243303490400293,-0.0133880713279506,-0.0038820987688136,-0.0111699696794742,-0.0081618012029664,-0.0095468965323423,0.0045939142043925,-0.0005363017953469,-0.0061630164325769,-0.0036792994603444,-0.0028627780529992,-0.0038639736041271,0.001044175375
2021-04-21 00:00:00+00:00,0.012591698855308,0.0105210890195438,0.0145624026668565,0.0069424817754529,0.0121203222605467,0.0176721616225097,0.0140421368529533,0.0135792472526064,0.0179816108993396,0.0093841069360335,0.0009956400169506,0.005910048368773,0.0003838147275029,0.0011027248879798,0.002660701115748,-0.004470455
2021-04-22 00:00:00+00:00,0.0015086394753013,0.0017477377491224,-0.0087627242350887,-0.0043422549131032,-0.006359137907908,-0.0030088656526318,-0.0013509116696371,-0.0053702258313618,-0.0167464020499976,-0.0040162200800992,-0.0098080707378675,-0.0027381150240189,-0.0003331947443802,-0.0023331657340195,0.0010980047709395,-0.008012766875
2021-04-23 00:00:00+00:00,0.0017605613942282,0.006709478988888,0.002264067840692,0.0060224559051045,0.0166443400392241,0.0111913394080539,0.010408599286392,0.0126121876950685,0.0151276264425581,0.0070700883794048,0.00455544352422,0.0034579214749407,0.0027800711430187,0.0006194490167948,0.0018366427552203,0.00752589875
2021-04-26 00:00:00+00:00,-0.0040851121204659,-0.0027734393588292,-0.0018988078497646,0.0109990176969734,0.0030135515646269,0.0029142986772567,0.0003312692082716,0.0065116769617075,0.0114627543019366,0.0068767521657113,0.0037219889442445,0.0021203658434627,0.0021959508576349,0.0019791146171415,0.0047098237689561,0.0030521211111111104
2021-04-27 00:00:00+00:00,0.0035806159759895,0.0072983445915498,0.0032498091450354,0.0041326448076224,0.0041397144824291,-0.0032481976402095,0.0046196188607419,-0.0054492621701339,-0.00195790026464,0.0014660525909435,-0.0067619349010536,0.0013057990902108,0.0011021568670204,-0.0006267097932058,2.4555790537692147e-05,0.003745223333333334
2021-04-28 00:00:00+00:00,0.0028191407497504,-0.001060539894001,0.0019716658719647,0.0342305521331966,0.0003605321230431,-0.0007499341079944,-0.0047082064120585,-0.0057250509090635,0.0069117532209447,-0.0060945564497315,-0.0004576463580032,0.0043557593828237,-0.0016427773664447,-0.0012352876894749,-0.0009664214296397,0.003296202222222223
2021-04-29 00:00:00+00:00,0.0119266093439684,0.0041631724680752,0.0097714323870926,0.0054721544230013,0.011530085970434,-0.0072169176869738,0.0073624242614713,-0.0014654066667378,0.0045094366302115,0.006304270975192,0.0024962837374047,-0.0005798285016961,-0.0016288577544494,-0.0014367729842774,-0.003806887356877,0.004328975888888889
2021-04-30 00:00:00+00:00,-0.0067434904112029,-0.0002229086798396,-0.0046363075169973,-0.0163417044642984,-0.0067092926582758,-0.0015989721090908,-0.0071883445921522,-0.0190900068742268,-0.0107032000821518,0.0024426137961004,0.0071935119493781,-0.0020018036630505,-0.0008421140233407,0.0014423268718044,-0.0002977546729433,0.0004846644444444446
2021-05-03 00:00:00+00:00,0.001556230892,0.0086056463455523,0.0070840159984668,0.0352234721689547,0.0039028657370632,0.0076014547815987,0.0084786153279896,-0.0076615281459832,0.0137392542805315,-0.0044145111877318,-0.0029385891098259,-0.001151563729415,0.0003974143103571,-0.0024350617766368,-0.0015979260634326,-0.0036295933333333336
2021-05-04 00:00:00+00:00,-0.0078295567660156,-0.0030544342015071,-0.0049097246756494,0.0071648351302986,0.0026567115017824,-0.0029833546878166,0.0012884076499057,-0.0063840981705869,0.0175612591838164,-0.0081058907071815,-0.0080155354087384,-0.0001615457392368,0.0007277514858339,-0.0036964834361799,-0.0049132470400495,0.005985212802222222
2021-05-05 00:00:00+00:00,0.0070596413179857,-0.0022585104290775,0.005093719983189,0.0240705270884979,0.0043966872177476,0.0006955639645261,-0.0017131401678463,0.0008932368945514,0.0049268080771639,-0.0164347285124047,-0.0161491827071576,0.0022456616104122,0.0020555764816334,-0.0022546130201267,-0.0030879002471696,-0.0009169145555555558
2021-05-06 00:00:00+00:00,0.0064916331961035,0.0005556571696862,0.005971406194166,0.0005445928475264,0.0076741291142514,-0.0030245126581762,0.0065765757925926,0.0082036237974923,0.0159804906743068,0.0095007324018824,0.0026733586783854,0.0010076883536039,-0.0001819527296885,0.0014268287870501,-0.0071008137210634,-0.0006772922222222223
2021-05-07 00:00:00+00:00,0.0202762313947243,0.0117916782311086,0.0086938413003762,0.0248772024449019,0.0043877041890642,0.012380449410863,0.0080907162618322,0.0103852920045885,0.0096462906492795,0.0148018747084576,0.0093037098128358,0.0026726033688426,0.0023865555749086,-0.0014568795809231,0.0028500419521552,-0.005417178
2021-05-10 00:00:00+00:00,-0.0129255017007731,-0.0022543956404797,-0.0050414331888087,0.0088160448457637,-0.0040693697746485,-0.0092724212982619,-0.0022385404332659,-0.018598350702128,-0.0038113368278331,-0.0037804509300139,-0.0067008783056824,-0.004617785276367,-0.0038128498028762,-0.0047758622698612,-0.0054298840567645,-0.004634324444444444
2021-05-11 00:00:00+00:00,-0.0068506227475133,-0.0205584427311549,-0.0100092695037367,-0.0182576503485495,-0.0123196671958458,-0.0104108786442534,-0.0116913896173909,-0.0026645584247749,0.0040968240628961,-0.007731924799276,-0.0081123603206383,-0.0018894290560608,0.0011705183846499,0.0032015582987948,0.0042875072603362,0.011435055555555554
2021-05-12 00:00:00+00:00,-0.0231624987444588,-0.0318942207223119,-0.0216830515289492,0.0005998741627673,-0.0167686680630982,-0.0152283751023102,-0.0275249655345145,-0.0329233722597201,-0.0239717666401195,-0.0279221678341163,-0.0291858635169754,-0.0016255034661385,-0.0051760264057187,0.0020676051501789,-0.0029499649242475,-0.0009670225888888893
2021-05-13 00:00:00+00:00,0.0151257458817553,0.0163645183651226,0.0136943978790762,-0.0179092834195621,0.0162812601807775,0.0106751188292604,0.0196362984376692,0.0160352331469057,0.0137676443846974,0.0117496806192915,0.0130314075652198,0.002891184773091,-0.0011222903040946,-0.0027881419304917,-0.0037601240922442,-0.004544604444444444
2021-05-14 00:00:00+00:00,0.0125544172991615,0.0174135746344415,0.0161344319016653,0.0264826346702372,0.0167661295784625,0.0120350551297949,0.0162805504721472,0.0220455405229809,0.0120476540834561,0.0138481795865773,0.0189283601365318,0.0050752011561953,0.0012929947115867,0.0027668337323871,0.0063916499163228,0.0034105100000000003
2021-05-17 00:00:00+00:00,-0.0150626459580487,-0.006139337595861,-0.0029017565596487,0.0247355523442403,-0.0024476725060606,-0.006381127177806,-0.0025467072132937,-0.0035508196163655,0.0081377110117506,0.0010903051961715,-0.0080274439199222,0.000762963969383,-0.0014496152713058,-7.759743011062002e-05,0.0010057052327938,0.009552394444444445
2021-05-18 00:00:00+00:00,-0.0078429149021034,-0.0090781509987002,-0.0082110238957342,-0.0227025619336881,-0.0122979399706236,-0.0025531005798333,-0.0145872074949497,-0.0081764891578034,-0.0115144584198946,-0.0010791042661268,-0.0018653986193845,-0.0024419599925672,-0.0005588546114894,0.0005476322076816,0.0023972340830309,-0.0017987547111111115
2021-05-19 00:00:00+00:00,-0.0051542245605595,-0.0123694560962632,-0.0028460401571088,-0.0222549648481079,-0.0048084892699766,-0.0007616251768604,-0.004729049489025,0.0053653338830563,-0.0132916496837647,-0.0055147208312839,-0.0009497251294407,0.0005752501322101,-0.00136819751264,0.0018050631038809,0.0001884929410039,-0.002753684444444444
2021-05-20 00:00:00+00:00,0.0143475459141885,0.0087522160489607,0.0090113009822823,0.0018980358681402,0.0062759358601255,0.012994879658172,0.0051987195234735,0.0203911764568479,-0.0041972477356569,0.0131603247367554,0.0078536083887785,-0.0026387604728235,0.0026505994631283,0.0028688113188126,0.0017447828432288,-0.005553937777777778
2021-05-21 00:00:00+00:00,0.0035376810183574,-0.0017894904161237,0.0024964447688819,0.0023617420250798,0.0061792000871039,0.0015030355881211,0.0027181172748045,-0.0046871082035726,0.0047357883465442,-0.001444211624543,0.0031631273934275,0.0009796055074747,-0.0001768241954246,-0.0013845085357655,-0.0007573157124479,0.0030113144444444445
2021-05-24 00:00:00+00:00,0.0109915298038066,0.0040520483139056,0.0063915365626586,-0.0016379186019478,0.0017781450400638,0.007096214633329,0.0070285738930303,0.0126661119957622,0.0075223630068331,0.0150871030823805,0.0085600281312566,0.0042886858888605,0.001532139676302,0.0031316457664743,0.0006133604904049,0.002980491
2021-05-25 00:00:00+00:00,-0.0074142086268627,0.0072582280179236,-8.206345340113179e-05,-0.0194461793647827,-0.0085430111818423,-0.0020839733633243,-0.0020102411812378,-0.0005273331923889,-0.0116503684191326,0.0029653523676146,-0.0113989310835394,-0.0009299482991996,0.0013888340449099,0.0010282019820489,0.000269383458289,0.0007624965555555555
2021-05-26 00:00:00+00:00,0.0028534117181618,0.0093756016503651,0.0040004538439972,0.0080722947506863,0.0040897164788272,-0.001717864025647,0.0047275334268077,-0.000971527127453,0.0028697276799264,0.0043570912125945,0.0045542679005734,0.0017645103858927,0.0011355184200973,2.238246029629239e-05,0.0033950222627488,-0.000434382777777778
2021-05-27 00:00:00+00:00,0.0108686585072239,0.0046556301572487,-0.0001574573477167,0.0011110485257987,0.0106813477345,0.0048367965828367,0.0117379055305468,0.0019343905781851,0.0106316883212911,-0.0008286939428403,-0.0003618157972932,0.0045596402943025,9.15567828080766e-05,-2.085261806727746e-06,0.0020709752410875,0.00032761277777777764
2021-05-28 00:00:00+00:00,-0.0055204404177933,-0.0032932054375148,0.0003911594969082,0.0019195313926506,0.0002653282906452,0.003926094600806,-0.0001558772692347,-0.0002744560526842,-0.0029906036241799,0.0063072287670034,0.0040868131614488,-0.0018959639307629,0.0017121417173698,-0.0007038704559906,-0.0010754948902199,0.009608702444444445
2021-06-01 00:00:00+00:00,-0.0005374228445066,-0.0012393649072566,0.0067313687871864,0.0391969977911381,0.0010949893585049,-0.006005379630034,0.0022240302998599,-0.0045075296586594,0.0142970162552173,0.0188512904362456,0.0017165460088812,0.0060997883665708,-0.0004332636635183,-0.0006124849902291,0.0013618908091259,0.0061568149999999995
2021-06-02 00:00:00+00:00,-0.0128326525577537,-0.0049414604429438,0.001806188995813,0.0207412044747744,0.0038854442329755,-0.0070987778622412,-0.0006622299458487,0.0032810707364351,-0.007878431062042,0.0121350959095992,0.0029510707611052,-0.0024943701629422,-0.0030011199868863,0.0023502546901759,0.0031518806562789,0.010758167111111112
2021-06-03 00:00:00+00:00,-0.003259540652544,-0.0069761295291931,0.0010321369869613,0.0069537624588923,0.0009827572525125,0.0020251138779511,-0.0061148748894214,-0.0051865757516588,7.076451307761063e-05,-0.0074917078709825,0.0045508359019558,-0.0015518659049988,0.0003698167645412,-0.003247013637588,-0.0024659681157079,0.002822876666666666
2021-06-04 00:00:00+00:00,0.0092102913370507,0.0044695712039342,0.0030037211530831,0.0082735769302613,0.0021073860813619,0.006044264371399,0.0067185024563078,0.0170557773368629,0.0034464879561844,0.0004821078289779,0.0006677974942866,-0.0024863527173897,0.0014980386256684,0.0017780071990444,0.0014782828412828,0.0014550600000000002
2021-06-07 00:00:00+00:00,-0.0048730101016074,-0.0015042728840303,-0.0041235893099975,0.0042652533031042,-0.0027744907827214,0.0071520357849089,-0.0031361345796143,-0.0056117261427412,-0.0069719976708099,0.0137700930271269,0.0046949397452193,-0.0028241764355034,-0.0012329186636388,0.001072014554187,0.0076394599076762,0.0019719888888888887
2021-06-08 00:00:00+00:00,0.0040676447989653,0.0061121138206514,-0.0031462648251924,0.0035654882792173,0.001139132907737,-0.0006844231498231,0.0040947947630518,0.0006228379210433,0.0027338266971048,0.005432703946307,-0.0044221047501252,0.0004748901058338,0.0002920678482763,-0.0022483884529094,0.0015381646937267,0.0033456730000000004
2021-06-09 00:00:00+00:00,-0.0027493678045511,-0.0078679968205991,-0.0151862822451497,-0.0048607279126702,-0.0080124229163411,0.0032056070598301,-0.0071431812018444,-0.0031945365973153,-0.0060196065569774,0.0009913550743063,0.003091784904143,-0.0039794313818846,-0.0015584046334152,0.0008850766261532,-0.0010838968798376,0.0003337732222222225
2021-06-10 00:00:00+00:00,-0.0025956846468871,-0.0050707577677098,-0.0025467015322617,0.0018356527811489,-0.0039105171139406,0.0112096378545344,-0.0012252089735964,0.0137392761096357,-0.0030335307396294,0.007124248039007,0.0028312498347503,-0.0045363745324462,-0.0013149403686857,0.0019352429274824,0.0009462295408956,-0.002508122222222222
2021-06-11 00:00:00+00:00,0.0061285776578676,0.0109631350980738,0.0033672829985841,0.001370958807026,0.0065202964237279,-0.0032066492209888,0.0035386691870095,0.0026406550629774,0.0009692571110324,-0.001146940548571,0.0070055887512231,0.0002385535384192,0.0010222301030571,-0.0014101820426266,0.0017787714188677,-0.0007055083333333335
2021-06-14 00:00:00+00:00,-0.0042747392550439,-0.0086869362920852,-0.0077290068480996,-0.0057864024323063,-0.0045996243856486,-0.0014793930655436,-0.0041694761813083,0.0043629581389882,-0.0134657585064758,-0.0016717053320869,-0.0043747080539439,-0.0019897663663024,-0.0027910641021411,0.0019283943242406,-0.0006298298917022,0.0015937304444444446
2021-06-15 00:00:00+00:00,-0.0033641861543118,-0.0008036443830931,-0.0037152244541025,0.0167297960294182,0.0029575055003765,0.0012688225815247,0.0022259582679534,-0.0057665124693415,-0.002276637433811,-0.0091782914472232,0.0018145786242976,0.0019800437250281,0.0008462245029163,-0.0012680862714626,-0.0038581710783783,-0.006852212522222222
2021-06-16 00:00:00+00:00,-0.0069763879386917,-0.0048791188168734,-0.0098123603436278,-0.0070080025235982,-0.0016374118236176,-0.0033120230206284,-0.00933746318477,-0.0072375584610591,-0.0144953041206168,-0.0059385750984628,-0.014153835636799,-9.692715730057674e-05,0.0003765166202001,-0.0009466303810627,0.0022585775277324,0.006230216544444445
2021-06-17 00:00:00+00:00,-0.0090856405532842,-0.001599938365513,-0.0081077791382562,-0.0283925275810883,-0.017541183157937,0.0006101255406379,-0.0097083272757696,0.0054462343978158,-0.0180701074086516,0.0005027635552212,-0.0019118918675664,-0.0075870207988148,-0.0031075993813619,0.0056601332388564,0.0031467774172154,0.012321292666666667
2021-06-18 00:00:00+00:00,-0.0173892052093487,-0.0115469039297989,-0.0205616349158928,-0.0242721896078074,-0.0211605139135335,-0.0172897435493309,-0.011702176110029,-0.0174099848720217,-0.0150231296579861,-0.0168745955468204,-0.0312762243373405,-0.0048410013452451,-0.0014780987935941,0.0007440839078325,0.0030030046866906,-0.0006586868677777777
2021-06-21 00:00:00+00:00,0.0175214270500861,0.0181058552644273,0.0191392110738746,0.0451920419113758,0.0218332982669992,0.019396606552433,0.0203246895072616,0.0124523251511568,0.0218305928383184,0.0233020929229119,0.0198692633191979,0.0049137603035176,0.0024552445995235,-0.0016856590753583,-0.0016592488462666,-0.0048549069999999995
2021-06-22 00:00:00+00:00,0.0046379835538672,0.0067019597359484,-0.0006678593799742,0.0038726381348245,0.0022433464698926,0.0020841873097288,0.0036165767571651,0.0028278387604339,0.0037423136925225,-0.004534159244469,-0.0064365363907662,-0.0031255245279471,0.0016864667238601,0.0015016143023553,0.001722077041471,-0.0006285627777777776
2021-06-23 00:00:00+00:00,-0.0033734745918943,-0.000461706899772,-0.0020540583204526,2.9294410201747008e-05,0.0022002865991798,-0.0031537419174979,-0.0007660584710258,-0.0008414201502279,-0.0049762778638623,0.0010079965178036,-0.0047997537057776,0.0027243555030676,0.0006677988397626,0.0009199340382008,0.0025110911544855,0.0027661495555555554
2021-06-24 00:00:00+00:00,0.0178525941081861,0.0056946356234306,0.0060922771377684,0.0059002058021572,0.0116610970186829,0.0049048850304539,0.0058564174089637,0.0106196224771936,0.0071320408829385,-0.0037810749518168,0.0038479819994596,0.0032460861128968,-0.0006590134288638,0.0005059456267504,0.0002331516443781,-0.007725493333333333
2021-06-25 00:00:00+00:00,0.0040083795699877,0.007744396834377,0.0055209469234096,0.0051119660172875,0.0108376930978029,0.0046166973344919,0.0046738338593311,0.0050956270123624,0.0003144998129765,0.0051290945286966,0.0081570259450288,-2.7013385944048913e-05,-0.00204444699457,-0.0018550617533293,-0.0001225927344828,-0.0031882744444444444
2021-06-28 00:00:00+00:00,-0.0065472557505911,-0.0095467288066374,-0.0039725281044639,-0.0273802170865582,-0.0075359329531683,-0.0019748337867323,-0.0027514868229662,0.0092912695900844,-0.0050687316863824,-0.0041126394696508,0.0073350544243508,-0.0070080953134689,0.0033193177401765,0.0014965477342663,0.0016220067781946,0.0010510755555555556
2021-06-29 00:00:00+00:00,-0.0070290178243551,0.002992178356277,-0.0036128091035728,0.002110784487044,-0.0025637557390218,0.0003899813088071,-0.0008903117315713,0.0065889636770324,-0.000512409681243,-0.0037966305025086,-0.0161192714971815,-0.0022650839538036,0.0016326834141399,0.0006570510441765,1.4283725454959013e-05,-0.004386797444444444
2021-06-30 00:00:00+00:00,0.0016665124870959,0.0048248400283039,0.0047612442976561,0.0111637600261829,-0.000129917660512,-0.0001331288265871,0.0068955560663312,-0.0074167325512251,0.0053154568422179,-0.0046271363792137,0.0006522164370472,0.0026453457018102,-0.0006259222675374,0.0006018628202902,-0.0003146122562721,0.006925099999999999
2021-07-01 00:00:00+00:00,0.0099984640335626,0.0087090252954921,-0.0008811314419776,0.0191223828653447,0.0066823328630393,0.0097784974215469,0.0038274628233614,-0.0013313444416584,0.0060099789777377,0.0037834476100152,0.0038326401660272,0.0021645223615697,-0.0018255552226487,-0.0012991250498007,-0.0017995521369257,-0.0015026722222222224
2021-07-02 00:00:00+00:00,-0.0036643213859865,0.0066561067457942,-0.0021600168534497,-7.700714640901111e-05,0.0004900115859229,0.004908890189417,0.0022117559078418,0.0076042246982617,-0.0002073764690167,0.0026679201211018,-0.0014980974230111,-0.0027153794866705,-0.0005559766868561,0.0016348596723496,-0.0014485674305443,0.005183247333333333
2021-07-06 00:00:00+00:00,-0.0117789035433893,-0.0066605786816007,-0.0157999608885541,-0.023457493247831,-0.0082740720208149,-0.007794074438896,-0.0079726781458545,0.0004173664136435,-0.0122661630285821,0.0050097149405635,-0.0040300706423512,-0.0094029100823863,0.0016464117619747,0.0007117637916757,-0.0001339448269291,0.006679266666666666
2021-07-07 00:00:00+00:00,0.001081932300439,0.001262061400644,-0.0004806838290415,-0.0141093370425033,0.0022994095157367,0.0034711018733111,0.0097857712397295,0.0015390874484649,0.0127003209915773,0.0008294496355789,0.0025371093181994,-0.0044023862834636,0.0004677593497783,-0.0019177845694917,-0.0025079870367344,-0.006335891666666666
2021-07-08 00:00:00+00:00,-0.0175459330094007,-0.0114738764794731,-0.0070364398246174,0.001285056697343,-0.0170479594837067,-0.0080497179539026,-0.0113257150284619,-0.0107273472918288,-0.0116932473735709,-0.0006293688297108,-0.0031809873698257,-0.0040217338300212,0.0011391387126446,0.0018346661852541,0.0021729889930332,-0.002185377666666667
2021-07-09 00:00:00+00:00,0.0169477459244772,0.0144307375562902,0.0136492503616605,0.0146080051188207,0.0212162806166134,0.0103950722784703,0.0144461478969217,0.0132842514763237,0.0179134365328894,0.0193285131681048,0.0092467104778584,0.0073725273042245,0.0005217311261505,-0.001445396204991,-0.0003403000270439,0.003236496
2021-07-12 00:00:00+00:00,0.0053537426626139,-0.0010049364069538,0.0017092431933398,-0.0060468042255963,0.0062531751274524,0.0037009563346401,0.0020743389678176,-0.0027933464505839,0.0017676310600553,0.0093444232277965,0.007840131028463,0.001927659534995,0.0032738138586403,0.0019101530100783,-0.0008870210629053,-0.002828970888888889
2021-07-13 00:00:00+00:00,-0.0129379291581456,-0.0092096917196729,-0.0120934020909703,-0.0024072093279777,-0.0084214419865046,-0.0088056669836692,-0.0093862655573661,-0.0056973822838825,-0.0086389857029153,-0.0156339055841521,-0.0159186059683686,-0.0054100208639257,-0.0001069242282575,0.001305528328028,-0.0023900885607068,-0.0030793288888888884
2021-07-14 00:00:00+00:00,0.0040272540554562,0.0003934674752075,0.0010494130321295,-0.0302988487268053,-0.0022945145248986,-0.0040740970444725,-0.0015260980038806,0.0029755895702055,-0.0004498323783642,0.0063430574573369,0.0007999617699028,-0.0021240306496096,-0.0006089658519955,0.0004164688802348,-0.0039608616279208,-0.005514595555555555
2021-07-15 00:00:00+00:00,-0.0067658616995742,-0.005012493168196,-0.0002876752263555,-0.0144839292337217,0.0040088979522818,-0.0022288002751518,0.0001268681551816,-0.0110733792549998,-0.0008831338417745,-0.0009381918925037,0.0060911675937059,-0.003535283921986,0.0010286323910822,-0.0011820330920773,-0.0021358757280431,-0.006524987333333333
2021-07-16 00:00:00+00:00,-0.0116719919912595,-0.0102828947198913,-0.0093426550651702,-0.0154752990504539,-0.0072546213724784,-0.0045849690152476,-0.0067536953734288,-0.0097267744281218,-0.0152178187912408,-0.0022238592690523,0.00137249099438,-0.0084770071341216,0.0005203258453632,-0.0006426878773816,-0.0011304617727175,-0.0025842584444444447
2021-07-19 00:00:00+00:00,-0.0215154077556076,-0.0142450051513724,-0.0063948933458705,-0.0219946992345343,-0.0220260106994148,-0.0169043576783425,-0.015145860999969,-0.0040060965982024,-0.022084558611131,-0.0199168298498928,-0.0215335935397821,-0.0109450201706201,0.0032952244473148,0.0016426846127472,0.005250526243072,-0.0008737833333333334
2021-07-20 00:00:00+00:00,0.0107971335828868,0.0228144026761737,0.0145224688084627,0.0025858505660372,0.0188441495195558,0.0239560424955521,0.0245755456630655,0.0151170597035003,0.0123924704356151,0.0255883630527205,0.0143207915842105,0.0106822119738098,0.0009721238043743,-0.0018197503183262,-1.5489752308707176e-05,0.0013208999999999999
2021-07-21 00:00:00+00:00,0.0092180300545105,0.0112453317204421,0.006146944875481,0.0240845746748905,0.0108353152096562,0.0076633097071163,0.009998878243846,0.0091928391375238,0.0091323927845428,0.0039921105803437,0.0012389737379235,0.009075978683114,-0.0001803974941062,0.0014370627590908,0.002944900137219,0.007370301111111112
2021-07-22 00:00:00+00:00,-0.003271070480115,0.0046274858200785,-0.0116253199846466,0.001042810801078,-0.0043089813812395,0.000906435206554,-0.0047118764817702,0.001122502827135,0.0028185802996172,-0.0081252921865606,0.000628313506404,-0.0080961285634846,0.0027848942422641,0.0017194323299862,-9.992741536381602e-05,-0.0022395588888888887
2021-07-23 00:00:00+00:00,0.0111837856155536,0.0096915762618151,0.0086975001143139,-0.0067758591784527,0.0053547359277126,0.0096380938580441,0.0052832054836903,0.0092566075344421,0.0041489007831373,0.0070149538905807,0.0095986882529947,-0.0033316389169594,0.0028339481863414,-0.0013933107525739,-0.0008797338893916,-0.008342438888888888
2021-07-26 00:00:00+00:00,0.0088052883229648,0.0066688107193084,0.0081942856511148,0.0208074717234435,0.0025882664592195,-0.0022677924399737,2.4646371308373928e-05,-0.0003972252734347,0.0116941482373082,0.0001603121899204,0.0020457558315349,0.0055441635951003,-0.0014996867793231,0.0012897535332025,0.0004541875421801,0.002351962222222222
2021-07-27 00:00:00+00:00,-0.0014433118780046,-0.0061019347192961,-0.0063726134581542,-0.0128812447485107,0.0010699786206027,0.0009767399612326,-0.0056020986482274,-0.0130214723032357,-0.0004457019144808,0.0031311116171448,0.0104070059980083,-0.0016814543381088,-0.0012210198078342,-0.0026533470523452,-0.0029585215451977,0.00832757111111111
2021-07-28 00:00:00+00:00,0.003919924524085,-0.0007889255112204,0.0023912975323329,0.0091821510508385,-0.0032190016577097,0.0095963507492242,-0.0010160443250135,0.0137262132407351,0.0080945599461693,-0.0019737837703932,0.0008312268827689,0.0021422640324365,0.0006132968616162,0.0003838531301497,0.0037617303204358,0.002420333333333334
2021-07-29 00:00:00+00:00,-0.0019052027264663,0.0055882223416027,0.0079430756130751,-0.005182905388958,0.0058243287003868,0.0064696149736728,0.0048473540891522,0.0061142131562329,0.0068281871584619,0.0008651402695174,0.0004340049681886,0.0043023221798412,0.0019321880011457,-0.0024784920336214,-0.0042157152383063,-0.0042862057777777775
2021-07-30 00:00:00+00:00,0.0029140257799462,-0.003453854274689,-0.0028253141499232,-0.0133555648059668,-0.0022604970341964,0.0014797278777815,0.0015698254006729,0.0092080993311982,0.0031053829711287,0.0025588314521127,-0.0092161529297195,-0.0025588627197303,0.0021869753069914,-0.0003472170289388,0.0003778883883998,-0.004623820644444445
2021-08-02 00:00:00+00:00,-0.0012382282700516,0.0009398821703129,-0.0056358511645754,-0.0102672076608546,-0.0026786654849188,0.0003162316489822,-0.0058759309777147,0.0019731582168761,-0.0108455436075004,-0.0010918874277856,0.0063509709536643,-0.0014545100907135,0.0013316076485761,-0.0003067546429911,1.991447014035252e-05,-0.0011143555555555552
2021-08-03 00:00:00+00:00,-0.0053523781545726,0.0040747703350953,0.0043905986157676,0.013801288798285,0.0047489065628308,0.0101168337120933,0.0106753890466651,0.0077190206614976,0.0103614952747031,0.0006543997044051,0.0110205780154209,-8.209689945562219e-05,0.0045917556782127,-5.6558826451368634e-05,0.0002196985101387,0.0015950177777777784
2021-08-04 00:00:00+00:00,-0.0025427794439076,-0.0120336015256062,-0.0156712226759364,-0.0213534886130908,-0.0027075852950772,-0.0085175061477143,-0.0109324201912255,-0.0016918257787491,-0.0070043765027896,-0.0045882953586657,-0.0032619305914178,-0.0063738993823885,0.0050057773079156,0.0012564819210366,0.0012421939152045,0.00018049777777777752
2021-08-05 00:00:00+00:00,0.0128731619361613,0.0103602714606744,0.0119296204884635,0.0053633328219118,0.0100053585950711,-0.0034440851454976,0.0064564656395454,0.0007825956782619,-0.0015527046314221,0.0151028583620503,0.0184274083655005,0.0060816226125875,-9.299666465253424e-05,0.002110032686156,0.0036329522186803,-0.006067663800000001
2021-08-06 00:00:00+00:00,0.0012992335391224,-0.0046780803167468,0.0062347559769991,0.0024948812033838,0.0131321721299474,0.0041900220236867,0.002584529256204,9.350254409777968e-05,0.0116025838652085,-0.0005500816923322,0.0033081307415929,0.0053701783063948,-0.0020705589961836,-0.0002666869742697,-0.0007216657338001,-0.003827919555555556
2021-08-09 00:00:00+00:00,-0.0087947377579912,-0.0092810431160098,0.0065754283136004,-0.0072741439901295,0.003202563510387,-0.0004254128304629,-0.0029343016044851,-0.0045855663223481,0.0069261676555451,-0.0050933013172268,0.0056993563869834,-0.003378915987552,0.0029249241243082,0.0007165994690068,0.0037972969491094,0.0013910296666666668
2021-08-10 00:00:00+00:00,0.0106932308569839,0.0105559317704798,0.0154235096881957,0.0093950985243668,0.001406005881653,-0.0029294115695509,0.0070486432883024,-0.0083388998351138,0.0201505370298217,-0.0072098434958011,0.004315219740241,0.0074961281951786,-0.0014939770939126,-0.0005337324725992,-0.0011471059522058,0.002648215511111111
2021-08-11 00:00:00+00:00,0.005458523456582,0.0101759932431854,0.0035634406980387,0.0019798523005725,0.0075725592802669,-0.0016301318401957,0.0118184097516404,0.0038385658616614,0.0124340751114008,0.0045576465728093,0.0029938186445418,0.0038547052788558,-0.0034154962239105,-0.0015591323641025,-0.002601657559166,0.0028893075555555554
2021-08-12 00:00:00+00:00,0.0043580064910422,-0.0058906889291606,-0.0045864488998572,0.0014027465501376,0.000895882601995,0.0068145983601631,-0.0024875796776781,-0.0007770335090447,-0.0008728886972134,-0.0012898079488239,0.0002359518184313,-0.002953838860921,0.003192908838604,0.0001741435041101,-7.492897808865222e-05,0.006944233
2021-08-13 00:00:00+00:00,-0.0112492714613706,0.0022887578089729,0.0023369043364348,-0.0090364260773846,-0.0002107537148834,0.0002989070586766,-0.0014014950889825,0.0018850123864875,0.0029494126504697,0.00539371833339,-0.0002536734226281,-0.004885210681153,-0.0001252849572446,0.0006929963376374,-0.0007078305726635,0.005486170222222222
2021-08-16 00:00:00+00:00,0.0003881143081227,0.0023814454092082,-0.0001931848177377,-0.0180378169436438,-0.0005159588638459,0.008249435684148,0.0027837234070717,0.0013714714267299,-0.0075277061403102,-0.0061681452897679,-0.0024534954728609,-0.0036758943265177,0.000295714234256,-0.0019634077606521,-0.0044420838996897,-0.0014950977777777779
2021-08-17 00:00:00+00:00,-0.0071444138036999,-0.0200433810723313,-0.010460268930134,-0.0022140413624843,-0.0051504525145991,0.0032089242855646,-0.0109429096445792,-0.0090972248404011,-0.01420296238128,-0.0036593861267493,-0.0065376017510914,-0.0072439941370263,-0.0017010712246196,-0.0008582250687233,-0.0003001906026518,-0.00231327
2021-08-18 00:00:00+00:00,-0.0125301127426678,0.0001932481261692,-0.0104054110927251,-0.0233562091079429,-0.0126972105009885,-0.012214977593189,-0.0102248492125637,-0.009464687495625,-0.0082399376529976,-0.0078026901585921,-0.0046952202759312,0.0020815006993617,0.0001998514299434,0.0012209091341655,0.0015299588792961,0.00158885888888889
2021-08-19 00:00:00+00:00,-0.0050049906083858,-0.0023422223609092,-0.0052230632174572,-0.0159399906874997,-0.0024124361528991,-0.0005246727649186,-0.004322801987346,0.0052387893862875,-0.0124915563854457,0.0002505504154948,-0.0071022686737298,-0.0076562640339151,0.0016782867242671,-0.0002483101501033,-0.004762347595873,-0.00625872711111111
2021-08-20 00:00:00+00:00,0.0116906716773206,0.0085050337856002,0.0036557096972774,0.0048935708647089,0.0083191911749337,0.0059577102711128,0.0056499841828868,0.0091571288914388,0.0099309919327837,0.005026438081312,0.0147865274885559,-0.0002073270539797,0.0013568488605497,-0.0007537803500322,0.001415352749089,0.00444432388888889
2021-08-23 00:00:00+00:00,0.0121393873279553,0.006305967313104,0.0089350505559849,0.0336621778461312,0.0071488868265513,0.0048349129836996,0.008296235578441,0.0139813060914575,0.0104631947477817,0.0034408597828594,0.0021403718274517,0.0072078447757502,0.0002034174633944,0.0039041806303656,0.0049277810381861,0.0007361700000000003
2021-08-24 00:00:00+00:00,0.0013170091656987,0.01242108093376,0.0010596931373065,0.0077045214197392,0.003689426628118,0.0052046015937546,0.0048375197820496,0.0025581607612021,0.0049346538546987,0.0020227955326425,0.0004635469629511,0.0065230602690325,-0.0022346532368761,0.0001490184561217,0.0016843270424581,-6.427222222222235e-05
2021-08-25 00:00:00+00:00,0.0022482290467877,0.0088498344863494,0.0066421953734014,0.0054069743168816,0.0079199603291617,0.0037915104047835,0.0060118026575472,0.0049246969660145,0.0011458567751618,0.0010071470880426,0.0072562189373399,0.0039516269383748,0.0019686928338101,-0.0014981326569105,0.0003571006276946,-0.0005702508888888892
2021-08-26 00:00:00+00:00,-0.0096928346998717,-0.0128154358219882,-0.0155242863460816,-0.0084249999031162,-0.0067687827074212,-0.0081104485461547,-0.0056602695077466,-0.0028316227775025,-0.0043226487213415,-0.0030370310393601,-0.0075282072394918,-0.0040264410926627,0.0018746268110931,9.640422574585449e-05,-0.0015254665499017,-0.0010770563333333334
2021-08-27 00:00:00+00:00,0.0148853350675725,0.0049821814167051,0.0116146488033049,0.0278049644137171,0.0110888485275269,0.0071132951966612,0.0094411795089964,0.0135736578038755,0.0114581216592241,0.0124346264414527,0.0075263305210317,0.0063299289707555,-0.0002023831222639,-0.0001950029302577,0.0020097324384692,0.008635058444444444
2021-08-30 00:00:00+00:00,-0.0013575638689026,-1.856992692682649e-05,-0.0046943872677027,-0.0009665745517277,-0.0075409675088531,0.0004170127601611,0.0004248551016697,0.0024754150874589,-0.0015314621323619,0.0067105651950127,-0.0035350423966932,-0.0073331692117264,0.0022661947597115,0.0001720502071435,-0.000459702681584,-0.0030722922222222223
2021-08-31 00:00:00+00:00,0.0046571130036317,-0.0003069327330768,0.0015514489750834,-0.0050287686019896,0.0025021648075285,0.0027756339893192,-0.0040070140136041,-0.0012547094621523,-0.0045305758328219,0.0080343859616324,-0.0021269635611816,0.0008042803855727,-0.0031685948460755,-0.000733979247738,0.0010287285310707,0.0074974053333333335
2021-09-01 00:00:00+00:00,0.0015455631419135,-0.0011633290114928,-0.0005623565017073,-0.0090947798905486,-0.0009571908161591,-0.0040654038256811,-0.0019010427384681,-0.0038087610325969,-0.001048543240364,0.0116747678274852,0.0083614051797665,-0.005617628237486,0.0013756639938544,-0.0014768612168322,0.0014466198123871,-0.00522271531111111
2021-09-02 00:00:00+00:00,0.001225885220789,-0.0035221165472831,0.004255115167909,0.0243761409187328,-0.0001167535693406,0.0132197062650671,0.0125985300181131,0.00556353389838,0.0035369183544096,0.0056673196894068,0.0094238033344087,0.0019881686256878,-0.0005275311941367,-0.001160368591514,0.0012324147403518,-0.001140287777777778
2021-09-03 00:00:00+00:00,-0.006727447627525,-0.0062481950066987,-0.0054771380188084,0.0015261336459378,-0.0019428108700621,-0.0038960019519665,-0.0050105851022626,0.0015364118178221,-0.0051360260810264,-0.0008541659480603,-0.0073789496292764,-0.0043073124930793,0.0026490198368711,0.0005587147680335,0.0014881885439091,0.0005454333333333333
2021-09-07 00:00:00+00:00,-0.0080841032357493,-0.0024421713646485,-0.0082489004767683,-0.014936260000266,-0.0071733901981473,-0.0033016819907743,-0.0154450740852825,-0.0106032323602721,-0.0091287560520339,-0.0082871158776102,-0.0077449229203949,0.0030318390441786,-0.0018225352996903,0.0039609724452246,0.001691331788678,-0.001793499888888889
2021-09-08 00:00:00+00:00,-0.0070786088787284,0.0035698860548992,-0.0007440412358701,-0.0007545782275174,0.0017624469227625,-0.0052156730364771,0.0016124749066487,-0.0048520524521201,-0.0074068249454103,-0.0011753090999415,0.0063603645687289,-0.0069240275528618,0.0007536233825213,-0.0014632771487804,-0.0032854690055439,-0.005245428777777779
2021-09-09 00:00:00+00:00,-0.0058248237313736,-0.0018397503758587,0.0012637194199791,-0.0081812829128268,-1.1577764702647365e-05,-0.0064246179242192,-0.0033737930309653,-0.0001276930472476,-3.545288121234543e-05,-0.0124968198158356,0.0017959688872948,0.0048577603740741,0.000707914349942,0.0018564235589985,0.0027815888924909,-0.002020297333333334
2021-09-10 00:00:00+00:00,-0.004812528899303,-0.0022078364317806,-0.0073182103433197,-0.0021408265549675,-0.0087327808909918,-0.0111411122452693,-0.0059203775404194,-0.0034331288939458,2.578185432749361e-05,-0.0137643536550432,-0.0169774396318894,-0.0008600060087648,0.0022041076423358,-0.0003271771559865,-0.0024456724580809,-0.001674840666666667
2021-09-13 00:00:00+00:00,0.0070763605559887,0.0034558558021741,0.0098780171547425,0.0213026391146213,0.0062479317526596,0.0019705242390429,-0.0005829205081995,0.0044082683021361,-0.002456619489685,0.0107350426854511,0.0031311431287488,0.0093982725664909,-0.006564297323368,0.0010075776755076,-0.000825802831048,0.003304748888888889
2021-09-14 00:00:00+00:00,-0.0157007404460463,-0.0049776784316571,-0.0095322275364394,-0.0083483039460449,-0.010088999010095,-0.0043125945318862,-0.0104778189470171,-0.0039598328432639,-0.0111736681434857,-0.0058641687036653,-0.0067568072931328,-0.0053447823723574,0.0040799288096016,-0.0005869447971205,-0.0007217679023915,0.0054528742222222214
2021-09-15 00:00:00+00:00,0.0104094011115357,0.0017970772527481,0.008547009450044,0.0396920416365308,0.0095022672404157,0.0090017477270979,0.0091866158763395,0.0075680886958219,0.0132400175522477,0.0038990253945738,0.0033335621930493,0.0033360817889683,0.0021857730330149,0.0006530272558408,0.0007464309915784,0.0027009482222222223
2021-09-16 00:00:00+00:00,0.0050359897181593,0.0048031471472206,0.0016672553106723,-0.0118289060092989,-0.0002855014625272,-0.0025449397587432,-0.006289280073252,0.0008994593332148,-0.0130389793741826,0.0025996719273522,-0.0062431736773576,-0.0001549021371207,0.0015070761720708,-0.0002679937594863,0.0027794646758469,0.00034619988888888914
2021-09-17 00:00:00+00:00,-0.0054496385527577,-0.0047029396708941,-0.0062235418588555,-0.0121767767811464,-0.0073649479755074,-0.0001836381518375,-0.011312195908106,-0.0137861984368646,-0.0238136376021916,-0.009603322576537,-0.0129924626654065,0.0001723571562281,-0.0032463404288427,-0.000619541274341,0.0011158400051849,0.0014882366666666665
2021-09-20 00:00:00+00:00,-0.0170766784653753,-0.0143310569271006,-0.018323443657092,-0.0242929962333841,-0.0210084675939473,-0.0135868592991101,-0.0073033442309542,-0.0152537779514552,-0.0176349206196414,-0.0063813301147258,-0.0116058502544491,-0.0054881434184776,-0.0023364352504072,-0.0006192691465566,-0.0015647948039141,-0.0063432988888888885
2021-09-21 00:00:00+00:00,-0.0033201064593526,-0.0022632440671176,-0.0053075919415774,0.0097641954546374,-0.0006894071171559,-0.002355923592782,-0.0058251503579378,-0.0061815925678613,-0.003425763593894,-0.0018507645094625,-0.0008417149425576,-0.0020158824365476,0.0018556243064585,0.0001057687621839,0.0014555015130672,-0.0006198880000000003
2021-09-22 00:00:00+00:00,0.0206832291998128,0.0152459080163111,0.0118710036451739,0.0228342034710158,0.0080902418028431,0.008369709383228,0.012781733048491,0.0153601478150858,0.0139280497224862,0.0144303967265445,0.0102032021391272,0.0066280674355664,0.0003365268714138,0.0030043034005172,0.0016033008856058,0.0025404155555555554
2021-09-23 00:00:00+00:00,0.014006208411319,0.010468542012378,0.012885500232948,0.0218442160571561,0.0172955382882592,0.0137832812873248,0.0145138250607248,0.0126898979742999,0.0142059059501491,0.0037482364833684,0.0023517587862331,0.0086903969197158,-0.0002655406941503,0.0010311632579867,-0.0002217504872883,0.004352724444444445
2021-09-24 00:00:00+00:00,0.0053501294419052,-0.0007126428156088,-1.5767948062023547e-05,0.000373165961466,0.0029132874273276,-0.0014039572000814,0.0001210435567295,0.0023866491156512,-0.0021316229274499,-0.0096534065663004,-0.0004008309247868,0.0021414567859474,-0.0028921189980205,0.0001531552547804,0.000704078630647,-0.0008743798888888886
2021-09-27 00:00:00+00:00,0.002155686928451,0.0023161688254708,0.0079300480572267,0.0247772566994983,0.0068406065950195,-0.0044759374328767,0.001112044465409,-0.0030241386712804,0.0061351187547927,-0.008215868721491,-0.003930072195316,0.011603673517932,-0.0070906460224391,-0.0007410998949259,0.0010527113929921,0.006671415333333334
2021-09-28 00:00:00+00:00,-0.0148945593962274,-0.0136264882819092,-0.0107339806883318,-0.0146423971371442,-0.0164607243390322,-0.0152405802772814,-0.014814769735473,-0.0245856479875919,-0.0097205332800037,-0.0076896080705142,-0.0181446999342727,0.0014198559599178,-0.0048754613339015,-0.0011653921105604,-0.0034293970594343,-0.0036827033333333334
2021-09-29 00:00:00+00:00,0.0013790782282408,0.0001466345918734,0.00923097544884,0.0060252351611773,0.0051964434178775,0.0009261174734392,0.0015192434778157,-0.0070698767217791,-0.0015023619767091,0.0054023170190647,0.0058370456055659,-0.0048502453047366,-0.0007745057677711,0.0001372238247896,-0.0006964227285876,-0.00013775555555555567
2021-09-30 00:00:00+00:00,-0.005371578571845,-0.0231200450890363,-0.0214694512357955,-0.0050102210227968,-0.0142596329837823,-0.0167754203999374,-0.0171404322207487,-0.0065446880371342,-0.0124942425699434,-0.0158277877711925,-0.0093798192262267,-0.0035713874314453,0.0002288515245837,0.0018292226770761,0.0033132084474962,-0.006638727333333334
2021-10-01 00:00:00+00:00,0.019056615896284,0.0106681519360644,0.0072047999129064,0.0086115421479314,0.0121916475727608,0.0090924068445003,0.0118359917802125,0.0118350848124301,0.0114191736667137,0.0183317107086068,0.0010148109896666,0.0091457630108978,-0.0058616146852922,-2.009380052687089e-05,-0.0002749906441547,0.006017831666666667
2021-10-04 00:00:00+00:00,-0.0050573361580501,-0.0048351356261953,-0.0040686034965882,0.0170572380184285,-0.0130906957079785,-0.0137000919269292,-0.0089324593166038,-0.0159268417143922,-0.005635235629748,-0.0018990844433866,0.0110764199467019,0.0016989126254782,-0.0028204583169937,-0.0026398642381491,-0.0042331028122327,-2.7554555555555136e-05
2021-10-05 00:00:00+00:00,0.0125855141281404,0.0033694438585499,0.0069701154188749,0.007552157259642,0.0179079864957714,0.0027173855252438,0.010511229498749,0.0104410005260909,0.0064984903153139,-0.0060427595797331,0.0014552510949601,0.0002524659272576,0.0036702880573892,0.000439950726213,0.0006647350046386,0.018348002222222222
2021-10-06 00:00:00+00:00,0.0021310238631641,0.0035536153228977,0.0031331042751002,-0.0043775471581224,0.004543324387624,-0.0010732225065922,0.0042727631657106,0.0024168871830445,0.0015067733906955,0.0078955044975418,0.0102300073600515,-0.0028603201086783,-0.0013465130141105,0.0017837503223671,-0.0025224492816683,-0.002944337777777778
2021-10-07 00:00:00+00:00,0.0056249046550674,0.0100154412250242,0.0057051679140767,0.0095516839261666,0.0084792592592492,0.0111932599666497,0.0085987439843082,0.0087332584395305,0.0156867016823656,0.001249762385691,-0.0026793835466826,0.0003778157289806,0.0013699776466089,-0.001328251291235,0.0013830248032008,0.004757025555555555
2021-10-08 00:00:00+00:00,-0.0052656854999876,-0.0048750746559263,-0.0041710532883154,0.0257970038114717,0.0037965623502839,-0.0063109900806261,-0.0045188010168449,-0.0044753957230121,-0.0086319710594143,-0.0083899360969383,-0.0081188599396128,0.0009245628401716,-0.0032584131606164,-0.0005296466724184,-0.0012744198987023,0.0077459793333333315
2021-10-11 00:00:00+00:00,-0.0128635400548337,-0.0066104297166148,-0.001121680876163,-0.0024450890151936,-0.0085400262106237,-0.0072216001750667,-0.0081744680740677,-0.0039925331328328,0.0033758304502485,0.001286082924872,-0.012816642625847,0.0001637549194012,-0.000136124915935,-0.0010927392183365,0.000709122387093,0.006224210111111111
2021-10-12 00:00:00+00:00,-0.0049862151733516,0.0087589136270102,0.0009109661610246,0.0032401054748328,0.0005963647857122,-0.0056756284432864,0.0009068371181373,-0.0075340353620433,0.0007715094608227,0.0120966433517945,0.0092146994639297,-0.0022630774351514,0.001938353368857,-0.0008249806206862,0.003011695746393,-0.002388857777777778
2021-10-13 00:00:00+00:00,0.0052838816938371,0.0037699743200231,-0.0007587152659798,0.016543500228207,0.0026731108509617,-0.0048231846781093,0.0049344271204145,0.003043678603285,0.0064201227838191,0.0060802449604698,0.010128067224958,-0.0075716483366882,0.0037369530075664,0.0004229075253742,0.0034199080087629,0.009424062222222224
2021-10-14 00:00:00+00:00,0.0136069646556333,0.0132651268480445,0.0108778535000948,0.0152166195902976,0.0165994485029855,0.0161663045141662,0.0210042108101513,0.0228675618043271,0.0225775971549534,0.0133026319157997,0.0123929094943562,0.0010273314798886,0.0013101327043045,-0.000308210913249,-0.0013435083127076,-0.0007677577777777783
2021-10-15 00:00:00+00:00,-0.0022375526105276,0.0021724352174273,-0.0008549266837062,-0.0001303122030155,0.0073697780073104,0.0020641711721624,0.006871406453629,0.0006099079627194,-0.0006538513034276,0.001414354706399,0.0016853368606081,0.0024053208342858,-0.0004026022840932,0.0024765377356213,-0.0011444562639654,-0.004004519666666666
2021-10-18 00:00:00+00:00,-0.0010418694356863,0.0035080821020242,-2.9018475607509057e-05,0.0064824413585265,0.000712399085005,-0.0070372015375042,0.0038493258538299,0.0030602012944258,0.0034255233533341,0.0028136939748819,-0.0051852785950137,-0.0012659597155771,0.0056900827345308,0.0011398450310071,0.0014065223425745,-0.001947848888888889
2021-10-19 00:00:00+00:00,0.0054843930945903,-0.0053163450609497,-0.0030266403644617,0.0115697048290826,0.0118598366053643,0.0106583448205533,0.0061226997444797,0.0105349722668387,0.0047076304756366,-0.0012807339282984,0.0063313029851855,-0.0023990792432263,-0.0005903197502709,0.0002857184658719,-0.0006820129266493,-0.001412642222222222
2021-10-20 00:00:00+00:00,0.0058838251596288,-0.0003547161609861,0.0061984182567081,0.0033045035390915,0.0065973755895628,0.0157394345654217,0.0035085717067786,-0.0001197846869357,0.0081316292879033,0.0117906774094545,0.0146654254864659,0.0025365621521817,-0.0001097091271224,-0.002274443568434,-0.0020998154178102,-0.0009315657777777779
2021-10-21 00:00:00+00:00,-0.0059465440229905,0.0129356241923056,-0.0032897947849201,-0.0143486754668195,-0.0009527740410048,-9.25173419789907e-05,0.0041384301036438,0.0064143903400335,-0.0044793974832754,-0.0030959627788996,-0.0027938393913481,-0.0039213043899211,0.0028308136884334,-0.0004232366983721,0.0011695658923037,0.0007686458888888885
2021-10-22 00:00:00+00:00,-0.0029973470861886,-0.0012287296141661,0.0073107935250851,0.0143611707370771,0.0114616954891898,0.0013745067117368,0.0025070147582309,0.0004731163494746,-0.0003524588910924,0.0033638601091821,0.005181029961297,-0.0012393550659673,0.0024379710646875,-0.001127805083745,-0.0012601888865958,-0.004918711111111111
2021-10-25 00:00:00+00:00,-0.0009773346222436,0.001579441837117,0.0041290037187052,0.0189671324116071,0.0026055710004842,-0.0009438050638556,0.0036292248589514,0.0022201668983253,0.0162068327554491,0.0069058126877761,0.0044609135559532,0.0002760254328874,0.0024891990880012,0.0032815787066716,0.0036231937212084,0.004689232111111111
2021-10-26 00:00:00+00:00,-0.0023075301543771,-0.0009124596961048,-0.0005221593322245,0.0016493883255972,-0.0019045943276908,-0.0002176293891993,-0.0064964710053117,-0.0056668808389851,9.02637116277563e-05,0.003038478531024,0.0022546264863996,-0.0019956891349642,-0.0002173973266613,0.0013163311909317,0.0001601018392713,0.012040844444444443
2021-10-27 00:00:00+00:00,-0.0115562910876183,-0.0029812915008847,-0.0082458211319675,-0.0272665219075379,-0.0207428448374891,-0.0105216787943179,-0.0120727948717911,-0.0112529845915191,-0.0162303969452077,-0.0118608407888774,-0.0063428044072679,-0.0021909418536065,0.0026382062235999,0.0015951396672036,-0.0024322433379611,0.010968376666666668
2021-10-28 00:00:00+00:00,0.0057409959784848,0.0015391204018129,0.0110418386647514,-0.0021554170755264,0.0066697439737442,0.0080565554597903,0.0134192728913139,0.0112955030765168,0.0116615194943657,0.0117062368964416,0.0084603281043628,0.0022396489198951,0.0044023620803345,-0.0020632554535973,-0.000872107199373,-0.008581686666666666
2021-10-29 00:00:00+00:00,-0.0062426924245118,0.00541920511085,-0.0019911052758488,-0.0101008210220296,-0.0020037264088274,0.0058210929576498,0.0040007107109363,0.006659678365425,-0.0012958989603872,-0.0077443816269527,-0.0042112254591494,-0.0035412009296157,0.0033940705659468,0.0012221144999467,0.0013061862067928,-6.902744444444483e-05
2021-11-01 00:00:00+00:00,0.0091270557105469,0.0097676749343198,0.0162389063566707,0.0099819959883904,0.0022779915547121,0.0118882313761707,0.002183454541581,0.0115899141859737,-0.0098898425049637,0.0067794381601843,0.0118719736118391,0.0101998244094492,-0.0048341061754599,-0.0019748905242768,0.0037491748444058,0.015093475888888886
2021-11-02 00:00:00+00:00,0.004349064636668,-0.0050770506156101,0.0047855856206707,-0.0073330847923316,-0.0002568862318527,0.0004470286947875,0.0052395618215387,0.0120753553776428,0.0018621556408694,0.0044347044207265,-0.0015957354175003,-0.000344833774682,0.0021463968222139,-0.0012924436198701,-0.0022632333687065,0.005117828777777779
2021-11-03 00:00:00+00:00,0.0057228925933437,0.0161824588074133,0.0138863398485648,-0.012625334751836,0.0062778152192373,0.0095740284430677,-0.00036853163345,0.0086626563329733,0.0125765756458125,0.0141685308041782,0.0022369134768173,0.0050716558634055,-0.0048500738340491,0.0013772371029353,0.0024045585501989,0.008419836111111112
2021-11-04 00:00:00+00:00,0.0056194897126144,0.009040933245343,-0.0036561340625833,0.0039175412040718,-0.0094777869034445,-0.0099519849965613,0.0063515520523866,0.0140101873548566,-0.0022903185904363,-0.0158511855094316,-0.0105934244189163,-0.0024807594542822,0.0033947112629296,-0.0001753989671624,-0.0014479270050156,0.01065921322222222
2021-11-05 00:00:00+00:00,0.011426105726677,0.0188232467933159,0.0128351153785486,0.00294859889778,-0.0022570794498623,0.0032988442083434,0.0062048760189418,0.0054255356246831,0.0022717139666181,0.0123241210862174,0.0167108873671263,0.0116474037044122,-0.0064773663882657,-0.0013893269150556,-0.001227219798278,0.008059653333333331
2021-11-08 00:00:00+00:00,0.0043114821880357,-0.0080780674492048,-0.0063529475461935,0.0116373488778875,0.0045960891918157,0.0057952730234709,0.0035332858693701,0.0046077415362241,0.0161940425485569,-0.0026967377604452,-0.0132795517913285,-0.0018573252328385,0.0020246795691111,0.0008069188995638,0.0022791220968679,0.01092773888888889
2021-11-09 00:00:00+00:00,0.0048614093636691,0.0070286747958326,0.0014963769737709,0.0027571338065572,-0.008138888809559,-0.0052143920183162,0.0019873822114898,0.0012314917051236,0.0016300680355949,-0.0018730007614926,-0.0019988528182516,-0.0022068344126477,0.0015207573943888,-0.0032257752421088,-0.0031386166060738,-0.012175692222222223
2021-11-10 00:00:00+00:00,-0.0043246434093217,-0.0093179834400925,-0.0036290542588341,-0.0273913370480115,-0.000367454309916,-0.0008585957544617,-0.0071860242368688,-0.0132266043791802,-0.0073383455107565,-0.0048821822868605,-0.0003529251805728,-0.0026060133944986,-0.0031237376755012,-0.0011596618976388,-0.0033202581338754,-0.005674817777777777
2021-11-11 00:00:00+00:00,0.0050055702671791,-0.0037699148208055,0.0086706229514549,0.0051869917794331,0.0045666059322298,-0.0008817995790437,-0.0006911794662973,0.0098217104716975,0.0086414157372617,0.004454631704082,0.0049338042880229,0.0011987416011191,0.0022354009076105,-0.0004479002917117,0.0058152681185131,0.0014118344444444442
2021-11-12 00:00:00+00:00,0.0072191372145522,0.0068886246752966,-0.0006834217446568,-0.0005387866245108,0.0047100727468764,0.0042103635638397,0.0102702784755135,0.0077050568716144,0.0083129766223181,0.0011722303016637,-0.0035911676075148,-0.0023238162919109,0.0007689898609524,0.0005908807894672,0.0003527177083867,-0.00711811688888889
2021-11-15 00:00:00+00:00,-0.0094981476446425,-0.0005135541542093,0.010728034070828,0.0093363554244133,0.0032057690612724,-0.0068374983865327,0.0026559045230335,-0.0027108375398175,-0.0031651889824915,0.0084117403284806,0.0148978385550347,-0.0003271314353883,-0.0015922803249664,1.931694216465615e-05,0.0020321231367718,0.005819738888888888
2021-11-16 00:00:00+00:00,0.0099174751364931,0.0073712722727797,-0.0028718687531666,-0.0023502422267664,-0.0001647393034391,0.0053213380537191,0.0019530251705146,0.00929204749507,-0.0021807765635354,-0.0093270734163486,-0.0041857684981119,-0.00207374689559,0.0048523906890226,-0.0004643245227542,-0.0008982727950321,-0.005475475555555555
2021-11-17 00:00:00+00:00,-0.0090600788086106,0.0007043379080465,-0.010438787072602,-0.0226809745352886,-0.0114998580464722,-0.0030403290757528,-0.0053237665860244,-0.0039667538369101,-0.0076360658136971,0.0010552831071436,-0.0035009411911217,-0.0022732417012729,0.001039352289777,0.0001071873438636,-0.0033373496758715,0.004270447
2021-11-18 00:00:00+00:00,-0.0105317618873065,-0.0014715445229072,-0.0023708165378157,-0.0080614409985092,-0.0074154795733058,-0.0010035383668074,-0.0013195570949247,-0.002719216000744,-0.0032709188233146,0.0004650229632288,-0.005166476592317,-0.0004020315880955,0.0038594421907006,0.0013018677317324,-0.0022438185713953,0.0066528824999999995
2021-11-19 00:00:00+00:00,-0.0145615784107658,-0.0054765261243587,-0.0044544441873396,-0.03016728210577,-0.0068660100468872,-0.0087281222340506,-0.0014936927514368,0.0019238159656901,-0.0025544521867448,-0.0090244556061438,0.0053785577842238,-0.004709563215186,0.0015994226633708,0.0004790949535296,0.0021995087990328,-0.006445957777777778
2021-11-22 00:00:00+00:00,-0.0045247358911186,0.0025803529401803,0.0108899170717503,0.0086583367053182,0.0034873501753478,-0.001753520035386,-0.000396843143357,-0.0110014981522452,0.0046496070055149,-0.0053498485537734,0.006900271015335,0.004441029638088,-0.001946908118542,-0.0013192610635284,-0.0038497664217652,-0.0020822844444444446
2021-11-23 00:00:00+00:00,0.0006566803620672,-0.0075309635569399,0.007883116587374,0.0323887035029164,0.0096638208157263,0.0001807453449565,-0.0008288614096891,-0.0031123919700353,0.0019417390976172,0.0110840742723512,-8.667183945494618e-06,0.003388848040162,-0.0028827530046827,0.0007849246068364,-0.0030319599517665,0.000843293
2021-11-24 00:00:00+00:00,-0.0014754008069662,-0.0024292403072386,-0.003866249016423,0.0145038238341493,0.0009797376162445,-0.0013747981236959,0.0007483340997988,0.0062715061643724,-0.0070516057090734,0.0112803196684671,0.0026323220786579,-0.0019790481972023,0.0017998182039807,0.0008800064823049,0.0024601320807505,0.005045546777777778
2021-11-26 00:00:00+00:00,-0.0267746139203346,-0.0331063911887827,-0.0290497970153245,-0.0251499580425442,-0.0266267028350068,-0.0228660632043599,-0.0266524300216887,-0.0247299680845571,-0.013598586613764,-0.0352230092766994,-0.0308835691965122,-0.017255641732082,0.0038313271987767,-0.0002214371243592,0.0029495565705187,-0.007973816666666666
2021-11-29 00:00:00+00:00,0.0049282877702124,0.0058672363278256,0.0079761584693916,0.007927475013076,0.0064503597543155,0.0050843321636701,0.0090138971356942,0.0287427619554788,0.0076662979868538,0.0118594373979095,0.0203811806378765,0.0002567975418593,0.0046565798447207,0.0033229611668229,0.0001351656939746,-0.004606978888888889
2021-11-30 00:00:00+00:00,-0.0212105592408883,-0.0226238143876895,-0.0273910106028487,-0.023014744614671,-0.0232454465729309,-0.0222556732326726,-0.0256184202044387,-0.0210031538577798,-0.0259877297937356,-0.0212394140282886,-0.0307326499397871,-0.0010091546413108,-0.0012678715351415,0.0016134517186012,3.4101855267872065e-05,-0.0009648432555555556
2021-12-01 00:00:00+00:00,-0.0235395144543556,-0.0150125424029215,-0.0155612318371456,-0.0136164824135543,-0.0163317652719506,-0.008450455048088,-0.017992921334442,-0.0073980174672614,-0.0138107305588605,-0.0224153409792563,-0.0135107827195124,-0.000460683960202,-0.0025932956872603,-0.0018355484066271,-0.0092112229316565,0.0012429926666666664
2021-12-02 00:00:00+00:00,0.0292770016314702,0.0309205632421888,0.0181603333530307,0.0173950047396281,0.0249999246165863,0.0198720147200466,0.0237944741314569,0.0196350121451599,0.015216146020739,0.0296835437204624,0.0165931029614615,0.0076489231854631,-0.0015050115456039,-0.0038424623097251,-0.0027739734109331,-0.009482747777777778
2021-12-03 00:00:00+00:00,0.0055117214622251,-0.0083651208807588,0.0013690986845218,0.0002414427015727,-0.0137134794886645,-0.0078890354675586,-0.0018953226154103,-0.0065651599789667,-0.0020037603598632,-0.0086363157284742,-0.0007491346799378,-0.0039756119553074,-0.0046434749842025,-0.0010407043159634,-0.0041220733398269,-0.006268598888888889
2021-12-06 00:00:00+00:00,0.0113754718376566,0.0230589916442023,0.0223103449883623,0.0050586853939882,0.0121902931844508,0.0195378674582751,0.0120963798589547,0.0050065187925928,0.0136900957324973,0.0182867160104867,0.0205348724017047,0.0128587855598833,-0.0092951755039573,0.000471124232343,-0.0026366378321695,0.008012922222222222
2021-12-07 00:00:00+00:00,0.0070227700434133,0.014345201822882,0.0071330790128846,0.0266746696408793,0.0170955461478687,0.0186996475345367,0.0140962425820673,0.0302300689984291,0.017657559395449,0.0190298586318403,0.0172022669453551,0.0005598012314081,0.0072919227498685,0.0022480906252098,0.0039169480273218,-0.00377083888888889
2021-12-08 00:00:00+00:00,-0.0018862422220242,0.0069294114372951,-0.0042209923088493,-0.0057868440676173,-0.0010293000217943,0.0087382631491816,0.0029402906453098,-0.0008381409238142,-0.0011378301575969,0.0091159629566542,0.0020818796217717,0.0012287239768009,-0.0012378109368057,-0.000961291627583,0.0027113608578265,-0.0005127327777777776
2021-12-09 00:00:00+00:00,-0.0080920069126323,-0.0068529618916378,-0.0041096156952632,-0.0149838820229171,-0.0091111074138874,-0.0010940071458837,-0.0083730292407011,-0.0041064541401774,-0.0066029347530222,-0.0161458680449923,-0.0116615264181208,0.0011512097585533,-0.0032048243167649,-0.0008089465717019,-0.0067034910403464,0.020751938777777777
2021-12-10 00:00:00+00:00,0.0033977737277365,0.0091322303940979,0.0123925082865869,0.0110793758555788,0.0004588931555291,0.0016906117705124,0.0038393092659862,0.010404897247861,0.0047467243400174,-0.0009499432332552,0.0019363342751169,-0.0014070538528423,0.0022153614330994,-0.0007611244746969,-0.0038690590134402,-0.0021581355555555554
2021-12-13 00:00:00+00:00,-0.0092860499508917,-0.0184640745235278,-0.0002625946653104,-0.0137186179043157,-0.0055744337333934,-0.0042470612687009,-0.0075505150131968,-0.0055075786923665,-0.0028448742913436,0.0053211414910901,-0.0041800901063029,-0.0111698760884837,-0.0019655762584703,-0.002744579872361,4.64317882302679e-05,-0.0061897610222222225
2021-12-14 00:00:00+00:00,-0.0050928421684222,-0.009124629703548,-0.00186092021905,-0.0045491228698453,0.0033330516828673,-0.0074337445093114,-0.0090457454713863,-0.0133401932231243,0.001581188594962,-0.0110967408702603,-0.0054892584249381,0.0008211330959917,-0.0038682317592862,0.0015334073896982,0.0004255429713361,0.008837106666666667
2021-12-15 00:00:00+00:00,0.0048951238786499,0.003918358372773,0.0098963235559652,0.00058771984349,0.0107921870374504,0.0121061987433471,0.0126791183055081,0.0250089059134272,0.0006122493807035,0.0163759974664318,0.0197112598900514,-0.0045072634239409,0.0064347960226304,0.0012017825182538,0.0020093151869946,0.011490905555555556
2021-12-16 00:00:00+00:00,0.001714978582553,-0.0114377363442058,-0.0055804667534039,0.0113523991918945,0.001747269931896,-0.0036519335982879,-0.0050673336355133,-0.016589682658061,0.0129495530857494,-0.0091954736943302,-0.0129312818419675,-0.0029528193792895,-0.0070771587930161,-0.0025529811147471,-0.0078681456267883,-0.013074542222222223
2021-12-17 00:00:00+00:00,0.0055991374343677,-0.0073467950139903,-0.0050518816642911,-0.0196243888815383,-0.0157708968708248,0.003759654507964,-0.0153010859575973,-0.0008307615823603,-0.0099663824835143,0.0047794837654778,-0.0027571628561894,0.0027549377107827,-0.001787569954899,0.0001442817029129,0.0099022086750954,0.004080305555555557
2021-12-20 00:00:00+00:00,-0.0062914289251333,-0.0118638722566633,-0.0066054164164981,-0.0107749025604113,-0.0192915568981939,-0.0129761323612513,-0.0139510932767189,-0.0086603813758271,-0.01985182575894,-0.010284196851097,-0.0030388136162684,-0.0026212144247078,-0.0020515781191271,0.0018224209372549,-0.000176478847656,-0.003293347777777778
2021-12-21 00:00:00+00:00,0.0236739508564494,0.0217026929548363,0.0142699634457177,0.014982657869734,0.0184775570425092,0.0229114729812583,0.0185234943925402,0.0178095086584485,0.014693346107653,0.0202122610389552,0.0171582404588388,0.0149439403428725,-0.0009584301274365,-0.0009026384228756,0.003503903361096,0.0007241181777777781
2021-12-22 00:00:00+00:00,0.0066601170563651,0.0142311186634947,0.0070651501827319,0.0006398835866024,0.006920609143484,0.0138200657950371,0.0054228717613687,0.0058209692012448,0.0084055424635676,0.0109708278909634,0.0102846630580567,0.0023498631833262,0.0018504182655359,0.0009726566253002,0.0008115042492102,-0.0040027088888888885
2021-12-23 00:00:00+00:00,0.0090039486258143,0.0050901312907265,0.0076062709055347,-0.0011844046421368,0.0073089466337718,0.0089523247957567,0.0113030392746322,0.0059879964743197,0.0081943189925708,-0.0023209538052183,0.0026298400472089,0.0021600457082743,0.0001849536489451,5.627105291886386e-05,0.0011471361567882,-0.001615281111111111
2021-12-27 00:00:00+00:00,0.0072993283839418,0.008819700362101,0.0088161515008875,0.0258215380373548,0.0092262877234523,0.0102138618915879,0.0110827115000441,0.0229333111493656,0.0144169106242639,0.0150544640798412,0.0060549043552194,-3.9965463782778506e-05,0.0047920276951654,-0.0013101360171076,-0.0015526067463051,-0.0008184977777777778
2021-12-28 00:00:00+00:00,0.0008817811769258,0.0024458971179181,0.0037769731590843,0.0043624147014906,4.612593187174578e-05,-0.0029528702705311,0.0034843578368393,-0.0014373628150307,0.004163903184042,0.0020932454801594,0.0017912398402507,-0.000695834157051,-0.0028550355298754,-0.0004105873123923,-0.0041925528337643,0.0008945811111111111
2021-12-29 00:00:00+00:00,-0.0040201959718039,0.0056316201603533,0.0020832163685628,-0.0060948902587935,-0.0027597799862346,0.0063399637140184,0.0014646284466653,0.0050486166775067,0.0035198788750418,0.004212608195658,0.0005028246910977,-0.0017060307975121,0.0003198760194933,-0.0015509065126946,-0.0021905221698215,-0.011177393333333332
2021-12-30 00:00:00+00:00,0.0027156894158609,-0.000791520906168,-0.0018348360257657,-0.0077145014454791,-0.0002906513215753,-0.0004379696617422,-0.0025793200529373,-0.0066083383324496,-0.0038885423483306,0.0053375854153066,0.0036969555271419,-0.0014074407589524,-0.0006892157822978,0.0003327632870854,0.0026538800132694,0.0012088555555555556
2021-12-31 00:00:00+00:00,-0.0073223109110763,0.0031826111495522,0.0059166490098485,0.0041631686705844,-0.0021454512379072,-0.0054837081286818,0.003838935680065,-0.001746285217159,0.0030862455463257,-0.0007523397887089,0.0013054160209309,-0.0009951178878551,0.0016845473389333,-0.0013511237183885,-0.00216132448659,-0.005715724222222222
2022-01-03 00:00:00+00:00,0.0019850191675593,-0.0012569659547147,0.0088814046279495,0.0207720159438376,0.0044013414385936,-0.0015606205201631,-0.0101311633734617,-1.664407720540009e-05,-0.0074050065656585,-0.0005114391709545,0.0026051088430132,0.0098905311635748,-0.0092628224496207,0.004980808742195,0.0017001239937066,0.010965752333333334
2022-01-04 00:00:00+00:00,0.001358738385571,0.0062546990821239,0.0121936845200967,0.0249651783284497,0.012835600259062,-0.0031118822507645,0.0120475881771661,-0.0025929766480092,0.0139500152104248,0.0009479846796032,-0.0040058677107242,0.0093141076427019,-0.0037934004622989,-0.0018468171747785,-0.0080485407758589,-0.00028249222222222236
2022-01-05 00:00:00+00:00,-0.0211767216423644,-0.0228060123139084,-0.0084217157192669,-0.0072860909879998,-0.0144680650434355,-0.0185974707493908,-0.0177820250230076,-0.0221952999898847,-0.0039103399394851,-0.0292309132171265,-0.0153254664771693,-0.0024448747240684,-0.0062616000978566,0.0017110352278105,-0.008046135368987,-0.00898140711111111
2022-01-06 00:00:00+00:00,0.0052645145168321,0.004813974355194,0.003146120081265,0.0229939585105297,0.0138176873791385,-0.007668882590123,0.0054742915523138,0.0023918038076614,-0.0085639983985264,0.001093848097741,-0.001870987558684,0.0022877138812501,0.0001168641122977,-4.7541435135824946e-05,2.637075885259399e-05,-0.003011032111111112
2022-01-07 00:00:00+00:00,-0.0072682980599618,-0.0161550290517754,0.0019958217973091,0.009914306773904,0.0056217225492823,-0.0078154299913245,-0.007565392169062,-0.0156939974657176,-0.0007708459933192,-0.0063206725565078,0.0046757757771977,0.0025296815816772,-0.0076372891477469,0.000285053849618,-0.0004866988840833,0.0052918688888888895
2022-01-10 00:00:00+00:00,-0.009172610685874,-0.0135249202910637,-0.0086593193818189,-0.0001165715056503,-0.0034458454612833,0.0063091251143587,-0.005715751605682,0.004651747290776,-0.0114266824189435,-0.0023341950184907,-0.0034052639181938,-0.0036756894451226,0.0016027088450586,0.0003423519747139,0.0034012503718346,0.0026056852222222223
2022-01-11 00:00:00+00:00,0.012061528932092,0.0089819236000755,0.0083477384301624,0.0250692733777545,0.0100670056940225,0.0122896055698673,0.0074384197980181,0.0102248885621758,0.0107724009077529,0.0035801162529651,-8.701301073976809e-05,0.0070976945763302,-0.0012213985144812,0.0004856659824751,0.001522861170083,-0.0012818676666666669
2022-01-12 00:00:00+00:00,0.0040007518785505,-5.4592690037751014e-05,-0.0003545056828252,0.0084751969928693,0.0007702459602056,-0.0026810357337785,0.0015572362347461,0.0004239669124621,0.0104522812013446,0.0032813601088604,0.0051308964615869,-0.0002805516896898,0.0023071335128576,0.0001072990790253,-0.0003120623317841,-0.002289452333333333
2022-01-13 00:00:00+00:00,-0.0020519664739155,-0.0023674319541656,0.0024279058236854,-0.0170566070623478,-0.0096552804412388,-0.0100676082726112,-0.004854713667535,-0.0166505202939618,-0.0091806619846936,-0.0048404656801772,-0.0020919508890789,0.00334483862547,-0.0074381006799757,-0.0019322008708336,-0.0078126781972409,0.002671723333333334
2022-01-14 00:00:00+00:00,-0.002100665482103,-0.0081364411760087,0.005474003934506,0.0185739448051797,-0.005802446105953,0.0026276954409531,-0.009839634703274,0.006988843522396,-0.0050153778600045,-0.007038428622792,-0.0005240561684444,0.0046927218197436,-0.0038832154746194,0.0018861385861671,-0.000928279966901,0.0015926649999999992
2022-01-18 00:00:00+00:00,-0.0224373413669602,-0.0151120659752957,-0.021506936208045,0.0020088776957114,-0.0189357910419331,-0.0222128914162174,-0.0152693001697865,-0.0226534443181689,-0.0112117234973739,-0.0130158479986877,-0.0196129843481289,-0.0042398653354444,-0.0026547546872659,-0.0009853850412465,-0.0035922985407242,-0.0014349185555555556
2022-01-19 00:00:00+00:00,-0.0068075916110163,-0.0120887194455815,-0.0053434148143839,-0.0097195230662637,-0.0156005750822612,-0.0092351955520486,-0.0111232350863639,-0.0141636580333924,-0.0051624709428088,-0.0164511391862478,-0.0069118922410052,-0.0048974131665786,-0.0017706096113002,0.00038599433628,-0.0019843404289386,-0.0043860915555555555
2022-01-20 00:00:00+00:00,-0.025562259234782,-0.0184708755134391,-0.0170211740858509,-0.0182437426141837,-0.0102845181648418,-0.0102675478509312,-0.0160784522413183,-0.0160149846977647,-0.0231642564839366,-0.0146684361233296,-0.0072123909925341,-0.0017901794096759,-0.0019210842692764,-0.0016188873845598,-0.0011190955841914,-0.002976661111111111
2022-01-21 00:00:00+00:00,-0.0149265635466169,-0.008257958423269,-0.0109871160921563,-0.0135396430745097,-0.0227623391093057,-0.0117560096693694,-0.0125699516029245,-0.0116661735810473,-0.0205973532925546,-0.0089340817273105,-0.0173904255899277,-0.0050898676272622,0.0002983671225694,-0.0028476992814632,-0.0072177523641821,-0.009655247
2022-01-24 00:00:00+00:00,0.0137180248867922,0.0197066026396817,0.0090344959571958,0.008283559972551,0.0084926452009639,0.0046694743824049,0.0117089312360946,0.0125266687555485,0.0027010520383587,0.0037780669530103,-0.0042153160455069,0.0022676822243868,0.0026120697614997,-0.0027781396647103,0.0025496641684362,-0.005916589999999999
2022-01-25 00:00:00+00:00,-0.0209388154420914,-0.0135941597601259,-0.012488508588779,0.0309514259125172,-0.0072328492223932,-0.0136984801797128,-0.0173726629062474,-0.0288931249928608,-0.0064589923259454,-0.0044572140627433,-0.0060394315449221,0.002921971604875,-0.0049190848824757,0.0036066473985642,-0.0039563837218416,0.0028674249
2022-01-26 00:00:00+00:00,-0.0106952638858257,-0.0092905912116193,-0.005198093829407,0.0037269048801744,0.0011629846874359,-0.0007070485320525,-0.0084993107668853,0.0002832672891063,-0.0076350862160069,-0.008634284801175,0.002118550545257,0.0034678437889331,-5.161181738045742e-05,0.0022023325573477,-0.0014393173636228,0.007693098
2022-01-27 00:00:00+00:00,-0.0008521047886533,-0.0114966656343916,-0.0018114768757754,0.0112438491536712,-0.0019788532476409,-0.0075774648019021,-0.0119270618416104,-0.0110884914900847,0.0071564804145323,-0.0175626383458832,-0.002797211524647,-0.0056811513434522,0.0009916973845558,-0.0006155414149788,-0.0034087313739138,-0.0068177689999999996
2022-01-28 00:00:00+00:00,0.0249631687725184,0.0163686581479856,0.0093009227443904,0.0008033166133599,0.0170826246726456,0.0238306239193184,0.0105038494515424,0.0245511388875753,0.0088597490437969,0.0283309252870418,0.0145492935246519,-0.0019707423396685,0.0015219262963292,-0.0010191830859878,0.0034930571752835,-0.0005487480999999995
2022-01-31 00:00:00+00:00,0.018932125773471,0.0200463856440759,0.0154543762102336,-0.0004413196043224,0.0160786132992887,0.0140691382927675,0.0179362134805738,0.0238466598379964,0.0123540470897576,0.0187948074328487,0.0257138083573536,0.0050729948677692,0.0017808682883652,0.0017418675089237,0.0093428627555983,0.005861655555555555
2022-02-01 00:00:00+00:00,0.0178020023787355,0.0105119889159403,0.0119388633833087,0.0270287922769709,0.0099340183267272,0.0085641624354666,0.0078262951452015,0.0022436765358926,0.0244220077476222,0.001860811951378,0.0015462391872427,0.0064667010690712,0.0021231328785151,0.0022147261807733,0.0035812820951722,0.01987676
2022-02-02 00:00:00+00:00,-0.0004520882075656,-0.0012749125798884,-0.0017985632212226,0.0005588389483907,0.0009938227575802,0.0114705064530244,-0.0020527544681339,0.0064434223393967,-0.0079936256601338,0.0026062310595512,-0.0121894167057974,-0.0039104885918053,0.0024627456786871,-0.0054384288147735,-0.0098015045135562,-0.018464776666666665
2022-02-03 00:00:00+00:00,0.0094318143154414,-0.0057378561299518,-0.0042588392109743,-0.0034419321693571,-0.004296218162405,-0.0057680404595338,-0.0121701901628895,-0.0149442253459041,-0.0058050068889423,-0.0066752132744049,-0.001505219344255,-0.0018746703320187,0.0009158604630612,0.0028955400383723,0.0016461848428709,0.01491343333333333
2022-02-04 00:00:00+00:00,0.0017987832433557,-0.0159215255379323,-0.0107959189869489,-0.0026022465660714,0.0100458216224358,-0.0048682510367387,-0.0112496116312365,-0.0061952151819798,-0.0105003336509076,-0.0085460745083017,-0.0026659142944789,0.0016604932946583,-0.0002654947110697,-0.0003683087698855,0.0031443808931267,0.001076942888888889
2022-02-07 00:00:00+00:00,-0.0060953531622066,0.0040659245429376,0.0126050915528829,0.0210466338912488,0.0028126066464294,-0.0002301750948006,0.0009607437329692,-0.0013050611642236,-0.002278403631079,-0.0004249420347255,0.0051469510878924,0.0029291308158704,-0.0018859931676381,0.0007612553559884,0.0017105234391554,-0.003358874722222222
2022-02-08 00:00:00+00:00,0.0184891809149385,0.014601255709936,0.0120749328332001,-0.0234634518561567,0.0055019929570726,0.0156208334226923,0.0096989477690359,0.0105530671593999,0.0132098821864566,-0.0043319576215958,0.0106610040558575,0.0070140916119959,-0.0002694528645326,-0.0012453307891838,-0.0013445955834461,0.0021732
2022-02-09 00:00:00+00:00,0.0317777509548226,0.0178485898623452,0.0117292960208032,0.0062002465470902,0.0088243849982412,0.0178427358367558,0.0191363579804203,0.0213804922561713,0.0187424417985314,0.0283803960619634,0.0141944315261099,0.0072554668684379,-0.0021480908668707,0.0007823843275797,0.0017634354122023,0.0032937095555555557
2022-02-10 00:00:00+00:00,-0.0126083380938174,-0.0189414763526432,-0.0139005941110321,-0.0032380951492683,-0.0113803027234284,-0.0181541899361504,-0.0223060426328097,-0.0236747397598254,-0.0069591661828759,-0.0246904193832878,-0.0293710073837672,-0.0011946732539589,0.0022245252467359,-0.0021723125681682,0.0006743253136662,-0.004645934444444446
2022-02-11 00:00:00+00:00,-0.0155692926999214,-0.0152247004322874,-0.0098202018907827,0.0430069130759825,-0.0152501150459184,-0.0177630492988108,-0.0164068391998614,-0.0201006847348901,-0.0097916486539351,-0.0157507200498497,-0.0167346468981185,-0.0110961483988769,0.0006904501423042,-0.0041656391340701,0.0011902927517017,-0.010422354444444445
2022-02-14 00:00:00+00:00,-0.0028441059588668,-0.0011466090483161,-0.0036821649169027,-0.0299668154279233,-0.0098241313123594,-0.0120262770767723,-0.0037638657125115,-0.0036985033212185,-0.0118523772424528,-0.0107453782237526,-0.0092540006744137,0.0014186918896882,-0.0015208148265826,0.0016592439340007,-0.001585701955218,0.02240593555555555
2022-02-15 00:00:00+00:00,0.0185933950974065,0.0178260644949674,0.012657878195917,-0.0141932210164727,0.0139172655525488,0.0193604181877584,0.0160482272034027,0.0225448331728934,0.0181282618946564,0.0120829675948129,0.0108738269440272,0.0103659934800596,0.0013663622181752,0.0001827340267399,0.0034139096787772,-0.007468463333333336
2022-02-16 00:00:00+00:00,-0.0130486346562358,0.0061217130528214,0.0025449522384478,0.0085042230595651,0.0014243343081155,0.0042406318425031,0.0057324634084942,0.0024246416133663,0.004955166473058,0.0045816311686614,0.0033195616484154,0.0008323832950724,2.117695335656618e-05,-0.0008154542195678,-0.0007743992290141,-0.0009152211111111119
2022-02-17 00:00:00+00:00,-0.0112625984049539,-0.018129193333373,-0.0117641766552261,-0.006270260672265,-0.0243244299832659,-0.0250710717627395,-0.0185605945934775,-0.0245172487093474,-0.0158967220967843,-0.0158075713832106,-0.0109366075439327,-0.0113264375238688,0.0031657791634399,-0.0013809583951068,0.0008085819068921,-0.019155329444444442
2022-02-18 00:00:00+00:00,-0.0049175916141767,-0.0038652685545721,-0.0022944584410436,-0.0082913086569102,-0.0027624067666368,-0.0072285879815837,-0.0064767293955854,-0.008338388946362,-0.0065644227844965,-0.00994903010761,-0.0111809800294637,-0.0032497197340057,0.0019025865482196,-0.003200430283345,-0.0033101720912388,-0.007427595555555555
2022-02-22 00:00:00+00:00,-0.007031644887816,-0.0206372454216034,-0.0074948234563865,-0.0178670843743282,-0.0059794409276593,0.0010224305185961,-0.0069753888478061,-0.003511437091583,-0.0096153871965671,-0.008689638242278,-0.0019108653236107,-1.0804160174733113e-06,0.0001296795507948,0.0038604577871566,-0.0040431433513498,0.004989061222222222
2022-02-23 00:00:00+00:00,-0.0170158799376423,-0.0297788977446684,-0.0183461193417855,0.0055434336303244,-0.0204910659506858,-0.0135429849221985,-0.027917062462298,-0.0225136684003374,-0.0150812900063945,-0.0148727420254244,-0.0291225731742419,-0.0067058301590076,0.0012958107690127,-0.0033229853512802,-0.0008208625508133,-0.0027111588888888895
2022-02-24 00:00:00+00:00,0.0102481091521005,0.0050202618833736,0.0027607896038501,0.0058634989577013,-0.0034693334945951,0.0177707491403903,0.0170209815849667,0.0195442619235112,0.0013852488505063,0.02534874797897,0.0223862610523892,0.0080163871771019,-0.0034941584123295,0.0018555539526288,0.0083561532427689,0.007629395555555554
2022-02-25 00:00:00+00:00,0.0238722867801801,0.0313410535425085,0.0364714527878736,0.0152800715020745,0.0337901367651693,0.030135600511558,0.027133334036123,0.0196761763235292,0.0377613300747482,0.0265777085933122,0.034091913600326,0.0022556636760486,0.0037348138356892,-0.0008448092502737,0.0016212094171358,0.003351658555555556
2022-02-28 00:00:00+00:00,-0.0089604438574059,-0.009452085640004,-0.0049431930805762,0.0323889725324242,-0.0080110194449124,-0.0123515825000023,0.0061346186063005,-0.0072256621062749,-0.0075775319618983,-0.0132917234453103,0.0100753611135477,-0.0009848418098642,0.0011589873186471,0.0023771539696885,0.0079672088055104,0.004986334555555555
2022-03-01 00:00:00+00:00,-0.0245068296061902,-0.0179745804925362,-0.0137172355808619,0.0116455999203539,-0.0340994593545727,-0.012839728695736,-0.0136920880666239,-0.0151895311019868,-0.0238177066322741,-0.0031025219720239,-0.0204095146482552,-0.0118040418779698,-0.0016672009158732,0.0006806571749341,0.0041489412028252,0.0006890375555555556
2022-03-02 00:00:00+00:00,0.0232532748168226,0.0254184850386915,0.0128213449429644,0.0133009523071785,0.0238865610810034,0.0129418064784994,0.0203645346738107,0.028576371277437,0.0210192433899465,0.01597132265877,0.0134054755851234,0.0033148500386091,0.0053206162208013,-0.0042256296642283,-0.0025835164522582,-0.005673113333333334
2022-03-03 00:00:00+00:00,-0.0091955154864188,-0.0111377367442368,0.0036918341379525,-0.0027492344076242,-0.0034535781020972,-0.0003753793880562,-0.0013691470703853,-0.004862256295168,0.0031297292048115,0.0022013748715768,0.0048029547619395,-0.0064010717178835,0.0026377366137787,-0.0003313215908495,-0.0036784832356256,0.00047534777777777815
2022-03-04 00:00:00+00:00,-0.0191472067628929,-0.0187465739534153,-0.0203462393475792,0.0229019827163076,-0.0172585776365951,-0.0115208874322181,-0.0061371733474345,-0.0080673805388903,-0.0040065552600856,0.0020895641883843,0.0025905807127804,-0.018685860858917,0.0044922167562879,-0.0008363754647787,0.0021758885441719,-0.0035219866666666663
2022-03-07 00:00:00+00:00,-0.0387804077679758,-0.0503037432924751,-0.0395665563190431,0.0064448589730378,-0.0339009315221373,-0.0328724445820472,-0.0300232487924722,-0.029414530676253,-0.033984816253277,-0.0281090555408879,-0.0187721847666819,-0.0164552190619692,-0.0012175035835795,-0.0021847228343373,0.0005824717764487,0.007566737555555554
2022-03-08 00:00:00+00:00,-0.0114634836701478,0.0004486142635504,-0.008547321608545,0.0133685855473395,-0.004832187428276,-0.013253894411208,-0.0038927791935247,-0.0077877519787087,-0.0001200907791205,0.0053572057431041,0.0049045812178496,0.0136382318053674,-0.0016296848749419,0.0018678012971966,-0.0015778120358338,-0.0013851308888888888
2022-03-09 00:00:00+00:00,0.0223282855197579,0.0283105258928842,0.0274871642272717,-0.0134587386446285,0.0323149190808321,0.0306307290808039,0.0219285506088911,0.0253621158430098,0.0254374329117689,0.0211700346267687,0.0174025606141987,0.0153882379053137,-0.0015936345760821,0.0020910192006775,0.0016730478793696,0.013639349222222222
2022-03-10 00:00:00+00:00,-0.0074733748385931,0.0058128244855194,-0.0088848297268721,0.0234338394681727,-0.007997762630805,-0.0057383539040579,-0.0012207879596913,-0.011671111759449,0.0067605268697716,9.570608572937153e-05,0.0048840942002055,-0.0038982292011133,0.0050343165306047,0.0001474124697326,0.0017559562358123,0.005408429777777777
2022-03-11 00:00:00+00:00,-0.013086349143647,-0.0118002122066389,-0.0202074355495032,-0.0132853619167837,-0.0061559813880505,-0.0149463585646903,-0.0085791971553087,-0.0098871714802612,-0.0053448176946414,-0.0121232256102813,-0.0118205214056431,-0.0044695814298283,0.0021218020666502,-0.0030496944610189,-0.0027295366021131,0.0035932
2022-03-14 00:00:00+00:00,-0.0086971277697283,-0.0108067716876944,-0.0024805249507135,-0.035457819219574,0.0091746297835337,-0.0005241734100949,0.0021198135626576,-0.0184139056521568,-0.001362638214228,-0.0148531877857647,-0.0080633200224478,-0.0044910783098767,0.0010949767212375,0.0007858639258665,-0.0052968734110636,-0.001308921111111111
2022-03-15 00:00:00+00:00,0.0135186162245562,0.0224793350206298,0.0214787718311636,-0.025247281589002,0.0101188880888125,0.0208866150534336,0.0162302320079786,0.0238176931835088,0.0106952426897071,0.0105564250023394,0.0199124024883337,0.0068195162018266,-0.0010837892743148,0.001532077829295,0.0006333716356845,0.00877028
2022-03-16 00:00:00+00:00,0.0261089538812655,0.0243807956299542,0.0251653176597144,0.0257726011938749,0.0290440573195653,0.0336031065018511,0.0183534305142174,0.0192732333173105,0.0159096395519741,0.0215307789560665,0.027108755695763,0.0194202277208023,-0.0064325124808499,0.0032485314203322,0.0023656799359629,-0.0037944464444444447
2022-03-17 00:00:00+00:00,0.0097366465562017,0.0011330028071848,0.0076784877242223,0.0432623823745988,0.0075974229806099,0.0129613065131856,0.0095993348206667,0.0076371085115519,0.0186664549210754,0.0133095185591579,0.0041173530668216,-0.000758906564703,-0.0009775963337878,-0.0017513661869386,0.0054469945785694,-0.006024397777777778
2022-03-18 00:00:00+00:00,0.0073281153905036,0.0177717750899227,0.0150401009785845,0.0053532515820614,0.0096419340046959,0.0139860552233539,0.0118845786246755,0.0201305409682737,0.0103644968231408,0.0092541583173187,0.0054555443126864,0.0063160990357754,-0.0012753587252342,0.0023050602520145,0.004311923393,0.005788008000000001
2022-03-21 00:00:00+00:00,-0.005680308660139,-0.013384023154614,-0.006192015493596,0.0297057862287725,-0.0017762018841335,-0.0054576497639864,-0.0024586241896977,-0.0024168279318877,0.0079796113633564,-0.0078209317562997,-0.000362006555068,-0.0088230167473608,0.0047574158220629,-0.0005147770093594,0.002349301333289,0.006288053333333333
2022-03-22 00:00:00+00:00,0.0024329425384269,0.0029116597032653,0.0134644316687972,-0.0048387208753481,0.0163712326636569,0.0056592156312328,0.00606429099821,0.00557205876545,0.0032904630860968,0.0097885583753145,0.0098440786474093,0.0046853345148809,-0.0011531444380657,0.0030941416816354,0.0039890583869914,0.0006840379999999987
2022-03-23 00:00:00+00:00,-0.0097289691185933,-0.0124968698380531,-0.0154261432830313,0.0077955782984358,-0.0153227809204736,-0.0244204545459235,-0.0119694274777854,-0.016096645631027,-0.0034545318784893,-0.0065919143067325,-0.0031361038066828,-0.0081590260217584,0.0025265590524898,0.0003185137363235,0.0051950693943904,0.004756324333333333
2022-03-24 00:00:00+00:00,0.0070560230630613,0.0065370955923272,0.0123847669494703,0.0083805238606132,0.0014920435192633,0.0119904776682529,0.0069241257900704,0.0205247841560153,0.0181865335698896,0.0094120278796293,0.0180436295108932,0.0048371677872202,0.0008330826088262,0.003588101686702,0.0005346282880588,0.004380577777777778
2022-03-25 00:00:00+00:00,0.0046936461538591,-0.0010389855077381,0.0043250376624711,0.0219250740795661,0.0098947151653014,0.0044604221913874,0.003990465538301,0.0026518589659882,0.0129274809622779,0.0087530651111845,0.0086935942563292,-0.0038405214086137,0.002804298100642,-0.0004910169256257,-0.0029618622078725,-0.001763412
2022-03-28 00:00:00+00:00,-0.0006748597211057,0.0047051951237011,0.0064767274886606,-0.016694684665342,-0.0001660231003781,0.0077611689273492,0.0027021087602455,0.0054143404798113,-0.0049823239333929,0.0140980902908178,0.0109479661572387,0.003172292985956,-0.0042985289171691,0.0022508165026926,0.0007242096682705,0.0029414936666666666
2022-03-29 00:00:00+00:00,0.0159256269363442,0.0208380450654326,0.017494381149304,0.0231343585519468,0.0126235427976064,0.0163674838578701,0.0121401270664575,0.0121696575016136,0.0072040853511466,0.030019886800864,0.0214662945990188,0.0124432637588638,-0.0083128490110028,-0.0011671467644695,-0.0010414095696838,-0.004059595111111111
2022-03-30 00:00:00+00:00,-0.0072190322585185,-0.009312850240426,-0.0053908596223523,0.0043356503930066,-0.0064521841184453,-0.0066309791712232,-0.0027697179121125,-0.0110064702353651,-0.0060154738153602,-0.0067935090248142,0.000190305421121,-0.0084517907559445,0.0012874735012873,0.0007348397658524,0.0014950211757631,0.0016882632222222224
2022-03-31 00:00:00+00:00,-0.0189239439504267,-0.0145111093665152,-0.0039907090679733,-0.0151894660249406,-0.0174100711749838,-0.0101188300482427,-0.0160746715901536,-0.0115161243516494,-0.0075784467050829,-0.0128917475200176,-0.0021683371619471,-0.0029273979047123,-0.0001015047738151,0.0008644904749887,0.0015462459044143,-0.005667538888888889
2022-04-01 00:00:00+00:00,0.0007912093334725,-0.0031265137320966,0.0089627873146059,0.0157964643250181,0.001357129579949,0.0082573870144464,-0.00415267868004,-0.0067105636473491,0.0071868345811586,0.015453618991522,0.0105078154902177,-0.0012987594583519,-0.001723009212117,-0.002952024928633,0.0006214738826442,0.006456572777777778
2022-04-04 00:00:00+00:00,0.0144910384189079,0.0095831167245081,0.0029098926500759,0.0124171363243619,-0.0030768031656975,-0.0067232648864455,0.0001002266039985,0.009778217541201,-0.0005312404369094,-0.0001841224175811,-0.0005029750281857,0.0036903489337717,-0.0032281131222123,0.0026066342750583,0.0026102368288871,0.006965321111111111
2022-04-05 00:00:00+00:00,-0.0120777168930192,-0.0103565819615578,-0.0114864424865168,-0.0305220399087783,-0.0043589597099915,-0.0062902491249719,-0.0127056997907953,-0.0199052425137176,-0.0090730786700474,-0.0115234355902024,-0.0094246841415027,-0.010242075521534,0.0013618249102273,-0.0011510701256389,-0.0026863326288104,0.0021855883333333336
2022-04-06 00:00:00+00:00,-0.0112511838791077,-0.0124458069714671,-0.0046289499125935,-0.007164967597913,-0.0066154477899347,0.0013247514546361,-0.0105652674557934,-0.0105755970783727,-0.0095099556004768,0.003669591338215,0.0006872043148707,-0.0109282850553259,0.0020843741473987,-0.0019913907698475,-0.0037332664217372,-0.014606246666666664
2022-04-07 00:00:00+00:00,-0.0101912961543407,0.0039591236573434,0.0084708120516278,-0.0028884985102375,-0.0012023274660488,0.0168851772745876,0.0037334587013561,0.0083695659593243,0.0055558573250893,-0.0095740841479837,-0.0061365008771792,-0.0036474937399536,0.0035649045078339,0.0013461514356714,0.0023589963312564,-0.0013785767777777776
2022-04-08 00:00:00+00:00,0.0013753746002739,0.0037746743525911,0.0014955083347982,0.0218572509299259,0.00647544294606,0.0041365093168853,-0.0060687246788895,-0.0098963727970545,0.0055362498583074,-0.0006445396924174,-0.003123382072015,-0.0045779902501837,0.0028387654362755,-0.002345025074185,-0.0006646031489922,-0.008268983333333334
2022-04-11 00:00:00+00:00,-0.0192694889433838,-0.0020768555660474,-0.0012578659321912,-0.0269238903236475,-0.0061952864461483,-0.0194058796880452,-0.0070252924682246,-0.0151741184122761,-0.0041575129657393,-0.0115825124057595,-0.0136234696845791,-0.0012170412670851,6.464926730082737e-05,-0.0020333960130594,0.0004347350284214,-0.00830253111111111
2022-04-12 00:00:00+00:00,-0.0019437989640408,0.00673139096346,0.0014525539286238,0.0082493821344666,-0.0077819148326453,-0.0095446235436587,-0.0020035882518509,-0.0012429503169166,0.000960309087059,-0.0012107435691328,0.0059656455892999,-0.0003811151748287,0.0036431139810332,-0.0003027979973345,0.0015307582512631,-0.004382962222222222
2022-04-13 00:00:00+00:00,0.0119025449707018,0.0146895082652995,0.0155658861644126,0.0184075558819071,0.005122597480144,0.0137530948122947,0.0118900324704013,0.0079864373676841,0.0137935569373485,0.0125400545333223,0.0094990713900827,0.0074221473255337,0.000322634571494,0.0004824265723265,0.0034951734049352,0.0027239963333333334
2022-04-14 00:00:00+00:00,-0.013317301118578,0.0003783767438853,-0.0029356381478764,-0.0043814568536942,-0.0075917572016744,-0.0088774040781972,-0.005629364206163,-0.0159523668923308,-0.0053684506885965,-0.0066244616852931,-0.0073003753312206,-0.0055299455646111,0.0028255143987915,-0.0013732401989843,0.0003182888249196,-0.010321291111111111
2022-04-18 00:00:00+00:00,-0.007859025384277,-0.0042833814832534,-0.0043148999236261,0.0164147592339111,0.0013288223766415,-0.0119510495930753,-0.0030676139475032,0.007165246069345,0.0028930670068694,-0.0024507943505286,-0.0026911660127093,0.0006516488850928,0.003196949996614,0.0024081484784012,-0.0014508991704212,0.0020535811111111113
2022-04-19 00:00:00+00:00,0.0087106983462679,0.0210533588270853,0.0189166041751794,0.0052678496549501,0.009829905962781,0.0178313060991775,0.0194085424364508,0.0119869540188912,0.0107764229129715,0.0166058312572656,0.0119232603872888,0.0095866202205737,-0.0026391494425101,-0.0057745370331518,-0.0030664873518122,0.0031552524444444442
2022-04-20 00:00:00+00:00,-0.0004053157602403,0.0093767058316007,0.0154971975891722,0.0024677040492176,0.0086863010182876,0.0189372208926633,0.0088848821090225,0.0109805773697548,0.0095083841428682,0.0118138134615878,0.01055589220694,0.0024205610156169,0.0029034290598987,-0.0028689886340798,-0.0062663264882762,-0.004972826666666666
2022-04-21 00:00:00+00:00,-0.0177881365395159,-0.0141668504753483,-0.0167660347137121,-0.0313113056400408,-0.0187270785028907,-0.0205864135395999,-0.0133110440450563,-0.0159627997241966,-0.0137218908013185,-0.0118583957173046,-0.0320621009676867,-0.0078303799524136,-0.0040230499861418,-0.0021579734723318,-0.0085452089170985,-0.0042400795555555554
2022-04-22 00:00:00+00:00,-0.0341596177511257,-0.0274399849640694,-0.0220606260507028,-0.0290704497222599,-0.0305545043252822,-0.0484351817065438,-0.0241475330242519,-0.024206611134051,-0.0352697262124623,-0.0228588674815255,-0.0229018606998777,-0.0051819748592379,-0.0034892989193428,7.996800085311398e-05,0.0004805572744786,0.0020268642222222217
2022-04-25 00:00:00+00:00,0.0031962804571907,0.0087657350661527,0.0107779658858011,-0.0330142335597878,0.004688143732247,0.0050555123521858,0.0056719823275838,0.0145973485173529,-0.0046626372641221,0.0033432551774651,-0.0012077605539231,0.0051632284444689,9.358026551115327e-05,0.0026734802927278,0.0008529299935043,-0.0035931388888888888
2022-04-26 00:00:00+00:00,-0.0361015113577404,-0.0236171028372138,-0.0304697768736471,-0.0056329388677865,-0.0286709894626858,-0.0287420101906356,-0.025022776956235,-0.0259130415974682,-0.0128321745548071,-0.0209322526672302,-0.0283340876300599,-0.0112228242350709,0.0013539348325994,-0.0015891001522907,-0.0015752662237212,-0.005801365555555555
2022-04-27 00:00:00+00:00,0.0026517251051906,0.0013551134480587,0.0095294986664633,0.0144455124280933,0.0056205175156292,-0.005229161357517,0.0101727308551235,0.0087136493925052,0.0185060937806678,-0.0042442208960905,0.0001971508377288,0.0006440915113142,0.0015377233909701,0.0006826942842944,0.0001281653696573,-0.003600723
2022-04-28 00:00:00+00:00,0.0001477657664426,0.0065746730782834,0.0097456906186634,0.0314375426050514,0.0077502892278274,0.0104141493415006,0.0087013106136335,0.0234915159362862,0.012027426307446,0.0135389888211082,0.0083312215032211,0.0029104629459951,-0.0017306462236176,-0.000576525792637,-0.0034242995789608,-0.011868123333333334
2022-04-29 00:00:00+00:00,-0.0313254193501431,-0.0261768726362126,-0.0225896313484359,-0.0202779656111569,-0.0290620483443691,-0.0192689438957637,-0.0243985556944566,-0.0279577766327197,-0.0184900021757387,-0.0355255127364509,-0.0244226490123942,0.0001287070027927,-0.0016577191330939,0.0001290312132661,0.0016442012713482,-0.004425791888888889
2022-05-02 00:00:00+00:00,0.0121305689520808,0.0055952259405194,-0.0049645919529171,0.0199217956673573,-0.0013413923869575,-0.0020070306211017,0.0017733919062697,0.0077671160592339,-0.0060310567459066,-0.0203654178263056,0.0027195455401934,0.0064359921362132,-0.0019089287676798,0.0006256854313612,0.0028563956778483,0.009249695555555555
2022-05-03 00:00:00+00:00,-0.0007013567823584,-0.0075210107039401,0.0037414189801372,0.0324473491809318,0.011956059902355,0.0077524186270623,0.0056419092286117,0.0065964683042772,0.0203953523125932,0.0143714375387973,0.003474295224221,7.654361859192673e-06,0.00051683537288,-0.0002960922617749,0.0006248345847256,0.0015224944444444442
2022-05-04 00:00:00+00:00,0.0266059551762702,0.0213985117728848,0.0220992561551962,0.0425623344187102,0.0277982048546641,0.0258980344283932,0.0291285178739884,0.028253076890434,0.0401464993321467,0.0125138025215503,0.0267936094754393,0.0039339356329331,-0.0013918410049504,-0.0027235317855203,0.0005615956780661,-0.0001238277777777778
2022-05-05 00:00:00+00:00,-0.0326208076745235,-0.0364020185326017,-0.0334205845231629,-0.0256898867844908,-0.0258103412405953,-0.030421089105757,-0.0311993571122265,-0.0339604467300062,-0.0361995534175957,-0.0304820954343956,-0.0320341564906365,-0.011713805830127,0.0008824115629914,-0.0008818848990242,-0.0037520363326366,-0.002410932333333333
2022-05-06 00:00:00+00:00,-0.0379516782309911,-0.0156122474087174,-0.0114961515963891,0.0171614562448236,-0.012703578174346,-0.0131745757158855,-0.0115171988802219,-0.0102914170749215,-0.0131598567342906,-0.0171773052010985,-0.0064674877413871,-0.0098074172966293,-0.0003697690185305,0.0006377423482948,-0.003915625353268,0.00987825388888889
2022-05-09 00:00:00+00:00,-0.0192630287631636,-0.0277131737153754,-0.0173047442541729,-0.086991387198104,-0.0281947635456219,-0.0335443526255724,-0.0241551066686098,-0.0253604752926,-0.0304585666515728,-0.0495356298849981,-0.0332674991195381,-0.0139217425182921,-0.0060215347394997,-0.0024877124525141,-0.0103301985255088,-0.02151612111111111
2022-05-10 00:00:00+00:00,-0.0037295251891847,0.001550437920096,-0.0084643045276067,-0.0072573101842639,-0.0073468450188456,0.0020467280563385,-0.0047115800724276,0.0146522490899632,-0.0062895745808525,-0.0230619359518554,-0.0159772988241286,0.00145150833071,0.0081409227607745,-6.160299726896604e-05,-0.0020880502536911,0.004414190411111111
2022-05-11 00:00:00+00:00,0.0129450086783746,-0.0243002885774406,-0.0093449041329739,0.0028262649699641,-0.0129530127033845,-0.0122324358889426,-0.0125981859459237,-0.0199383446597877,0.0013804930891917,-0.009410137141401,-0.0061578282402093,-0.004738997381279,0.004700032670248,-0.0011092468645855,-0.0032372016603704,-0.0035099454444444448
2022-05-12 00:00:00+00:00,0.0158486427548915,0.0062679002090835,0.0131537999321469,0.0209931696585442,0.0022678678309186,0.0117780967123661,0.0012989374147723,0.0004458138800096,-0.0005921131223407,0.0161713311694328,0.0042528165065567,0.0023109230572207,-0.0099720373748208,-0.0022922286822033,0.0085909417119927,0.004288489
2022-05-13 00:00:00+00:00,0.0181249128493361,0.0274489617449288,0.0336049016466366,0.0486833467162104,0.0176988500230075,0.0216914893316157,0.0193767353322977,0.0263266450160188,0.0165833475911873,0.033935095968128,0.0408384520398616,0.0155254264474674,-0.0006399209221292,0.0013735403648048,0.004904572198544,0.007691785333333334
2022-05-16 00:00:00+00:00,0.0004390250515075,-0.0122952710947351,-0.0095157248044099,0.0163658499947766,-0.0066515603886553,-0.0008471855580119,-0.003843986897893,-0.0071716121335832,-0.0061242874475313,-0.0106466614495899,-0.01172390067954,-0.0093326449974457,0.0031027289013191,-0.0012403346484273,-0.0009428267571178,-0.0007741233333333334
2022-05-17 00:00:00+00:00,0.0190285000671814,0.0164808554821135,0.005662240039893,0.0207408531863159,0.0261403651085794,0.0203443816209295,0.0220153025416271,0.0233349737069612,0.0313831299220837,0.0165876594896316,0.0229924178617041,0.0099489539046057,-0.00188322003859,0.0010765325742209,-0.0010816453077163,0.005368521111111112
2022-05-18 00:00:00+00:00,-0.026102176844682,-0.0547867571699258,-0.0842298588881356,-0.0368264336123465,-0.0324182756912145,-0.0327840718957632,-0.0435300499563615,-0.045127207124063,-0.0342520386181047,-0.0375843599346303,-0.0243701645457367,-0.0086025980837088,-0.0028385121616819,-0.0040923366805907,-0.0031007441184587,-0.010306935555555556
2022-05-19 00:00:00+00:00,0.0041902562518788,-0.0063297983972732,-0.0040052600215521,0.0086798443400023,-0.0020288051260396,0.0106187035911064,0.0018558395715049,0.0013811544772971,0.0089339549052813,0.0029669182582403,0.0199618600180924,0.0089430647048704,-0.0013200147092229,0.0023497335231107,0.0053267282917655,0.0009428653333333335
2022-05-20 00:00:00+00:00,-0.001450331571486,-0.0047522000500843,-0.0014777088291775,0.0114641124504746,0.0008023716262774,0.0093117144782723,-0.0070220311438868,0.0011265074825687,-0.0039419003718467,0.0015532938656784,-0.0058468273146369,-0.0011872787543345,-0.0040826387752857,-0.001743703296037,-0.0047395638599827,-0.004653515555555554
2022-05-23 00:00:00+00:00,0.0033455486923937,0.0009081269211907,0.0071753639153048,0.0132096674224455,0.0242481955610847,0.0056060109617929,0.0132475205316854,0.0082938235866223,0.0168637763040167,0.0084529964120718,0.0064520186076181,-0.0035799826210439,0.0058631163591742,0.0005463653157957,0.0001188741942443,-0.009337157777777778
2022-05-24 00:00:00+00:00,-0.0274842201056936,-0.0050282724441579,0.0012452571769597,0.0028411392761751,-0.001994902412583,-0.0065798806671511,-0.0035353131586345,-0.001228359474763,-0.0056865595986769,0.005064918126711,-0.0031255715212932,-0.0140672190111071,0.0005905297656542,0.0043841117374929,-0.0034848155337129,0.005793241777777778
2022-05-25 00:00:00+00:00,0.020889650814554,0.0239079452255515,0.008528582821182,0.0215922694204967,0.010794801792421,0.002510985478934,0.0078888308194191,0.0067157036209613,0.0048729509669857,0.0101944700371097,0.0084555667168575,0.0031895579427599,0.0004888440514269,-0.0028700832626088,0.0062019679153827,-0.0100306
2022-05-26 00:00:00+00:00,0.021316807943603,0.0396079926347041,0.0290632743776471,0.0190902019797526,0.0235858857280177,0.0136141017814986,0.0251738875768988,0.0238075440067537,0.0191443113003224,0.0095489231475908,0.0236063501115124,0.0147579951468829,0.0022107378472221,0.0011124022841219,0.0010004071943312,0.008465447777777777
2022-05-27 00:00:00+00:00,0.0247573125660132,0.0191705207624001,0.0243578880365081,0.0301449837284776,0.0197252904063926,0.0269385824067239,0.0225213152061172,0.0249028487519412,0.0249075253432033,0.0315370417417197,0.0257268675980107,0.0101076534129134,-0.0024259200581305,0.0011738543265799,0.0004385857738614,-0.0013977622222222227
2022-05-31 00:00:00+00:00,-0.0032037540861635,-0.001583547222353,-0.0096279392106554,-0.016533198745604,-0.0043705022314668,-0.0163311399492242,-0.0097224046267165,-0.0079853965814487,-0.0120533228164079,-0.0152411729586282,-0.0149721887814186,-0.0030188231056288,-0.0001166856484434,0.0019286177132448,-0.0019541745734987,0.0071700666666666656
2022-06-01 00:00:00+00:00,-0.0056936231303361,-0.012684749122752,-0.0217224694260543,0.0093437086534567,-0.0176986228819531,-0.0193843703278834,-0.0098361450478634,-0.0016816138898259,-0.0160746645343967,-0.0122579509917566,-0.0140425709442539,-0.0054444472734108,0.002573888803722,-0.0016200720909406,-0.0020684268345889,0.0008368448888888887
2022-06-02 00:00:00+00:00,0.016475837823663,0.0153099578507617,0.0235309598634346,0.017342754711993,0.0171594366154412,0.0210990947105552,0.0238272748736316,0.0226841333456311,0.0270228628170269,0.0193131516454749,0.0258397276428781,0.0134055559241199,-0.0043571558438351,0.0017490022282935,0.0018655880829323,0.005470975555555555
2022-06-03 00:00:00+00:00,-0.0166774039536686,-0.012084003517148,-0.0120900108304844,0.0018705501440131,-0.0163635090676403,-0.017011965563187,-0.00682163229017,-0.0140532757981163,-0.0159994722076507,-0.0178219617220498,-0.016600881953526,-0.0059641635785219,0.0035133812647416,-0.0028284918249122,-0.0012136662674839,-0.00176948
2022-06-06 00:00:00+00:00,0.0076459065091689,0.005225282914517,0.0034579918139662,0.003266025082843,0.0077672205838145,0.002067470519719,0.0056345600740673,-0.0016317070174231,0.0067806075602317,-0.005881133224789,0.0093839346843082,0.0029723216824321,0.0014542619275623,-0.0003811927013755,0.0017304719094473,0.0016467871375
2022-06-07 00:00:00+00:00,0.0101389007589644,0.0003677875623958,0.0037755764511689,0.026191121103621,0.0056125545906725,0.0119680452085636,0.0114616003464529,0.0071288092017098,0.0054819112392277,0.0123216811550063,0.0070402243533564,0.002023134901586,0.0008390717932172,-0.0009630487008485,-0.0008834375435736,-0.004743560000000001
2022-06-08 00:00:00+00:00,-0.0073759041689902,-0.0068463603858908,-0.0073178256631077,0.0005513483642618,-0.0158939973252782,-0.0068074328286015,-0.0163016269308277,-0.0147786633218113,-0.0175517064847948,-0.0204113785165252,-0.0183963131617742,-0.0026432262133188,-0.0030914182095665,0.0017455010445528,0.0024413750769602,0.0010201659999999997
2022-06-09 00:00:00+00:00,-0.0169734696423524,-0.0158018110872426,-0.0204938237216205,-0.028524664755672,-0.025404720875798,-0.0256919735454507,-0.0188678212461539,-0.0182332481460067,-0.0275888991375296,-0.0303287719834797,-0.0352569690119619,-0.0041278086082834,0.0022601100215589,-0.0013645521689759,-0.0032853826284016,-0.002466140111111111
2022-06-10 00:00:00+00:00,-0.0263670484374743,-0.0306317282900642,-0.0170412708399029,-0.0292586747396013,-0.0339156274464485,-0.020795171743989,-0.0315778465957057,-0.0229991942479996,-0.0330591236094092,-0.0243417210048149,-0.024145186466553,-0.0122175433934445,0.0019653436754367,-0.0021335601710624,0.0027204354567277,6.870444444444562e-06
2022-06-13 00:00:00+00:00,-0.0422725220250495,-0.0366505440167456,-0.0355768477148335,-0.0580469690575545,-0.0335870065080846,-0.0409640390184192,-0.0360681830471122,-0.0351217248225355,-0.0388616456068185,-0.0575751086974457,-0.0695500644161209,-0.0139654471765596,-0.0006120907513023,0.0013374859878394,-0.0030857150113853,0.01837196888888889
2022-06-14 00:00:00+00:00,-0.0049987700644519,-0.004265360355807,-0.0063127928756463,-0.0131412726234473,-0.0008423334575869,-0.0090673395532681,-0.0037302176112225,-0.0033777368847998,-0.0028630047378843,-0.0059578662366081,-0.0227240892213118,0.0036179253614921,0.005164853868181,0.0017750426982973,0.0019596632636668,-0.0009203900000000001
2022-06-15 00:00:00+00:00,0.0123414399186116,0.0132949166320926,0.0126115840854964,-0.0057657685487773,0.0130919792475462,0.0140641313537854,0.0111307753018156,0.0128795659440058,0.0055854283147043,0.0221618035992202,0.0171020174115589,0.0065242967110512,-0.0061315968243451,0.0025367922612717,0.0019102107682446,-0.002252513333333333
2022-06-16 00:00:00+00:00,-0.0359824761195255,-0.0469041271509091,-0.0297780039744173,-0.063339506800378,-0.032210425012612,-0.0291595704760193,-0.0427439735059781,-0.0415592316113237,-0.0361170752864808,-0.0253724787036895,-0.0374579440581015,-0.0183723035823886,-0.0020527893139143,0.0019742318063232,-0.0001860374476395,0.012596913333333333
2022-06-17 00:00:00+00:00,0.0109052465890292,0.0111133396995727,0.0060468819166508,-0.0435578659365291,0.0063344758712061,0.0096374791182048,-0.0003359856968387,0.0098175570631283,0.0044778425187282,0.0112294544110536,-0.0009607746635679,0.0048445314843245,-0.005688400066541,-0.0013307667082697,0.0032335544278008,-0.008531048888888887
2022-06-21 00:00:00+00:00,0.010356811699885,0.0123099108858268,0.0236392971816942,0.0445031597957686,0.0216822504000929,0.0122474092239877,0.0148558727692559,0.0186573873490753,0.0053237218872962,0.0113686180039666,0.015402165205078,-0.0004357241342056,0.003105893486865,0.0026678591259707,0.0022173821748692,0.00724449
2022-06-22 00:00:00+00:00,-0.002695646534182,-0.0013529910312421,-0.0065885218652236,-0.0381184338462516,-0.0056561401423173,0.0122693508704404,-0.0045918862146178,-0.0045733942048913,-0.0118822737170398,0.0088215754643519,0.0040683288921119,-0.0047691537707423,-0.0059011548570772,-0.0018827728600869,-0.0014852080876911,0.0030085925555555556
2022-06-23 00:00:00+00:00,0.0047117212774203,0.0046942672074096,0.0196757984872304,-0.0054209466921101,0.0006780296430022,0.0252112147645976,0.0024188354274212,0.0122659195941353,-0.0104223718404801,0.0176969033903051,0.0320520832239428,0.0008892517224939,-0.0123101012053094,-0.0014255209339635,0.0015000671361451,0.0032957388888888886
2022-06-24 00:00:00+00:00,0.0303779975680431,0.040221761869676,0.0324135359267395,0.0202935528775431,0.0398443624866863,0.0262612978030765,0.0385931949482542,0.0321579284435784,0.0436622863251324,0.0247060595854453,0.0314371958036971,0.0104443678313646,-0.0013912542282781,8.100099710573521e-05,-0.0010931577652057,0.0038414488888888886
2022-06-27 00:00:00+00:00,-0.0039910718182126,-0.0019949658130519,-0.0036770453420347,0.0280803421845812,-0.001888876381233,-0.0001266090479049,-0.000618807152559,0.0013316564442727,-0.0044041197376973,0.0013441728771163,0.0034963562976949,-0.003779865640181,0.0057077328901823,-0.0014825689745251,0.0020993512770787,-0.006295409188888889
2022-06-28 00:00:00+00:00,-0.0136462762148704,-0.0204387577676701,-0.0167137077248213,0.0141466027505784,-0.0133232764675272,-0.0201366573093465,-0.0165056886720129,-0.0233554198000118,-0.0137355848059371,-0.0159039804854969,-0.0102293359457003,-0.0018820845353355,0.0042826685700046,-0.0028876123487005,-0.0018493109732458,-0.005191320333333332
2022-06-29 00:00:00+00:00,-0.0057286121766089,-0.0089480219894873,-0.0028142951703759,-0.0376375873136863,-0.0089035454984735,0.0044916374300434,-0.0069367513771659,-0.0017865545157015,-0.0067210711854962,-0.010621391149557,-0.0129468164784495,-0.0090407395925623,-0.0020539422864714,0.0013137189225349,-0.0027069999818901,0.005011795
2022-06-30 00:00:00+00:00,-0.0060944313989609,-0.0086056892478442,-0.0123978305058542,-0.0261268000007519,-0.0072337793642266,-0.0124397141223398,-0.0010469270885196,-0.0079603800298069,-0.013165296330223,-0.0044935499635439,0.0016200748052064,-0.0048802876944498,0.0026185676279634,-0.0014983408750229,-0.0009913784415375,0.002806722444444444
2022-07-01 00:00:00+00:00,0.0139473323153794,0.0168225828369159,0.0124327436587055,0.0229047482578566,0.0136067047134289,0.0194591647790802,0.0107696884488394,-0.0034149841070046,0.0096792132530504,0.0162023858493433,0.0235500466060005,-0.0025554188153309,-0.0044412927515748,-0.001367003591349,0.0015179410096478,-0.0004221919555555552
2022-07-05 00:00:00+00:00,-0.002762283536448,0.0126204474268331,0.0083940206192397,-0.0198137877458034,-1.7533777506096054e-06,0.0002287221384117,-0.0070433899761075,0.0001420052224373,-0.0109277492641961,-0.0003907335192168,-0.0220651486232627,0.0072129831725518,-0.0104655327453241,0.00137119469815,0.0025834039937753,0.009668423888888888
2022-07-06 00:00:00+00:00,0.0018166859886148,-0.0075168618191579,-0.0025146390471743,-0.0298266220998607,-0.0006427155849021,0.0014430316634118,0.0075050536625234,0.0102435422054612,0.0046283785951107,-0.0019252207580315,0.0027271709546955,-0.0039552603817073,0.0026580786527694,0.0011543621791469,-0.0014050840401883,0.005373967222222222
2022-07-07 00:00:00+00:00,0.008951417188243,0.0141602011016085,0.0131823836903285,0.0483526843594268,0.0138112224261376,0.0161307593560949,0.0147195622051562,0.0146726538913047,0.0119695312443121,0.0052991079822065,0.0125125321192914,0.0095624119167129,0.0017250588398995,-0.000281170238334,0.0043527342530887,-0.001267684833333333
2022-07-08 00:00:00+00:00,-0.0037055779829701,-0.0043321034444455,-0.0048917679447751,-0.0090093883079013,-0.0018248549815346,0.0022506791443484,-0.003765853184481,0.0042454830280463,-0.0090151300890928,-0.0025719258029246,-0.0004588949858394,-0.0001873510942581,0.0036312629904698,0.0020411669859073,0.0017705613898432,-0.0023797965555555555
2022-07-11 00:00:00+00:00,-0.0127475828887388,-0.0126762962205697,-0.0091152058735731,-0.022428492180378,-0.007899371265252,-0.0094274878045017,-0.0088715690143376,-0.0086565479418669,-0.0090229601632243,-0.0069415371754381,-0.0095126824700881,-0.0063109584382897,0.0052715724334125,-0.0015008906089771,-0.0034455885738351,-0.0033745102222222222
2022-07-12 00:00:00+00:00,0.0028714782339413,0.0036709897716318,0.0028723065980585,-0.0150555274812645,-0.0065555886596083,-0.0112943434759311,-0.0032270138212508,-0.0159260378417579,0.001205219819767,-0.0062461321145589,-0.0013884504035193,0.0031640013251273,-0.0024614577758419,-0.0018211746574088,-0.0012191343549368,-0.005609693
2022-07-13 00:00:00+00:00,-0.0104366362909792,0.00151369039278,-0.0001549812782426,-0.0027605587734151,-0.0108053888843067,-0.0088744881761653,-0.0121823697918759,-0.0016773187671123,-0.0079636906804078,-0.0061991087968194,-0.0078777051371133,-0.0021362454976418,0.0023580062207386,-0.0010020997707857,0.0023958386334986,-0.0014151716000000002
2022-07-14 00:00:00+00:00,-0.0084369341491166,-0.0054697708011929,0.0018587092846927,-0.0169913265498339,-0.0158832683025865,-0.0038031800111337,-0.0021296389689437,0.0063520239247938,-0.0133851080826619,-0.011928833945161,0.0011124639552194,0.0016843028002869,1.337608968892639e-05,0.0040654591448477,-0.0037396139297633,-0.0010388586999999997
2022-07-15 00:00:00+00:00,0.0238024157763861,0.0159142337455547,0.0055969948699821,0.0240862143452404,0.0289449157080996,0.0222270692446761,0.018584901044156,0.0151354582167648,0.018922184215477,0.0220535091990266,0.0093412809011921,0.0053790411049107,-0.0017584435857949,0.0007498615911805,-0.0027235210098042,-0.0071099523
2022-07-18 00:00:00+00:00,-0.0005814224868876,0.0002443519978506,0.0010522617459493,0.0309980383244953,-0.00374381226144,-0.0147581026323996,-0.0050659658013801,-0.0125682027270809,0.0023688104369879,-0.001363478580943,-0.00150764954583,0.0051859320712148,-0.0027503500858786,0.0002588814429713,0.0031207283434455,0.0015273182444444447
2022-07-19 00:00:00+00:00,0.0423005448284441,0.0254021053506221,0.0213106491368531,0.0394292764750431,0.0302386698461662,0.0285308675607147,0.0372552692873663,0.0319506166452142,0.0335067585386919,0.0285969049169518,0.0194845516138907,0.0106298375402114,-0.0022495343822352,0.0006249437792084,-0.0024652222905222,-0.0010297225999999996
2022-07-20 00:00:00+00:00,0.007222243250511,0.0046659781425885,0.0072623271607321,0.0121057327058781,0.002966266309932,-0.0003261451892944,0.0075992004643593,0.0147764861979093,0.0019346949273377,0.0031836992650696,-0.0010161511956626,0.0080638279640271,-0.0005989187823571,-0.0040377627635971,0.0039257546192179,0.00029155900000000026
2022-07-21 00:00:00+00:00,-0.0086008085034189,0.0064751239257033,0.0013602304664139,-0.0133073909644945,0.0060620784384531,0.0163837870563782,0.0076168738208709,0.0111836469689131,0.0128537538779105,0.0024957037633538,0.0002093409159812,0.0019735607900018,-0.0023842343384942,-0.0007079857894079,-0.0037248261204256,-0.0023111952000000003
2022-07-22 00:00:00+00:00,-0.0097537002171962,-0.0062753266928932,-8.670921795397293e-05,-0.0107329814439785,-0.0055845987915161,-0.0034098230921607,-0.0032497407131347,-0.0080093820239698,-0.0090796385597605,0.0034294325873052,0.0023799387105179,-0.0047661031563651,-0.0007132639660962,-0.0007757649563796,-0.0025944982509778,-0.0052893256
2022-07-25 00:00:00+00:00,0.0041883937989722,-0.0109792725050976,-0.0077028254746541,0.0272312584869863,0.0045551185179022,0.0001032257858278,0.0003115998893195,-0.0016690680160717,0.0077164843259556,0.000657151651676,0.0089063893570347,0.0026067307276191,0.0070836023145111,-0.0023025853405919,-0.0024407749216515,-0.0007337616899999999
2022-07-26 00:00:00+00:00,-0.0085332115627491,-0.0080883432134569,-0.0008302663451447,-0.0040146262712986,-0.0108216462198705,0.0035454179790072,-0.000983457113227,-0.0062887715634673,-0.0063056578473863,0.0003615158598246,-0.0011722586397343,-0.0061901978461608,-0.0002568085762517,0.001789572318468,-0.0022980238442506,0.013888845
2022-07-27 00:00:00+00:00,0.0186828014825787,0.0188578105039418,0.0170837720498249,0.0212012357792533,0.0109328819217174,0.0144263844779678,0.0185885597361905,0.0176199625299752,0.0174519191896637,0.0126554498870177,0.0169081180964076,0.0128508398388427,-0.0002494225107349,2.354976259108359e-06,-0.0037904240283541,-0.0039564644999999996
2022-07-28 00:00:00+00:00,-0.0046798080356304,0.0223536918732463,0.0203301393650332,0.001854570131204,0.0103395687955279,0.0094352540777091,0.0235592043107751,0.0225364328447205,0.0191102867093996,0.0341448107890794,0.0348742889494114,0.0068213965018449,0.0013010749617155,-0.0007506168386884,-0.0006895270997592,0.013769102
2022-07-29 00:00:00+00:00,-0.0001892256507373,0.0014097892231273,0.0050655816282619,0.0199000118737884,0.011516972146562,0.0054329039435528,0.0176557929800549,0.0104873100923037,0.0134553496048019,0.0061384091064191,0.0161803051248463,0.0052107308028696,0.0036066109938202,-0.0013851365076036,0.0021364728601032,-0.004392017
2022-08-01 00:00:00+00:00,-0.0032834771577414,0.0018325946735905,0.0122535796913127,-0.0160987686042666,-0.0057558899818075,-0.0044656389867298,0.0012785071449085,0.0022120092448343,-0.0111613122544862,-0.0060143758601369,0.002086689488459,0.0005732365726904,-0.001599940256028,0.0001173396279124,0.0016654526619012,0.0056656169999999995
2022-08-02 00:00:00+00:00,-0.0099126925939625,-0.0137437999316223,-0.0060225263954607,0.0033447186925849,-0.003668487211823,-0.0036035463116491,-0.006352684500469,-0.0091613257098456,-0.0047828198982936,-0.0121660380941397,0.0074408824423712,-0.0005939733377001,-0.0029742547032363,0.0009345078016275,0.0081685421413128,-0.009122742999999999
2022-08-03 00:00:00+00:00,0.0132478815290121,0.0103058932490632,0.0105600634944246,-0.0131526368536641,0.0163371038237724,0.0110916102949329,0.0098482789077179,0.0137298905545957,0.0048105250592076,0.0075327544459965,0.0178062095893888,0.0045217623662977,-0.0050928655749438,0.0032784210085557,0.0001689024559461,0.003348955499999999
2022-08-04 00:00:00+00:00,-0.0046276551461029,0.0008023964965787,-0.0020626844340455,-0.0361608379806295,0.0002202134562258,0.0007213442653562,0.0056215686914988,0.0020874229871335,0.0076792193140054,0.0041318129809071,0.003966215292323,-0.0003747826224718,-0.0055265585807359,0.0003599678445909,0.004551740669917,0.010922775999999999
2022-08-05 00:00:00+00:00,-0.0045441722559371,-0.0016850529690923,0.0011116500582768,0.0220042437720486,0.0056631837370034,0.000706271812393,-0.0002121919907292,-0.0001565760968077,0.0002227743308487,0.0030281421080416,-0.0051487355745696,6.5431953703108e-05,0.0017817356791577,-0.0018501118599961,0.0015255467347637,-0.0010586230000000003
2022-08-08 00:00:00+00:00,0.0179303663070481,0.0097068015960377,0.0015618122673712,0.0124166932149719,0.0039411657506595,0.0033977847031113,0.0025186059117662,-0.0021919774612492,0.005828376030588,0.0094694638494711,0.0040334833070002,-0.0012535631757828,-0.0020235399831438,-0.0015698852697112,0.0022566915285761,-0.022527692
2022-08-09 00:00:00+00:00,0.0077237150597408,-0.0122360547142539,-0.0109493308030686,0.0064127113039041,0.0012953777929647,-0.0134223846610476,-0.0093040356319464,-0.017794754046503,-0.0027107385875011,0.0031842226478278,-0.0057267439724322,-0.0069057034668343,0.0070630889921935,2.576950545458292e-05,-0.0022411054888771,-0.0016223056400000001
2022-08-10 00:00:00+00:00,0.0234665676950507,0.0184673547746599,0.0173654172957572,0.0157081232059584,0.0228008122536558,0.0179201466999885,0.0199291886509847,0.0215726768068416,0.0231134213221749,0.0171657495821854,0.0166403897722054,0.0106177588000358,-0.0051197540020945,1.3345564236678212e-05,0.0034358795892432,0.0013703028
2022-08-11 00:00:00+00:00,0.0046761127787245,0.012812385739161,0.0014246281877456,0.0438852592876074,0.0090654899114458,0.0032266636674927,0.0085488167273494,0.0034074384235899,0.0088150349788125,0.0030228408292658,0.0071232093663988,0.000868679981351,-2.1426258256251092e-05,-0.0026452407244173,-0.0026652866736804,-0.0060486156
2022-08-12 00:00:00+00:00,0.010998404938736,0.0130643686313439,0.0114017405939062,0.0038848811220004,0.016143988774092,0.0117096980133472,0.0172532860890205,0.0197321590331677,0.0169791874582745,0.017341383181726,0.0220647151081007,0.0017795978731615,-0.0012275826862006,0.0007930062692462,0.0003008885905321,0.0020898744000000004
2022-08-15 00:00:00+00:00,0.0023985816797842,0.0031421664326126,0.0056687149829768,-0.0245952037463791,0.0008193780506845,0.0052063206191883,0.0034857710865041,0.0034259900590293,-0.0030109162023853,0.0009884298207164,0.007272209507721,-0.0014120314724441,0.0007284060535319,0.0015070859334275,0.0004511358537518,-0.0013758868000000005
2022-08-16 00:00:00+00:00,0.0021036261506212,0.0166624951991029,0.0075618254407182,0.0046605685334938,0.0032296302835851,-0.0053859960169353,0.0037572092689359,-0.000474866845941,0.0081563278844592,-0.0013567943573065,-0.0008662503600394,-0.0032137625076267,-0.0014846108421526,-0.0006880013835763,-0.0007742562154159,-0.0007226120999999999
2022-08-17 00:00:00+00:00,-0.0103357577764496,-0.0087166030524728,-0.0125717144000969,-0.0059317738063726,-0.0059416032887082,-0.0153674581581189,-0.0100355126511454,-0.0081463885177546,-0.0147259634802265,-0.0088914847821151,-0.0151702195446982,-0.0054489487609243,0.0048725695774055,-0.0017936147247315,-0.0031907041775853,0.001642466
2022-08-18 00:00:00+00:00,-0.0025878351549681,0.0024015531707014,0.0046575303264222,0.0278540599721279,0.0036917176773063,-0.002154773143074,0.0040497824392987,0.0125922921815779,0.0022558492491764,-0.0072595166720017,0.0059681932900806,0.0038300770869202,0.004187006459156,-0.0003466658275853,-0.0007480896454416,0.0030045360000000012
2022-08-19 00:00:00+00:00,-0.0159520134210084,-0.0143981206604837,-0.0160201646039455,-0.0099930565541154,-0.0212369014203378,-0.008132147056984,-0.0183806498199188,-0.01619159376208,-0.0192901736051633,-0.0190560885145942,-0.0172264518910201,-0.0093137835792358,0.0038327596667154,-0.0005627926220763,-0.0020496602138883,-0.0051822503999999995
2022-08-22 00:00:00+00:00,-0.022746794237322,-0.0218505505684811,-0.0146110104958969,-0.0083342685868262,-0.0171497680704389,-0.0199461342845647,-0.0190792443502899,-0.0224750979392534,-0.0133482191274701,-0.017148290465266,-0.0170623812842777,-0.0048736698436739,0.0046554856521605,0.0015092280764445,0.0033909153955337,-0.0013375409000000002
2022-08-23 00:00:00+00:00,-0.0066350766587536,-0.0022244938381199,0.0019937912048786,0.0333880206356986,-0.0034226934471484,-0.0122260282982067,-0.0023928288396188,-0.0042952474666078,0.0099100927687226,-0.010806445917202,-0.0009633137389657,0.0041469598541638,0.0017337019383496,0.0002889199833789,-4.972310208829425e-05,-0.0073948759426
2022-08-24 00:00:00+00:00,0.0046240776847982,0.009618483173778,0.0070758634963501,0.0148735404083253,0.0036606812231548,0.0039025001817073,0.0045318970168031,-0.0003844854563839,0.0009261153343642,0.0060854844914636,0.0095045887327685,0.0023279357488612,0.0008213912271887,-0.0009113198922847,0.0047174563978184,-0.0054127226
2022-08-25 00:00:00+00:00,0.0129326446828355,0.0120481191171382,0.006888231891341,0.0088325574408831,0.0138533948726226,0.0158444124462979,0.0143373061863642,0.0189022941468145,0.0293913197938759,0.0186269972482166,0.0164597914312884,0.00632629022469,-0.0015722283838006,3.3471994794400764e-05,-0.000680892424968,0.005923131999999999
2022-08-26 00:00:00+00:00,-0.0259066187810705,-0.0338909670563979,-0.0341022212987087,-0.0195842358636659,-0.0299101141636077,-0.0387111427906245,-0.0372397320626641,-0.0375724567578295,-0.0302527670413575,-0.0255851257925805,-0.0267738193838213,-0.0089873795483188,0.0024920482783081,-0.0022362413125049,0.0019331747784296,-0.0018097156999999995
2022-08-29 00:00:00+00:00,-0.0045246469454198,0.0006516869024471,-0.0013799703323766,0.0162968825795022,-0.0064852555159865,-0.0059367154565428,-0.0043018261443574,-0.0115436186124078,-0.0075295424326045,-0.0121544867759325,0.0021220519730681,-0.0010727821770962,0.0002186858974073,0.0011244955717159,0.0002878444832501,-0.0004006385999999999
2022-08-30 00:00:00+00:00,-0.0094393010685311,-0.0099812300280569,-0.0103462731785098,-0.0362227335501539,-0.0075898255890138,-0.0063473143018105,-0.0130767218675086,-0.010469320781423,-0.0194962616817266,-0.0132975733292631,-0.0150990586512971,0.0003135156950622,-0.0030309960317618,-0.000430757048329,-0.0030414638219429,-0.0006024714999999997
2022-08-31 00:00:00+00:00,-0.0034179056494557,-0.0086045475362799,-0.0093343077663397,-0.0079558691345861,-0.0058801527034831,-0.008358423317289,-0.010078915108105,-0.0137635231944785,-0.0136559574946677,-0.0078803144225856,-0.0083477285859259,-0.002616378589689,0.0011915863297054,-0.0020430174738054,-0.0001630676221446,-0.002667395
2022-09-01 00:00:00+00:00,0.0057466241021761,0.0089124481137008,0.0010982738396393,-0.0245101596736656,0.0043628534769724,0.0098493943613444,0.0067236473001487,-0.0045736289438467,-0.0114841507185011,0.0042967825878564,0.0109637806986052,-0.00370448402121,-0.0011208850934018,0.0048608563241211,-5.4348301404359453e-05,-0.00031892400000000005
2022-09-02 00:00:00+00:00,-0.0147470004823389,-0.0069903769773838,-0.0082662866170846,0.0233066089945161,-0.0067231605874092,-0.0111879098170132,-0.0108643053570715,-0.0084233380662007,0.000203625756256,-0.0062551217227787,-0.009559062697874,0.0001214285850469,0.002031673534955,-0.0022712784918485,0.002136674372973,-0.0010444660000000002
2022-09-06 00:00:00+00:00,-0.0121094449336038,-0.0036713050850911,-0.0096777691898559,-0.0187306736894343,-0.0007667820698902,-0.0053855523631206,0.0001965601858778,-0.0101170068335315,-0.0031686256095412,0.0055267095734372,-0.0042944639924795,0.0002384150254628,0.0008949584717967,-0.000139318202318,-0.0015280020219046,0.0006752379
2022-09-07 00:00:00+00:00,0.0152941091739391,0.0273208783833822,0.0232394226621179,-0.0054062571765007,0.0214640185248172,0.0310017909539089,0.0220458170272355,0.0184420486637125,0.0218349162625117,0.0205480626254554,0.0358684690773953,0.0051389052383134,-0.0025910399838841,-0.0012207121706321,-0.0002282284995775,-0.0039459188999999995
2022-09-08 00:00:00+00:00,0.0027326420819176,0.0059447235830796,0.0062069136747493,0.0057639835310697,0.0159573863070216,0.0230586524897437,0.0040433909624921,0.0073979082712927,0.0114853854442869,0.0065395969023316,0.0114058313757856,0.0071943933894466,0.0020310305315596,0.0005376829302334,0.0020436117876612,-0.002668557
2022-09-09 00:00:00+00:00,0.0246988528843677,0.0081119140137319,0.0171141549897749,0.0310250658390208,0.0099615959805906,0.0122574119306787,0.014751483806667,0.0133589010417896,0.0147388000039916,0.0123082394574554,0.0148454339367248,0.0049484160175923,-0.0037342916556275,-0.0002979789474356,0.0026673931665514,-0.0012953160999999997
2022-09-12 00:00:00+00:00,0.0106582180223365,0.0141811814218241,0.0065814622746402,0.0285773919132689,0.0108732188865364,0.0089342165966581,0.0067756676223392,0.0089012963979043,0.0060683688474896,0.0102309236356688,0.0152968684449286,0.0032276835312122,-0.0044771730653733,-0.0009000287106032,-0.0010521812469566,0.00035885049999999987
2022-09-13 00:00:00+00:00,-0.043983443024002,-0.036246303068059,-0.0413478703901749,-0.0393860542071813,-0.0359353248194773,-0.0407252916895487,-0.0387618470096706,-0.0418035220502,-0.0359010649367438,-0.0390871460758586,-0.0402197551097675,-0.0094076022243695,0.0033534736590712,-0.002225601869606,0.0020505993123318,-0.0066626449
2022-09-14 00:00:00+00:00,-0.0055222653716759,0.0024485757165185,-0.0014455244315757,0.0363442032684719,0.0010854810321511,-0.003762733459873,0.0002706377225185,0.0017002831490862,-0.0182399959896138,-0.0088954988608487,0.0155371749420678,0.0009580342095671,-0.0004934388656382,0.0023434862823725,0.0043797095170166,-0.006632731
2022-09-15 00:00:00+00:00,-0.0012778389026892,-0.0047970525538996,-0.0105256923715561,-0.0325009872941216,-0.0035183158912469,-0.0012938632707711,-0.0189787065928568,-0.0207528108602363,-0.0136754100504081,-0.0224606623606951,-0.0245982767461782,-0.0009854157395342,-0.0008226062130225,-0.0058586409650375,-0.00028349142832,0.001660909
2022-09-16 00:00:00+00:00,-0.0111847936760553,0.0002497437700131,-0.0033592293769941,-0.0265743705972168,-0.0082433567481587,-0.0067857738235241,-0.0090136728660725,0.0009164611840213,-0.0178214481872673,0.0030613640637299,-0.004960758472207,-0.0054620818666827,0.0020377407558207,0.0059013033004962,-0.0005903281599203,0.0024985849999999993
2022-09-19 00:00:00+00:00,0.0101785446266098,0.0104042056549528,0.010654638432003,0.0060519795109266,0.0090707121641614,-0.0019216454115203,0.0144253800240986,0.0033170656357688,0.0222882553628737,-0.0044920925244466,0.0106777595304905,0.0035593895808512,0.0027604074260562,-0.0016963250449069,-0.0025378100673725,0.0016765298000000002
2022-09-20 00:00:00+00:00,-0.0163694920706848,-0.0144007198365364,-0.0129153229175011,-0.0158161161400518,-0.017286937357595,-0.0175980482546562,-0.0152863443975288,-0.0147520924351524,-0.0212774052487713,-0.0277857879998084,-0.0198241836284708,-0.0037784457617593,0.001996600216464,0.001771342850995,-0.0007678178670854,-0.0033225089
2022-09-21 00:00:00+00:00,-0.0272052617427343,-0.023221010023478,-0.0075768137391788,-0.0210603947796293,-0.0196660328194443,-0.0197859633434536,-0.016289940716003,-0.0096459534563624,-0.0224217437020733,-0.0186332825438091,-0.0194518715470004,-0.0030364154293909,0.0015232061837159,-0.0026663890426961,-2.983106443224284e-05,0.0034374370000000002
2022-09-22 00:00:00+00:00,-0.0126680413324504,-0.0161618937252011,-0.015146037864016,-0.0076370234466877,-0.0158432599936273,-0.0084586815084916,-0.0138284783721947,-0.0098800746253334,-0.008837526902689,-0.0151245211409913,-0.0112759024873878,-0.0095580120695409,-0.000807031172087,0.0040363652554899,-0.0011511984452465,0.006102054
2022-09-23 00:00:00+00:00,-0.0208279061059051,-0.0152978871600141,-0.0169411915671211,-0.0677148338778453,-0.0181398355070965,-0.0076692735893501,-0.0165016295670198,-0.0113195993417491,-0.0219986043182466,-0.012888590939853,-0.0163794143993045,-0.0028941686344105,-0.0021858077422536,0.0003939845473238,-0.0018535689704607,0.0002645166000000001
2022-09-26 00:00:00+00:00,-0.0148504576573109,-0.0066598151300155,-0.0073061786537549,-0.0362961906705566,-0.0174709916256624,-0.0112885979815968,-0.0122330715638438,-0.0135577933122219,-0.0182129391150115,-0.0262706534516591,-0.030022568415659,-1.824430820977463e-05,0.0006861543278517,0.0011898605124557,-0.0017130215910842,0.002524031
2022-09-27 00:00:00+00:00,-0.0018494580089727,0.0003759583874414,-0.009430324643685,0.0117885758996597,0.0010186467352283,-0.0025410979266789,-0.0017986741389378,0.0046293801095969,0.0018016024698951,-0.0042453501305151,-0.0091429209240302,0.0015305253937606,0.0034297961560006,0.0009788291559597,0.0064773426608518,-0.004723597
2022-09-28 00:00:00+00:00,0.030620275183077,0.0251605750628344,0.020235215255209,0.0483404371301511,0.019569542438241,0.026958171961446,0.0252142748186334,0.0153820998223498,0.0254336701764505,0.0252163874728498,0.0169113429219461,0.0047101777286553,-0.0006510786756925,-0.0005934778301964,0.001254321468413,-0.0013156705000000005
2022-09-29 00:00:00+00:00,-0.0220692168090701,-0.0262811024732588,-0.0237267581218301,-0.0061329497326969,-0.013713115209156,-0.0107547781613838,-0.0191791709042488,-0.0145332114502519,-0.0136378140120449,-0.0293385910588874,-0.0492442945750105,-0.0059046691932012,0.0011769253204994,0.0001190579827454,-0.0029752873065547,0.0042860204
2022-09-30 00:00:00+00:00,-0.0048916209101029,-0.0243561611029716,-0.0154176078977605,-0.0117085078858314,-0.0060137178326644,-0.0086562860623758,-0.0106613404465445,-0.0105235095183855,-0.0055936003689463,0.0099836376055914,-0.0213937587749745,-0.0011383991114424,0.0044655443373777,-0.0022988037403622,0.0021790208507819,0.006103964000000001
2022-10-03 00:00:00+00:00,0.0322681405563714,0.0183409730670251,0.0214975164350313,0.0562537059355483,0.0263502753329433,0.0266903268641114,0.0323264082255001,0.0329353398120571,0.0333843284611634,0.0185420983044542,0.0294994658150642,0.0031173099984808,0.0005307645542485,-0.0006463091407424,-0.001317795489986,-0.0016178680000000004
2022-10-04 00:00:00+00:00,0.0222566801297783,0.0373440727511795,0.0290363598556918,0.0512109622596007,0.0404318012781594,0.0330385816052114,0.0351384562425791,0.0273888005051842,0.0342668439316244,0.0195040580845153,0.0382930407715693,0.0115403530819818,-0.0008959293080785,-0.0040004754881953,0.0028175990373506,-0.0038085949999999993
2022-10-05 00:00:00+00:00,-0.0073197524467008,0.0008028500330158,-0.0056145071329443,0.0182241913986178,-0.0045382425826132,0.0020200662251251,-0.00434328408214,0.0064821270241363,-0.0118033851915991,-0.016230145865799,-0.0220766337755728,0.0008736952252085,0.0004990481397906,0.0016879768780925,-0.0006039170077249,-0.0001590771999999999
2022-10-06 00:00:00+00:00,-0.0103895879356012,-0.01250497152472,-0.010432904794348,-0.0005939875014972,-0.0113375918545291,-0.0114745226330541,-0.011790992143646,-0.0139057358578806,-0.010518514666713,-0.0248373687268535,-0.0288370964420049,0.0015106276978827,0.0034160741365734,-0.0015951294608778,0.002934538172305,-0.0018649019999999999
2022-10-07 00:00:00+00:00,-0.0190524166931862,-0.0164807162542688,-0.0238254744319824,-0.0111655262015828,-0.0229900279002046,-0.0251928454914869,-0.0244877778966252,-0.0289038250568444,-0.025225272682051,-0.028804073891543,-0.0288007144936894,-0.0082458354051107,0.0023155222231373,-0.0020894777419966,0.0002665013921074,-0.0063135610000000005
2022-10-10 00:00:00+00:00,-0.0049109539898695,-0.0108718203482903,-1.8579092560361603e-05,-0.02416098578158,-0.0013732622026048,-0.0098053370217461,0.0040489198982596,-0.0187946757244784,0.0040449100985894,-0.0103343862180628,-0.0039340232531481,-0.0055589285367934,0.0020783350361678,0.000405090032409,0.0005055944536993,0.0043442059
2022-10-11 00:00:00+00:00,-0.0186729367881935,-0.000591172926059,0.0020002364988712,0.0005122852707583,-0.0104021697961953,0.0016908869692696,-0.0038653662942344,-0.015136827856291,-0.008166887760738,0.0071959053964322,-0.0070419314860112,-0.0049215721017221,-0.0005975684650255,-0.0014453105380521,0.0002761877062043,0.01084181423
2022-10-12 00:00:00+00:00,-0.0036135060485889,0.0063511220935024,0.0075013529861722,0.0132152135776878,-0.003473458459284,-0.003746598310721,-0.0060015325398673,-0.0109647754695632,-0.0120189917399713,-0.0064613022103428,-0.0204050551499545,0.0023347687021236,-0.0037663108589169,0.001437128631616,0.0028357566577974,-0.0039283930000000005
2022-10-13 00:00:00+00:00,0.0259334546539465,0.011190383085007,0.0090490821335607,0.0403646595152103,0.0331092015431552,0.0190825274431444,0.0149659712482563,0.0222709177185261,0.0315692601972673,0.0128318462959198,0.0204096673592727,-0.000947849368984,-0.0014960592490447,0.0011184985000724,-0.0054968040682409,-0.0068522724
2022-10-14 00:00:00+00:00,-0.0098982468424768,-0.0176363483807645,-0.0262519212213993,-0.0382371961479011,-0.0245097049727734,-0.0153775009234778,-0.0235060950947113,-0.0269996440507715,-0.0343693420849845,-0.0295886305421943,-0.0194297266687348,-0.0051900827816186,-0.0028670700912647,-0.0013448345407151,-0.004095927955635,-0.009068002
2022-10-17 00:00:00+00:00,0.0170247009819018,0.0286818580990057,0.0224248269419516,0.0206194237723127,0.0264445280220919,0.0256344962620413,0.0297154494845222,0.0249941930948323,0.026405053660402,0.0434234632652451,0.0286657476506869,0.0093923182115983,-0.0008699000153666,0.0035914725567659,-7.892345578776546e-05,0.016096524
2022-10-18 00:00:00+00:00,0.021498533435308,0.014773383302141,0.0195821223510517,0.010292965603004,0.0155443110407426,0.0146602362842044,0.024274628105968,0.0103559955663138,0.0218493071500452,0.0117902007876517,0.0247919717873569,0.0036256991110496,0.0004037540399221,-0.0003899332848893,0.0013347802582896,-0.006500773
2022-10-19 00:00:00+00:00,-0.0062656010217338,-0.0252692894494555,-0.0182941392382659,0.0167945656101623,-0.0198476600331877,-0.0226873125716094,-0.0197654600304833,-0.0027948774627796,-0.0181853662386301,-0.0262026607724835,-0.0244172727966521,-0.0073253378067112,0.0064622458434004,-0.0024741264267945,-0.001380457054567,-0.00029134800000000003
2022-10-20 00:00:00+00:00,-0.0071090330369853,-0.0110836627231818,-0.0149963357126973,-0.0071209806419138,-0.0149010231748612,-0.0137040245401642,-0.016098977733209,0.0006762183509483,-0.0015109760392787,0.0001300526322607,-0.0220013863812419,-0.0022710756108416,-0.0003578534140579,0.0019339954816592,0.0042334467797258,0.0009430979999999993
2022-10-21 00:00:00+00:00,0.0243886669276312,0.0237307829382058,0.023991090185923,0.0303192499077448,0.025338704993308,0.0240136334323321,0.0271764659572353,0.0297342431339339,0.0409105974979801,0.0118441775808754,0.0248894654344004,0.0077187769909317,0.0019210460626214,0.0013902569029953,-0.0010613639996051,0.00311544974
2022-10-24 00:00:00+00:00,0.0031611676765426,0.002097405449325,0.0134588192605177,-0.0018685569488706,0.0136480712971719,0.0172516513468637,0.0155986542330102,0.0072004836609168,0.0002653696346708,0.0031494233010496,0.0038357798549366,-0.0003294777665116,0.0014018296601642,0.0011680539646848,-0.0014149988719936,-0.0039471160000000005
2022-10-25 00:00:00+00:00,0.0046789518213588,0.021267157175093,0.0219710359286798,0.0072869731776168,0.0123746415942918,0.0232276934765729,0.0142709862845499,0.0074159876209676,0.0165375448891117,0.0354658956669866,0.0219789768486933,0.005236412523337,-0.0036395456610428,-0.0043468081646807,0.0009624147619426,-0.016642617999999998
2022-10-26 00:00:00+00:00,-0.0163977525477189,-0.0004893154302453,0.0142218379257591,0.015685995078515,0.0083601183774655,0.0123735947722713,0.0047977469675571,0.0140367631693071,0.0031827703257299,-0.0002067545745154,0.0073906515126333,-0.0003404893609838,0.0014302099528139,0.0015293330851314,0.004755348048084,-0.0091921092
2022-10-27 00:00:00+00:00,-0.0092535782066481,-2.8415533924942837e-05,-0.0074778407596258,-0.0012700346070754,0.00530256742647,-0.0124682249298881,0.0048462150004103,-0.0055069043969121,-0.0039962332319116,-0.0065203319734487,-0.0004285351577083,-0.0055149625264659,0.0036554959011337,-0.0041222067410397,0.0013014570885844,-0.0182193725
2022-10-28 00:00:00+00:00,0.0214955726650984,0.0265468373289763,0.0250603254966302,0.003325142863578,0.0285299477677336,0.0159621232434455,0.0270133192839874,0.0315566000841524,0.0101284601988562,0.0256371353751868,0.0281839148191735,0.0023661649689358,0.000309634487065,0.0027401480377875,-0.0012501063901658,0.0059832429999999975
2022-10-31 00:00:00+00:00,-0.0088840071107887,-0.0019129508673706,-0.0094869277214472,0.0021102078516173,-0.0070550595719092,-0.0042119991744944,-0.0040310811275871,-0.0056072360851295,-0.0089610347389882,-0.0028136267050182,-0.0106663984204256,-0.0027157938549885,0.0053707051510442,-0.0021889654208963,0.0027587987542859,0.00026741299999999966
2022-11-01 00:00:00+00:00,0.002661207394456,0.0005616969754577,0.0002091622294769,0.0106154136136656,0.0007349045804611,0.0045742307075215,0.0026711533057529,0.0012762698302236,0.0012676349801743,0.0022567110747481,0.0065236304162628,0.0036958965390753,0.0012697872920305,-0.0027026291395098,0.0013458583596273,-0.004051954000000001
2022-11-02 00:00:00+00:00,-0.0287750402453141,-0.0237100366542022,-0.0280852773448528,-0.0277481521749742,-0.0128247729879445,-0.0197966996105351,-0.0243611848165667,-0.0315149695522441,-0.0338607352749502,-0.029510179918399,-0.0153408354337662,-0.0081386460253727,0.0003430712298809,-0.0016835988363743,-0.0006392496111557,0.005563716099999999
2022-11-03 00:00:00+00:00,-0.0149387378319302,-0.0005785204117768,0.0030625161041536,0.0127578329365492,-0.0174921539329663,-0.0065341231469103,0.0047289042088619,-0.0145030397305351,0.0011700319578965,-0.0049873997115803,0.0033284428797858,0.0040534398795613,0.0056420850439405,-0.0024197791521253,0.0012446898895158,0.008837975799999998
2022-11-04 00:00:00+00:00,-0.0032880288048237,0.0136688613930875,0.0109396469957971,0.0231747420791428,0.0186706861729991,0.0147975453796664,0.0075715176001392,0.0108653717131348,0.040851143390947,0.0163799983336866,0.0057969892518237,0.0039940136985771,-0.0010562937368846,0.00131019095471,-0.0057815270703323,0.012458698
2022-11-07 00:00:00+00:00,-0.0021335504853498,-0.0028313115015181,0.0093224461583901,0.0252162167219256,0.0101498921170577,0.0149915992675148,0.0119778491787621,0.012673167702981,0.0088843993211361,-0.0003458656976667,-0.0153475969601099,-0.0007873325757661,-0.0002913886332812,0.0017360139773901,-0.0027636064792648,-0.0018510970000000001
2022-11-08 00:00:00+00:00,0.0040627117917048,0.0028940519732892,0.0052963074094717,-0.0043402758606318,0.002691859924832,0.0037957831891116,0.0119281083724364,0.0046171615887972,0.014676151647255,0.0088346137703243,0.0070980424233876,0.0012139923498891,0.0013198804984726,0.0033148040369576,-0.000944986032518,-0.006465482
2022-11-09 00:00:00+00:00,-0.0252173000082594,-0.0126059535903718,-0.0265350679843683,-0.0482283959537069,-0.0222893554005695,-0.0129689178840191,-0.0149637038710591,-0.0124694360911685,-0.0224465469239671,-0.0176458515470307,-0.0190708893775493,-0.0075228959837178,0.000527305972685,-0.0007113616114131,-0.0032566057030831,0.001784770099999999
2022-11-10 00:00:00+00:00,0.0586939703751278,0.0548398096259387,0.0546281007941143,0.0487085389945232,0.0553463300146678,0.053985684323033,0.0521229898716923,0.059829736153939,0.0570610303646497,0.0767134845756855,0.0680728302280665,0.0237608125709149,-0.0108668380112179,-0.0011781370867859,0.000200984678715,-0.001987374
2022-11-11 00:00:00+00:00,0.0119663041021717,0.016211583238814,0.0157516945343076,0.0562365758418286,0.0054461089064761,0.0111201028906384,0.0037039420970548,0.0105150983320147,0.0127002324276346,-0.0070017696606506,-0.0032926653343597,0.0106150514248569,-0.0148340508540445,-0.0012228182801706,0.0006770486965827,-0.0055142489
2022-11-14 00:00:00+00:00,-0.0033393747140898,-0.0116728391391628,-0.0161730788235173,-0.0206407332205573,-0.0171966077988982,-0.0090057640935453,-0.0068620264722698,-0.0045464324390354,-0.0007741713347771,-0.0197313265383365,-0.0159893303358687,-0.007691491821867,0.0046291272443518,0.0035034175001995,0.0012964057017692,0.008568351000000002
2022-11-15 00:00:00+00:00,0.0107090561985846,0.005890347087981,0.0124570133701355,0.0167043238725275,0.0040426795633976,0.0055584264716613,0.0079517856518777,0.0180545416910772,-0.0036573656335964,0.0127548288343551,0.0116693312080503,0.0040395761351528,0.0007131176025373,-0.0013961579101936,0.0009367684129486,-0.0019889931999999997
2022-11-16 00:00:00+00:00,-0.0015864014117785,-8.720653024880867e-05,-0.0109515626809843,-0.0374661133813421,-0.0071722105776478,-0.0076170542738537,-0.0100922456069153,-0.0129038825793273,-0.0098488883663508,-0.012110650947506,-0.0030316579213282,-0.0084717515934464,0.0049277584268903,-6.884012623405829e-05,-0.0040072077809467,0.014252585000000002
2022-11-17 00:00:00+00:00,-0.0056679791528583,-0.0021475690736917,-0.0056378912398229,-0.0060359827049318,-0.0054813614066166,-0.0146552645536895,-0.0026783881928522,0.0020833026644067,-0.0060481158454964,-0.0055982988615565,-0.0185186048349481,-0.0070983251186554,0.0020618031560788,0.0015897487633156,0.0028177790639201,-0.0067212209999999994
2022-11-18 00:00:00+00:00,-0.0009931143536725,0.0070085303231972,0.0068139001426154,-0.0115400171846496,0.0048896126544734,0.0094333712532272,0.0067880614384201,0.0038097042602835,0.0028177751621248,0.0110940382052368,0.0147872764290557,-0.0014759267841726,0.0018669492343636,-0.0030212691834001,-0.0039880048715705,0.0028814525000000002
2022-11-21 00:00:00+00:00,-0.0027237826505145,-0.0042409121882643,-0.0015379017375108,-0.0242498128642044,0.0010559793330021,0.0017210417578827,-0.0004152448493025,-0.0062509683388585,0.0085046686068418,0.0006139792109636,-0.0032943751664268,-0.0050588569544369,0.0020272734594217,-0.000225937797215,-0.0039330696758872,0.0056073744
2022-11-22 00:00:00+00:00,0.0152985209773319,0.0148451155181084,0.0072880915444712,0.0368800800526359,0.011152234709807,0.0095914113614484,0.0064296370029599,0.0168756709141689,0.0199490061722583,0.0056491249725103,0.0103975099719207,0.0026531308632786,0.0005242321479787,-0.0005288539235178,-0.0011765093266623,0.004415184
2022-11-23 00:00:00+00:00,0.0090057001928343,0.0093169894333039,0.0055570523705986,-0.0068392532404088,0.0066182046201647,0.0058133238839874,0.0050373137297438,0.0093920259831196,0.0034726601409683,0.000811970967018,0.0145996604299957,0.0012650784339628,-0.0043316934864363,0.000738122674175,0.003413124843878,-0.0040389837
2022-11-25 00:00:00+00:00,0.0032807297119859,0.0038213849959582,-0.0008500983869326,-0.0036246406797014,0.0033701048539751,0.0036746678019752,0.0014095869670855,0.0008081937912433,-0.0012430404125524,0.0042010122286064,0.0030138333580545,-0.0023992354830809,0.0012597114701331,-0.0025450823502112,-0.0001180112140505,-0.0025007984160000003
2022-11-28 00:00:00+00:00,-0.0164790115490404,-0.0090200771133823,-0.0119554564483454,-0.0287186295209464,-0.0197427196543891,-0.0169171787741111,-0.0203704616810498,-0.0181258084630951,-0.0234336696754635,-0.0243650380457421,-0.0143215478278493,-0.0058118171477089,0.001119124406812,0.0018112457323425,0.0013607939285532,0.0023786094
2022-11-29 00:00:00+00:00,0.0039773935762783,0.0063533320319489,-0.0032044118704202,0.018253016010507,0.0057084195281979,-0.0003738209020865,0.0010098570004887,-0.0097404823046398,0.0066772449794736,0.0140501902587899,-0.0051596357019314,-0.0002279888806165,-0.0012805417320436,-0.0020175770307419,-0.0005888557741765,0.0021905052999999994
2022-11-30 00:00:00+00:00,0.0345270267070734,0.020806880664669,0.0248474033952471,0.0136271831920557,0.0224196522161344,0.0266031903411889,0.0219706605266892,0.0407705085147582,0.0245279277514536,0.027324114142626,0.0309599304950581,0.0055946762764473,-0.0022523951959037,0.003400024637029,0.0015521325596627,0.007444485000000001
2022-12-01 00:00:00+00:00,0.002214355231589,0.0030998412391536,-0.0079344218296277,-0.0002465311491997,-0.0031136344889272,0.007965247059449,0.001209764548779,0.0020019356152135,-0.0029210291860853,-0.0055429112873058,-0.0050707840611799,4.918822561612258e-05,-0.0014833333429199,-0.0024169615058891,-0.0005124854122361,0.0034894466
2022-12-02 00:00:00+00:00,0.0032689555546908,-0.0004789946471463,0.0025022853671275,-0.0079813695041087,-0.0023922670588952,-0.0018614569942148,0.004270636017291,-0.0074896308948158,0.0116546708988122,-0.0033414712340132,-0.0074128412512552,-0.002354724102654,0.0006884284499019,0.0001896232653989,0.0015632052050747,-0.0023415991000000002
2022-12-05 00:00:00+00:00,-0.0171139566932299,-0.0144152969747028,-0.0209656796392174,-0.0345877648384587,-0.0234942821087663,-0.0181646018151187,-0.017296160982984,-0.0155633278905408,-0.0180958311658436,-0.0185767198497161,-0.0118701550412189,-0.0046809937379475,0.0012011316881792,0.0017485934182817,-0.0025952620285013,-0.0021746450000000002
2022-12-06 00:00:00+00:00,-0.0275840926444649,-0.012857162111098,-0.0108690315370057,-0.0303237412773049,-0.010142111671238,-0.0106726010498753,-0.011891970905743,-0.0128646369547785,-0.0077745442918118,-0.0127997871991822,-0.0020474497489967,-0.0033087527194128,0.0025146610021776,-0.001701797920787,-0.0026080655432974,-0.001801892
2022-12-07 00:00:00+00:00,-0.001198016442117,-0.0102190583535651,0.0003551278976788,-0.0148358435859923,-0.0053624504954947,0.0092992158912005,-0.0021752564187913,-0.0014124124506446,-0.0022354222710697,0.0047499603172277,-0.0087030411126323,-0.0017379608405435,0.0040332502052958,0.0019668340414315,-0.0027362113721732,0.002315468
2022-12-08 00:00:00+00:00,-0.0031149772651839,0.0102968406256755,0.00815905597709,-0.0048391079776381,0.0018504639294583,0.0100593989491162,0.0055254748676245,0.0178425863358242,0.002304649945458,0.0064287335599368,0.0092995459062387,0.0036316505610816,-0.002784632826677,-0.0005221552657976,0.0005617244146278,-0.0016358214000000003
2022-12-09 00:00:00+00:00,0.000632772844834,-0.0087983692715105,-0.0098064889772679,-0.0185842031786462,-0.0050668162048939,-0.0098433710506672,-0.0073759724473538,-0.0071753739345014,-0.0048199859334192,-0.0059086191470641,-0.0048276250652354,-0.0001558514334986,-0.0038050731302242,-0.0010275023349491,-0.0021578118130245,-0.0024632755999999994
2022-12-12 00:00:00+00:00,0.0099700101949929,0.0102995129552893,0.0110247426364077,0.0379756619653765,0.0120949174703317,0.0101039276607249,0.0152969717042138,0.0169032949351903,0.0066470541888082,0.0077433619501407,0.0186312691136195,0.0032254958667371,-0.0011523381269601,0.0001664457440776,-0.0017846771695384,0.0031915490000000006
2022-12-13 00:00:00+00:00,0.0138848381088338,-0.0026828307266476,0.0072492745944731,0.0197113839378385,0.0013750592462128,0.0168706666087303,0.0045499603664584,0.0092356620179561,0.0113623358968754,0.0127410896827748,0.0110054028692617,0.0079301080997325,0.0013473414233662,-0.0017038489223729,-0.0019448432778394,0.0071109828
2022-12-14 00:00:00+00:00,-0.0132589588559121,-0.0022191446245643,0.0011326777652187,0.0006971524612214,-0.0126560502101474,-0.0023668371350127,-0.0015391375565442,-0.0105218927062749,-0.0135543430595332,-0.0045639465180824,-0.0009939825893475,-0.0031635684592108,-0.0007529208701872,0.0003047919486492,0.0038970322846557,0.0036391815
2022-12-15 00:00:00+00:00,-0.0399320296221981,-0.0095270767141228,-0.0280818100451214,-0.0106856048009,-0.0207527305519727,-0.023331916265917,-0.0310555469478748,-0.0320268041829231,-0.0294355726975113,-0.0194298995521998,-0.0199867228925119,-0.0069527962357957,0.0002376783144823,-0.0018035621995644,-0.000534401960401,0.0057620777
2022-12-16 00:00:00+00:00,-0.0030842735974706,-0.0190964001045271,-0.0072066943727719,-0.0221172240620406,-0.0094336940972688,-0.0150983080137103,-0.0077633201295082,-0.0093874435613889,-0.0054292490087553,-0.0213780867903641,-0.0165005641347043,-0.0033310454064535,0.0024681619075789,0.0018769417810721,0.0014488819170366,0.0024414232
2022-12-19 00:00:00+00:00,-0.0184569187498751,-0.0118415014794154,-0.010041711338848,-0.0084377230033262,-0.005932566248061,-0.0066397181490876,-0.005745760009804,-0.0083739724937837,-0.0126450542183803,-0.0135900622320087,-0.008930704664604,-0.0040763726219478,0.0024984222277037,0.0006019864215984,-0.0019097074118895,-0.0029514003000000004
2022-12-20 00:00:00+00:00,0.0113856301115907,-0.0015451906891955,0.0010917050215235,0.0114317552399718,0.0052013324983273,0.0018829017040357,0.0014801821900281,0.0015633347314226,0.0086984556534952,-0.0006091908364918,0.00325350970928,0.0011178005441476,0.0019913762158027,0.0003667946597062,0.0013430467473192,-0.00010818799999999995
2022-12-21 00:00:00+00:00,0.0197711414872653,0.0144590796913759,0.0102491540511622,0.0210843323477646,0.016173584366246,0.0162749512614297,0.015331594157961,0.0109005673656868,0.0084186367881302,0.0076429434096873,0.014499504248239,0.0036917215147266,0.0016088097926387,-0.0016093510967438,-0.001765758128828,0.00467549069
2022-12-22 00:00:00+00:00,-0.0028575258469594,-0.0126463009845957,-0.0089316953039394,-0.0257847914968805,-0.0105298775736876,-0.0043234594549457,-0.0156978595839579,-0.0164465119432545,-0.0144591337749472,-0.0105108281533074,-0.0145461470746922,-0.0065898870984126,-0.0019508165257373,-0.0034354659853056,-0.0015176241927255,-0.004558319199999999
2022-12-23 00:00:00+00:00,0.0120204001979544,0.0028451678798955,0.0045699774900763,0.0313427663052331,0.00675959363115,-0.0007365519213123,0.0068434177440502,0.0014512519580799,0.0075457132048645,0.0084578414797144,0.0069576540621143,0.0002370164986943,-0.0001938271401016,-0.0002074573057527,-0.0019981502306068,0.0011150698
2022-12-27 00:00:00+00:00,-0.0038707668646998,0.0032906601074229,-0.0026587161605068,0.0077462143405809,-0.0015664831467779,-0.0040993967368604,-0.0011606361825137,0.0020162626780086,0.0001295416903366,-0.0042513572537513,-0.0022509617006846,-0.0049135541296409,-0.0005618414931228,-0.0028062014148387,-0.0044634812725251,-0.0074830441999999995
2022-12-28 00:00:00+00:00,-0.0168230128346052,-0.0137026215027421,-0.0136111162013138,-0.0268284338432411,-0.0092296575823211,-0.0080932545194233,-0.0111673271035416,-0.0143607138807357,-0.0157364949223165,-0.0159513162825595,-0.0071139354779938,-0.0010014642053174,-0.0021633385942872,0.0025026694889984,0.0005324887542944,0.0044225337
2022-12-29 00:00:00+00:00,0.0174128874938485,0.0185034521247052,0.0161972127002734,0.0213110945959749,0.0149590227312413,0.0201463877225356,0.0154080651659177,0.0193815571250524,0.0092435089330154,0.0166635517087833,0.0134744647105409,0.0084259046181192,-0.0057066180193358,-0.0018243918597012,0.0006895473728261,-0.0037504060000000004
2022-12-30 00:00:00+00:00,-0.0004290803092573,-0.000596807304767,-0.004691291527838,0.0079064576161846,-0.0025222335756075,-0.0051893452594669,-0.0033126923661051,-0.0002603523529131,-0.0052070323197034,-0.0062512286657038,-0.0095072100556686,-0.0012788523499396,-0.0006833016533693,0.0018937315158965,0.0020624537388291,-0.0014492391
2023-01-03 00:00:00+00:00,0.0054145950404247,0.0014922574040948,-0.0072471899314263,-0.0366704940466258,0.0011753754182223,-0.0010281672980795,0.0010112214182029,-0.0022678576389488,0.0032326506529687,-0.0070487739973957,-0.0106458620450744,-0.0011701215942928,-0.0047898549827689,-0.0016224773278915,-0.0045633066481083,0.0075999480000000005
2023-01-04 00:00:00+00:00,0.021141851726229,0.0222581417133922,0.0132109616292,0.011877749813589,0.0167653397510783,0.0142293755110545,0.0083795421714418,0.0082507506212329,0.0209826400540187,0.0164753161049293,0.0137102124274157,0.0060661482319587,-0.0063478454200829,-0.001683393825827,5.982091544411192e-05,-0.021535167
2023-01-05 00:00:00+00:00,-0.0014004220997431,0.0015103497162064,-0.013823043680779,0.0074001254258442,-0.0107970685602313,-0.0101158159411034,-0.012269226103782,-0.0159482275802282,-0.0086966497018698,-0.0256322471307033,-0.025909030740839,-0.0048694731025856,0.002248584718593,0.0004704344619176,-0.0002786875032494,-0.005645694000000001
2023-01-06 00:00:00+00:00,0.0164660390728077,0.018435751899587,0.0232714258028891,0.0211880219934936,0.0235932111260844,0.0101839119309772,0.0281429543356521,0.0288137918729135,0.0313036097839169,0.0296467315609318,0.024056149559514,0.0024957921278739,0.0021103087815258,0.001355321958535,-0.0014785635219104,-0.002400992
2023-01-09 00:00:00+00:00,-0.0060313930575611,-0.0068596012311075,0.0051998625760168,0.0102749633461665,0.0010218682363582,-0.0052471905568301,0.0025037032677632,0.0049509131450891,0.0029314646941518,-0.0009679523474294,0.015360464870414,0.0097670582185198,-0.0019688394684879,-0.000524656543859,0.0025715068733527,-0.0017195039999999995
2023-01-10 00:00:00+00:00,0.0163241303507667,0.008754217453145,0.003630222725987,0.0040093710917086,0.008349691667297,0.0148508533042495,0.0065802420842684,0.0025344099255976,0.0088666454478604,0.003485807538103,0.0063426219913071,0.0040632351832596,-0.0003852510383627,0.0009551559077709,0.0010647527965941,0.002363358
2023-01-11 00:00:00+00:00,0.0007780547950971,0.0195538997167026,0.0091686106188134,0.0096778579013296,0.0087051179977225,0.0108715023842025,0.0133479577578279,0.0074741112362871,0.013547398254625,0.0326753974468665,0.0110791703837807,0.0065782502008567,-0.0046311034311754,-0.0004553659998748,-0.0017896318021939,0.003534815
2023-01-12 00:00:00+00:00,0.0027615422852,0.0093137251346081,0.0040479138556753,0.0251062492840647,0.0061775587178218,-0.0023117501143493,0.0063561705998162,0.0006960998108128,0.006104096400413,0.0127767719542826,0.0029488488297221,0.0051275598925926,-0.0009717085521904,-0.0009533910778364,0.0053017689896653,-0.0005873710000000004
2023-01-13 00:00:00+00:00,0.0042889511988658,0.0003970069782606,0.0087342918080394,-0.0017943962001536,0.0053721087953741,0.005175442012803,0.0017834799847362,0.001300202118555,0.0045888061775366,-0.0046121942703881,-0.0044724564436487,0.0018726248448775,0.0018889768259131,0.0004425721973129,0.0012325404947045,0.000801049799999999
2023-01-17 00:00:00+00:00,-0.0121670403317791,-0.0001504020139884,0.0054938768178986,0.0040839489873554,-0.0012984591445851,7.240718647813973e-05,-0.0076923718354919,0.0015571058640895,-0.0084230094845006,0.0053533276826114,0.0032543296841143,0.0007718299506492,-0.0018826555371857,-0.0005884697559661,0.004706297534388,-0.0015966845
2023-01-18 00:00:00+00:00,-0.0137176523261207,-0.0111539558857778,-0.0274220485442721,-0.0203388481038093,-0.0161773249501575,-0.0128378190545051,-0.0161214336232457,-0.0092585704445839,-0.0142492069739543,-0.0153003275066966,-0.0254022490782993,-0.00031384716262,0.0009099593768313,-0.000461636643946,-0.0004854838649353,-0.00016773300000000029
2023-01-19 00:00:00+00:00,-0.000558482273278,-0.0123632757003785,-0.0124991725981917,0.0141124223337503,-0.0121472157302156,-0.0010372114175768,-0.0197272559126329,-0.0130764371092381,-0.0067771399360168,-0.0084116498272595,-0.0109202118259896,-0.0046855322662811,-0.0026200368684051,0.0022785391542399,-0.0014033026576571,-0.0010353369999999995
2023-01-20 00:00:00+00:00,0.0205471560008772,0.0127881157180684,0.0180632260408329,0.0141796966445995,0.0205036548109579,0.015013572658996,0.017537749864626,0.0168432018115648,0.0190578719053579,0.0135879444094559,0.0147031459061148,0.0079047438538866,-0.003199575030273,0.0004718610388039,2.3186966103638632e-05,0.0025356709999999998
2023-01-23 00:00:00+00:00,0.0139350826871027,0.0099255420702458,0.0148995963322807,0.006369409081207,0.010950139159075,0.0111950162015958,0.014105808084143,0.0225172886066757,0.0051801129734084,0.0061771532543772,0.0089890874345799,0.0073905351682655,-0.0027260052132573,0.0008500460222778,0.0019202611297614,0.0013866770000000004
2023-01-24 00:00:00+00:00,0.0125023662384986,-0.0003027052082052,-0.0016166753385226,-0.0158598730661593,-0.0013822588953724,-0.0152424066696384,0.0032745505765589,-0.0037762905993039,-0.0040977148692404,0.0063841118808729,0.0017999533534839,-0.0033160441336028,0.005663449927627,-0.0013845877360201,0.0007197961934607,-0.0018497650000000002
2023-01-25 00:00:00+00:00,0.0102381171513621,0.0083632371666441,0.0039540759056956,0.0064382822339264,0.0070411992575787,0.001619827033478,-0.004550034161465,0.0011077395957945,0.0043399272986967,0.0010566385493652,-0.0010780261137026,-0.0015765919513483,-0.0016347470707377,0.0017783063952725,0.0010541017975106,0.0012063946000000006
2023-01-26 00:00:00+00:00,0.0087752214429975,0.0020906057762113,-0.0015380910416128,0.0173795750197694,0.0070930476054619,0.0077975045381938,0.0022940663330641,0.0061989046103692,0.0102669878597228,0.0124784931456724,0.0061471292954965,0.00310086156438,0.0020783678137689,0.0013787713407827,-0.0002978024423779,-0.00248419
2023-01-27 00:00:00+00:00,-0.0036213836302562,0.0056646005811472,0.0047597437218204,0.0023230434842655,0.0030584908509923,0.0002603931507987,0.0076661949705911,-0.0015355224818448,0.002044012012989,0.0125290041100035,0.0083989450322721,0.00484786067422,-0.0081059467323115,0.0002146134924704,0.0027278120155775,0.008063028
2023-01-30 00:00:00+00:00,-0.0114826248857955,-0.0006795704030836,-0.0054751565670679,-0.0229654829435517,-0.0059029526549117,-0.0106729038890198,-0.0092522139495358,-0.0118300126105855,-0.0076088516096809,-0.0175398437991806,-0.0086102863749092,-0.0048158780548388,-0.0011812118176777,-0.0023294815821381,-0.0019009399619468,-0.0026941383000000005
2023-01-31 00:00:00+00:00,0.0064513293569934,0.0187731270119883,0.0157341973281304,0.0102200385565024,0.0127647567176191,0.0177767947537473,0.0214334697003394,0.0101539999334308,0.0216889578495058,0.0146658591905872,0.0108789930248276,0.0056742421145933,-0.0016611132596051,-0.0028354724069286,-0.0022123747798067,0.004282012700000001
2023-02-01 00:00:00+00:00,0.0253491070770345,0.0108402100308718,0.0248496879190512,-0.0090560859798604,0.0057789289253183,0.0174880774898914,0.014305497576389,0.021700809620793,0.007017671873452,0.01260668848831,0.0175763159959018,0.0111343199061052,-0.0038326284849917,0.0031541073375248,0.0049567854660689,0.024774816999999998
2023-02-02 00:00:00+00:00,0.009753597303697,0.0003523247214766,0.0005337087536662,-0.0079033691519164,0.0040911815557247,0.0099082779696792,0.012696466492982,0.0067539730178262,0.0010213088751764,0.0153591175180256,0.0041378178880411,0.0067878858009955,-0.007922186606048,-0.002865273049607,-0.003194406341081,0.0012258439000000006
2023-02-03 00:00:00+00:00,-0.0096981737412646,-0.0067700990090152,-0.0056122413329609,-0.008326166610335,-0.0012908055610903,-0.0087850189491802,-0.0045203928154134,-0.0092164907280747,-0.0118460820601096,-0.0153522880119959,-0.0223218699134771,-0.0014418028889408,0.004289153786056,0.0010037564139223,0.0002736622511644,0.0034029187000000002
2023-02-06 00:00:00+00:00,-0.0128083628663701,-0.0038865466794514,-0.0050021440005616,-0.0133824549620693,-0.0032022117461682,-0.0151390471932013,-0.0053009984403684,-0.0097050058901132,-0.0106541090891959,-0.0058614926313106,0.0031904426714404,-0.0061486141258782,0.0021055486590219,0.0025035591256769,0.0013485461411236,0.003927031
2023-02-07 00:00:00+00:00,0.006777957697277,0.0021300704672811,-0.0025457626706156,0.0296102668791803,0.0120789018475808,0.0081099854611194,0.003985219291322,0.0185603682006395,0.0032428374020392,0.0002765395360242,0.0030539045610657,0.0043230437237671,0.0008929505013791,0.0014911713986318,0.0001164656662493,0.002054341
2023-02-08 00:00:00+00:00,0.0127792188650147,-0.0065078328754554,-0.0050639774333627,-0.0075642759824859,-0.0056556257946347,-0.0061270431202541,-0.0117083501075888,-0.0098074857276847,-0.0121344695218561,-0.0008539367927962,-0.0144608208126317,-0.0019847545784289,0.0002041689500798,-0.0038554047302659,0.0040475990146104,-0.005638881
2023-02-09 00:00:00+00:00,-0.0155805452647707,-0.0020575527918089,-0.0089564779908661,-0.0156551503430828,-0.0154280294078953,-0.0134975912336386,-0.0099335677383858,0.0010833203327911,-0.0145614549608697,-0.0063518362088794,-0.0126713571981474,-0.0021580744448357,0.0051079697055021,0.000772615411852,0.0002521692352004,-0.0075677034
2023-02-10 00:00:00+00:00,-0.0143648094678405,-0.0113398066337725,-0.000788031030238,0.0325351773483486,0.0049706299928036,-0.0007295278930016,0.0030439386120739,0.0005066671825794,0.0057761447473696,0.006500006250495,0.0119689713651183,-0.0083184563565175,0.003278502558083,0.0011237666325422,0.0010956796265108,-0.0035289860000000004
2023-02-13 00:00:00+00:00,0.0103571410155712,0.0192984963757668,0.0169740182391649,-0.0041640795358363,0.009101807731767,0.0136685688381485,0.0102689722772549,0.0112059480612031,0.0044179985841419,0.0068776044966633,0.0076712386544851,0.0066213945660819,0.0011402289393735,-0.0011759501913757,-0.0013978481433704,0.0197516036
2023-02-14 00:00:00+00:00,-0.0031015201954466,0.0047946760936624,-0.0014209136850723,0.0012725678517806,-0.0072357925338138,-0.0023939295216619,0.0004469801555457,0.0023547429331407,0.0025220565221702,-0.0057176726499087,0.0033084278757932,0.0042824622875273,-0.0013387146547084,0.0016425462508327,0.0028613848825152,-0.0002622830000000003
2023-02-15 00:00:00+00:00,0.0247574319138569,0.0072466305611646,0.0127946923882542,-0.0071708298398056,0.0078191436172318,0.0019744437607956,0.0100358737872971,0.002836521901068,0.0095984128647664,0.0006448607958009,0.0135235614061023,0.006766414441686,-0.0045188911181345,-0.0019620169538477,0.0049595618900077,-0.009679847100000003
2023-02-16 00:00:00+00:00,-0.0138352350021214,-0.0091947686856847,-0.017205031267145,-0.0134778934878626,-0.0121012767877285,-0.010268345054143,-0.011192851291913,-0.0118324597504476,-0.010616445755725,-0.0113425587788916,-0.0167654373647108,-0.0070344781265281,0.0019687050222335,-0.0033815008250848,-0.0024112356288707,-0.0008036688000000001
2023-02-17 00:00:00+00:00,0.0008221178326908,-0.002713540031995,0.0039774534391404,-0.0378471849531769,-0.0005394884856431,0.0014530851944026,0.0049621928108179,-0.0045998926485221,-0.0078701747757819,-0.0051204548486658,0.0052365219313939,-0.0050177597579391,-0.0019620344741086,0.0007895956543728,-0.0011551649974076,0.002264075
2023-02-21 00:00:00+00:00,-0.0270408932023074,-0.0215279612829379,-0.0114186175968388,-0.0076817234389133,-0.0207185719724794,-0.0215818792298922,-0.0265702319099448,-0.018824510063401,-0.0223860443779291,-0.0238027375693448,-0.0213164465509176,-0.008935517027018,0.0010653064618968,0.0016441600420163,0.0009367942672757,-0.0010429052
2023-02-22 00:00:00+00:00,0.0020672615875175,-0.0019373299589449,0.000799191920201,0.0010500120119948,-0.0004079410952501,-0.0034483867722084,0.001399774260243,2.202806228758034e-05,0.0075520896355047,-0.0021662587681045,-0.0007252221059433,0.0012008456373295,-0.0005226541039249,0.0003594847057193,0.00271807025172,0.009711469999999998
2023-02-23 00:00:00+00:00,-0.0028189680833589,-0.0074525003982292,0.0013673938461098,0.007311876991774,0.0009618193231677,0.005440763422028,0.005485861445825,0.0051871525752568,-0.0006058070485746,0.0108574472601392,-0.0021780601832778,0.0038206808075051,0.0044815842754078,-0.0022865584493016,-0.0017911572129131,0.0047152594
2023-02-24 00:00:00+00:00,-0.0123488089838451,-0.0127390244978429,-0.0113300503115082,-0.0012505413815604,-0.0060690969724946,-0.0170068233886587,-0.0046607590917554,-0.0120245671903212,0.0014925037036007,-0.0153126416994718,-0.0040827724001874,-0.0040075725737219,0.0024441644205523,0.0002889492206817,-0.0010175513738412,0.0078326791
2023-02-27 00:00:00+00:00,-0.00024488332369,0.0070151585747004,0.0035906061767997,0.0017118346232372,0.0016513615369606,-0.0027720685789961,0.006231048086228,-0.0003837033672493,0.0041534981892067,0.0021517069659614,-0.0019004367295543,0.0029581914683484,0.0016274445483484,0.0021813532057139,0.0007098189104328,-0.004688791
2023-02-28 00:00:00+00:00,-0.0070632804841907,-0.0059104595377336,-0.0034482752971186,-0.0170363747962733,0.0009487443804457,-0.0052586823829648,-0.000142326147261,-0.0047562724255484,0.001444990945463,-0.0010312235641339,-0.0138313663342815,0.0028538819717746,0.0005985152842119,-0.0003871693906452,0.0011393642514126,-0.0010045690000000003
2023-03-01 00:00:00+00:00,-0.007147565785235,-0.0057147016462215,-0.0041852764117227,0.0186793838255836,-0.002134104646153,0.0013490349174772,0.0023177811925557,0.0038063952478495,0.0052718638247601,-0.0106145317432241,-0.0144785117439422,-0.0002364877434799,0.0048409004438028,0.0008534219517937,0.0022085898626066,-0.006950026259999999
2023-03-02 00:00:00+00:00,0.0093389014958014,0.0082694374263944,0.0110534139840467,0.006926335948214,-0.0043370600662144,0.0060017939166432,0.0108801425255514,0.002350150408835,0.0166945435729864,0.0076408927682986,0.0159442953986695,0.0008749652286769,-0.0004080578368853,-0.0001205075828266,-0.0001385636764026,0.006015967
2023-03-03 00:00:00+00:00,0.0089232498257916,0.0137783632769731,0.0130019051377498,0.0210032710831417,0.0137900397100638,0.0180615509962304,0.013916386410307,0.0091038997655996,0.0096449605917067,0.0176606491530203,0.020790723261832,0.0073036304567677,-0.0001723591672982,0.0014899602243876,0.0009350221800101,0.0107318561
2023-03-06 00:00:00+00:00,-0.0013299528175588,-0.0041338770171041,-0.0042912003240225,-0.0108495819922782,-0.0021700220262718,-0.0070223598503627,-0.0048440735712327,-0.0003009412481604,-0.0153539618542574,-0.0007937815989357,0.008367660329594,-0.0035659019545175,0.0016333287320658,0.0008811214610882,-0.0013541963602535,0.0049877601
2023-03-07 00:00:00+00:00,-0.0135007673746351,-0.0110540794068967,-0.007289169640112,-0.0175995873578804,-0.0212481095579004,-0.0194556080291581,-0.0109822178288764,-0.0118509882209255,-0.0200614538639524,-0.0210565225082286,-0.011672180648216,-0.0021869176151699,0.0016211309969111,4.626478902164781e-05,0.0036051104897963,0.006500289000000001
2023-03-08 00:00:00+00:00,0.0021430547357193,-0.0009829070309801,0.0043388278676674,-0.0097710742017296,-0.0013798170913487,-0.0001321314704842,0.0040559375418826,0.0109525047752654,0.0064059114986765,0.0117147852851449,0.0110262538575933,0.0039517530604615,0.0015682860400574,5.585611908556396e-05,-0.0022400097499341,0.0010287268999999999
2023-03-09 00:00:00+00:00,-0.0262743860297398,-0.0217006365559408,-0.0173394414993474,-0.0199318188652082,-0.0342259606933381,-0.0137216821116111,-0.0176065113752274,-0.0173284852463453,-0.0248797403249205,-0.0233480204715337,-0.0159456851225456,-0.0034583132414986,-9.915612833776028e-05,-0.0003188969226809,-0.0038970900333129,0.0028752258
2023-03-10 00:00:00+00:00,-0.0127601191471263,-0.011510519246782,-0.0179376320936027,-0.0218027032879657,-0.0277178650677417,-0.0162125616977069,-0.0199340758669206,-0.0169836364975552,-0.0219264144640657,-0.0352203885512409,-0.0240563435631142,-0.0084000989345777,-0.00067278093422,0.0053478792451653,-0.000990623071151,0.004830447999999999
2023-03-13 00:00:00+00:00,-0.007615543589916,-0.0059203566143804,0.0066877629570352,-0.0185999645645048,-0.0339176507010805,0.0066176168069731,-0.0088374276284186,-0.0037950368260247,-0.0098056621306409,0.0099965147440238,0.0141477327753092,0.000253012023477,-0.0041259540504388,0.0018950393825944,0.0002344194160001,0.013977636999999998
2023-03-14 00:00:00+00:00,0.0157683303494471,0.0032950346733075,0.010800236886806,0.0020826427617735,0.0185274317506072,0.0110513147052761,0.0114147670357257,0.0153300374031804,0.0082175838215957,0.0082995038007052,0.0167607858972003,0.0025122545263476,0.0043703088912282,0.0005964928593665,0.0010054065868615,0.011252489000000001
2023-03-15 00:00:00+00:00,-0.0009116349697985,-0.0089024342375755,-0.0046966020867485,-0.0449710007485471,-0.0238366422808895,-0.010056478528519,-0.0210093643466922,-0.0080515223807255,-0.0288173618750668,-0.0026102929410323,0.0065955238308725,-0.0038510634851175,-0.0097265104741209,0.0035445874404281,0.0004624938070149,0.015248798499999999
2023-03-16 00:00:00+00:00,0.015141792889585,0.0145186496102881,0.0066113731996822,0.0158830003242411,0.0172067027701255,0.0137851356802649,0.014710262900795,0.019530057780116,0.0089353472874316,-0.0043945687972011,0.0114927460372734,0.0040759164332787,0.001115717468713,0.0017319994534929,0.0010187681659574,0.008068639999999998
2023-03-17 00:00:00+00:00,-0.011576579504389,-0.0130858162978383,-0.0150471752027148,-0.0120550471954752,-0.0255508089850217,-0.0136009118130057,-0.0174445784902303,-0.0071326099833373,-0.0120395552384721,-0.022119062079291,-0.0101854816787917,-0.0028577849611687,-0.0037423411476746,0.0025799862662652,0.0008979560924589,0.0025161980000000003
2023-03-20 00:00:00+00:00,0.0126577148394768,0.0061814456767788,0.0089977438442105,0.0145173144275901,0.0142026219675455,0.0118141621104125,0.0116241994554055,0.0135873172482682,0.0167771431247028,0.0113739885529703,0.0071076247738453,-0.0026076320019578,0.003858918503397,-0.0017571182070633,-0.001145807045102,0.000255619
2023-03-21 00:00:00+00:00,0.0144292237731707,0.0165281685046902,0.0132159278474547,0.0326108197857084,0.0314507995094975,0.0163303460520129,0.0135783977631834,0.0047258980451039,0.0130566515737713,-0.0011947978230305,-0.0101752793282141,0.0080439722737292,0.0006591487069108,-0.0015789469494769,0.004262606129476,-0.005246445000000001
2023-03-22 00:00:00+00:00,-0.0148800696336993,-0.0107071299343688,-0.0125276512187332,-0.0236858110702033,-0.0269324193548627,-0.0191489372236441,-0.0178636395507467,-0.0115910447232453,-0.0145692618486897,-0.0329516157671849,-0.0244758267731198,-0.0032805031528679,0.0012891256700394,-0.0002003143459111,-0.0012486836143008,0.016103132
2023-03-23 00:00:00+00:00,0.0109024563322323,-0.0067636082899279,-0.0050521794287538,-0.0174504641654762,-0.0142347859674132,-0.0033104431358351,-0.0060227080346811,0.0090547386739359,-0.0042483641603217,-0.0094273281441261,-0.0110641653521685,0.0024865263018394,0.0013661627336092,0.0038955154834198,-0.0012994738827837,-0.001537146
2023-03-24 00:00:00+00:00,-5.6136336897207064e-05,0.0011205736639209,0.0105231178412187,0.0071586304426122,0.004835274733812,0.0100391341852909,0.0043431038947288,0.0005807200404895,0.0062298100789976,0.0196728696392597,0.0251839134355263,-0.0051685379172695,-0.0029772079054166,-0.0006462125996786,0.0002252437386608,0.0019462280000000006
2023-03-27 00:00:00+00:00,0.0103553916308659,0.0040241673019127,0.003965796351057,0.0210958173841999,0.0107284237037335,0.0047389585925318,0.0083558698074023,0.00345738913069,0.0075974375821139,0.0016533773990467,0.0002199367047424,-0.0026175025707104,0.00160139458469,-0.002665128114397,8.191488952189018e-05,-0.007639436000000001
2023-03-28 00:00:00+00:00,-0.0069264125702619,0.0096988730114226,0.0037919921757114,0.0183856637836164,0.0024220554591294,-0.0059161511462257,0.005156082349628,-0.0038490344306539,0.0078811221717661,-0.0063496985646008,0.0007682725125898,-0.0007113670446917,-0.0009346039981713,-0.0009777306037091,-0.0018428320103487,-0.0013295340000000003
2023-03-29 00:00:00+00:00,0.0146673112801494,0.0119440464352438,0.011024302255288,0.0102769311989749,0.0152475225452202,0.0089064697717003,0.0128166024848451,0.0204210318500507,0.0108493043140294,0.0187345767039487,0.0174300524354162,0.0056210888050978,-0.0019034205472932,-0.0008293643379912,-0.0004863810255876,-0.010769137
2023-03-30 00:00:00+00:00,0.0056719927007425,0.0095315691209604,0.0028188967581193,0.0042515166167242,-0.0029248175631796,0.006582281124152,0.001600461767539,0.0087352200741055,0.0066574713000698,0.0133887842584871,0.004697313815524,0.0025818105198482,-0.0010139902442364,-0.0003097800408964,-0.0008270049230396,-0.0018494089999999998
2023-03-31 00:00:00+00:00,0.0171281055738136,0.0195132569817521,0.014468218422736,0.0126250316536781,0.0116472773393344,0.0164048279882666,0.0163261389519295,0.0161485761394825,0.0144579234679292,0.0197103033416134,0.0131941714822798,0.0024797847193514,-0.0006763986255592,-0.000818048422695,0.0024469368138885,0.0010631021000000005
2023-04-03 00:00:00+00:00,0.0054304343845001,0.0028686343600445,-0.0020270233575801,0.0388929146727855,-0.0010195181251491,0.0006155899213597,-0.0017822880027152,-0.0015509953320077,0.0066790208605394,-0.0070326412034385,-0.011600753702361,-0.006078119098091,0.0020662572940929,-0.0003162353440197,0.0001635043981514,0.00469987
2023-04-04 00:00:00+00:00,-0.0004191981366347,-0.0055706512683919,-0.0094148564712145,-0.016602713933483,-0.0092275725725493,-0.0035688729276412,-0.0242103532996792,-0.0088483414796221,-0.0142899478773177,-0.0048348899213487,-0.0010440509753029,-0.0042219386800686,-0.0048075417816419,0.0020095400203136,0.0006420433945779,0.007982814000000001
2023-04-05 00:00:00+00:00,-0.0026017821867288,-0.0135067261502976,-0.0105999490449431,0.0118109551665053,-0.0010399478232222,0.0051204528084583,-0.013731055795683,-0.0119902432681308,-0.0048837804435328,-0.0043729807943094,0.019474933540432,-0.0085025429984295,-0.0003053652243716,0.0005970904240204,-0.0017573640793497,-0.0028469534000000003
2023-04-06 00:00:00+00:00,-5.092638109993212e-05,-0.0022295475354598,0.0019582258365182,-0.0118735250155718,0.0067692574903945,0.0006536880044773,0.0009910952635985,-0.0040623315942129,0.0014856852057371,0.003830968828037,0.0070994469609314,-0.0002561439996373,-0.0030362201345437,0.0021560225272731,0.0011595214345019,0.010283473999999999
2023-04-10 00:00:00+00:00,0.0025588746349576,0.0050320477045386,0.0117039532882738,0.0131868562621361,0.0026719926616281,0.0021602933433564,0.0100531544101748,0.0112221792663334,0.0022468483888667,0.0069595204822931,0.0049910167315107,0.0041968908641234,0.0023428293426211,-0.0012010242597895,0.0032135816615874,-0.006236569399999998
2023-04-11 00:00:00+00:00,0.0028623126474606,0.0082890077275214,0.0064150376839938,0.0142093940623629,0.009447852647778,0.0093343136516972,0.0059120620685072,-0.0019991237661266,0.0094061275838483,0.0041809038077144,0.0028403233296034,0.0028134115094123,-0.0019092512880677,-0.0022903266278021,-0.0007440027090766,-0.006546665999999998
2023-04-12 00:00:00+00:00,-0.0106330646898818,-0.0124094976024878,-0.0099481830724025,-0.0070864219596285,-0.0031855826715213,-0.0044429628990395,0.0024350689680859,-0.0038776302719178,-0.0010940221272922,-0.0033979805791041,-0.0060618171470051,-0.0039434502022363,0.0031284243345541,-0.0017776147736603,-0.0005058907232412,0.0007457170000000002
2023-04-13 00:00:00+00:00,0.0105905303474655,0.0117918536142393,0.0074463336423281,0.0050095750120506,0.0076374604501861,0.0146399941304938,0.003493978443342,0.0075323845874928,0.0100017727488331,-0.0039818026359557,0.0021208115541081,0.0024287147214696,-0.0016537174082299,0.0019613360672264,0.0001992305967652,0.0071547916
2023-04-14 00:00:00+00:00,-0.0012875127931957,0.0015238594723154,-0.0042381728986834,0.0009572953864615,0.0008118316929954,-0.0044319656227488,0.0009313999035411,-0.0045492565795447,-0.0060671252151408,-0.007978442145593,-0.010420276059198,0.00142032114515,0.0020210189636451,0.0017327373358088,-0.000826688881248,0.0030837906999999997
2023-04-17 00:00:00+00:00,-0.0010180782473617,0.0075451427783088,0.0077820249495285,-0.0138005187658498,0.0122409310535107,0.0013412767805891,0.007312729143469,0.0036439310901303,0.0053224102414821,0.0183823652268803,0.0046190053983667,0.0006668259468756,-0.0015531933388372,-0.0011308026322813,-0.0006503646672186,-0.0053173762000000005
2023-04-18 00:00:00+00:00,-0.0017902874509253,0.0068733470869574,0.0043810533270526,0.0011021339317921,0.0029492990993769,0.0004152520865219,0.0024262663185174,-0.0032694175426706,0.0023662097311197,0.0002895198980774,-0.0041002637081906,0.0025383926991671,0.0029482308514366,0.0001999627619369,-0.0001841886924139,-0.0016100630999999997
2023-04-19 00:00:00+00:00,-0.0031984448717013,-0.0011475569601399,0.001581288998558,-0.0067552318579867,0.0058619976151165,0.0061196325628257,-0.0012578453476148,-0.0136029055557145,-0.0019650300478628,0.0045436538684614,0.0094642731435451,0.0014043084636618,-0.0001324282159406,-0.0009800737153749,-0.0028042865665871,0.004570091
2023-04-20 00:00:00+00:00,-0.0071976828713736,-0.0061541217051979,-0.0026392872435489,-0.0139143724711126,-0.0072040955659972,-0.0090728295038328,0.0001594408478879,-0.0072995971410632,-0.0003353130041536,-0.0080464574488729,-0.0062227311471652,-0.000767876039765,0.0043840504499402,0.0009883624252533,-0.0024081107779894,-0.000711613
2023-04-21 00:00:00+00:00,0.0015796108586329,0.0056367723073295,0.0006014512771081,-0.0091367848524234,-0.007797379273069,0.0091904313554885,-0.0027155724448997,-0.0014564090561978,-0.0093817443128171,-0.0009775482245617,0.0009186212540042,-0.0014842795312635,-0.0010467616854643,-0.0007192668184502,-0.0006048976855039,0.005524765000000001
2023-04-24 00:00:00+00:00,-0.0053311539941945,0.0034809910170999,0.0021855292565921,0.0140285620732522,-0.0040509813605596,0.0068889612839362,0.0027351008238016,-0.0051897554437845,0.001041347181711,-0.0022580478254001,0.0028256466082389,0.0009132777479269,4.8496637159886e-05,-0.0002869785179926,-0.0024347995269896,0.0005437879999999998
2023-04-25 00:00:00+00:00,-0.0100540023366085,-0.011819385364091,-0.0115494554359077,-0.0240786163028924,-0.0145881761221779,-0.0219465129833033,-0.0127483065320107,-0.0120361346822231,-0.018156100103245,-0.0062766686067159,-0.0059525114471498,-0.0085127031372602,0.0008481994605111,0.001416223137318,0.0014630687008786,0.015221495799999998
2023-04-26 00:00:00+00:00,-0.0031191209402344,-0.0081312442665344,-0.0038384154481057,-0.0153721579344715,-0.0105870180155301,-0.0095046678941883,-0.0167485431343271,-0.0046211802399326,-0.0157725190941316,-0.0062549418852084,-0.0178040832458139,0.0003651685524145,0.0011198386607903,-0.0016242717183991,0.001561706719216,0.012236607300000002
2023-04-27 00:00:00+00:00,0.0298853936480499,0.0134624433304917,0.0118442806822331,0.0049308385043615,0.0141762863463246,0.003995059443759,0.0255996112472296,0.0119573776201801,0.0116277553006684,0.0204550335628824,0.005644433838986,-6.41243565008681e-05,-0.0022761686059754,-0.0017908694058123,-0.0016764728905809,0.0032454930000000008
2023-04-28 00:00:00+00:00,0.0137269228302663,0.0125632630162635,0.0111773098393219,0.0185946960270881,0.012908061507262,0.0156347120189174,0.009991918108794,0.0076098622818389,0.0121582778059859,0.0135440109463146,0.0056073737191771,0.0045707983791186,-0.0002808629781903,0.0004145769439054,0.0006610993559256,-0.008891089
2023-05-01 00:00:00+00:00,-0.001338812440838,0.0031197256998832,0.0004629284923195,-0.0089602501529118,-0.0074931489473704,0.0006675313502212,0.0043026600117992,0.0036684849717681,-0.0010914024654782,-0.0069648612377031,-0.005731121666571,-0.0008711969782771,0.001789171366392,-0.0011678118921569,-0.0024409955891064,-0.004499105770000001
2023-05-02 00:00:00+00:00,-0.0164898997454721,-0.0038060289317125,-0.0013554664436367,-0.0440149324827228,-0.025481182884395,-0.0087203851937823,-0.0079273844483501,-0.0155506080711752,-0.008625722377287,-0.0123039011595745,-0.0094045520756509,-0.0019443203003691,0.004963878346218,-0.0010041984958698,0.0028038860693339,-0.013864762999999999
2023-05-03 00:00:00+00:00,-0.002031253784913,-0.007499282855605,-0.006275291786128,-0.0252067128752753,-0.017499947143623,-0.001472413498892,0.0013741999715424,-0.0032321615003494,-0.0123274481142873,-0.0025030166872333,-0.0036893895092199,-0.0006560886508873,0.0009998517185372,-0.0025671078663081,0.0027643677163924,-0.0002789231600000005
2023-05-04 00:00:00+00:00,-0.014273874384596,-0.0009609246565416,-0.0020202750744657,-4.7586872353770375e-06,-0.0082795205922095,-0.0091925704377081,-0.0103632782861958,-0.0046564928488919,0.0009718776337561,0.0058462880152969,0.0121488974521843,-0.0011937067977779,-0.0037060797351233,0.0010190087858312,0.0051960029643981,0.011938461000000001
2023-05-05 00:00:00+00:00,0.0159142062938319,0.0128052333273784,0.0141288522695327,0.0264285938360683,0.026040134531308,0.0133813433755618,0.0172179810661179,0.014672125660904,0.0135732313545843,0.0138793060382079,0.009673437042155,0.0045300836351685,-0.0013360903423246,0.0014137987404305,-0.0010306086153923,-0.0046362958
2023-05-08 00:00:00+00:00,0.013397834385877,0.0078003065688612,-0.0016805822967262,0.0016151133783773,-0.0020695842244517,-0.0007753940214967,-0.0029409876345415,0.0045205673603699,-0.0054069113848122,-0.0027154069810342,0.0011792721178136,0.0017965859265964,0.0008517031721179,-0.0018254290835305,0.0047371976410449,0.026036754000000002
2023-05-09 00:00:00+00:00,-0.0109871041639061,-0.0024375516422638,-0.0047592418409828,0.000105202861818,-0.0002991579091875,-0.0096124041854751,0.0007727385447269,-0.0055032239372896,-0.0084906137063749,-0.0039614649421682,0.0017365153003984,-0.0024199285656974,0.0013187086794127,-0.0005792366146656,0.0035644703632325,0.003336151
2023-05-10 00:00:00+00:00,0.0060736325247768,-0.0016993216748811,0.0005762205532667,-0.0080574647321462,-0.005967225026796,0.0034043707729477,-0.0020752585830719,0.0076962468506962,-0.004868601413327,0.0085567277066162,0.0130312990720261,0.0007112978825451,-7.230833630016118e-05,-0.0001120284978976,0.0040757731358648,0.0113014423
2023-05-11 00:00:00+00:00,0.0110688728054357,-0.0044795876885364,0.0026612663804376,-0.0129027413889364,-0.0021232220980528,-0.0044154646155305,-0.0046813817629819,-0.0042794923556995,-0.006575017961833,-0.0077426957652481,-0.011434018822024,-0.0006417321234236,0.0020982298246316,-0.0002951891124459,-0.0005502501098859,0.005211048310000001
2023-05-12 00:00:00+00:00,0.0036689294233309,-0.0074349310842892,-0.0029837729341233,-0.0014043082394673,-0.0030240189000328,-0.0045345691561971,-0.0020960506894877,0.0048190845974345,-0.0020652191772219,0.0015067963889866,-0.0023321577255551,-0.0025679296906555,0.0044133259913606,-0.0008017944485921,-0.0017230522967992,-0.013104389320000001
2023-05-15 00:00:00+00:00,0.0054747540977885,0.0060960051373128,0.0088091359982873,0.0095880733583543,0.0068160065104791,0.0084103643955088,0.004762893312051,0.0150487935714263,0.0091759099512408,-0.0026885317031813,-0.0031751653523928,0.0064009174851638,-0.0041767164057901,-0.0004424566664411,0.0018598344858977,-0.005075487000000001
2023-05-16 00:00:00+00:00,-0.0052872927756331,-0.0138276924201353,-0.013750630910075,-0.0288069118427711,-0.0114954101793796,-0.0128538352123419,-0.0122091040283327,-0.0042062901992555,-0.0171552086762847,-0.0174187733224668,-0.0208638952928908,-0.0017462281950895,0.0032042840353487,0.0015792205330272,2.8745475459326316e-05,0.011127453999999998
2023-05-17 00:00:00+00:00,0.0147722660483417,0.0161872684962487,0.0100692446984528,0.0223215809490648,0.0158679313966591,0.0046895668780837,0.0147232726332732,0.0133555226467846,0.0059212865295969,0.0061451458551712,0.0025904501079247,0.0067303141295999,-0.0046860390834695,0.0010395342823013,0.0010522775148763,0.002695952
2023-05-18 00:00:00+00:00,0.0118437306144706,0.0117788510674054,0.0044414751262639,0.0101955286347686,0.006120612567959,0.0041837352948334,0.0119794846424187,0.0205836205353834,0.0050687521442293,0.0015296963721668,0.0048810573620366,0.0047742634056098,0.000903446323103,0.0012423442517669,0.00226286491717,0.018880744999999997
2023-05-19 00:00:00+00:00,-0.0057988441444537,-0.0149670792497937,-0.0046369349194603,0.0038943635820032,-0.0032250825403041,-0.0008563493860713,-0.0074747349946114,-0.001540748079778,-0.0004468871793464,-0.0034025004795428,-0.0073773095208767,-0.0031711528121354,0.0009860188938098,-8.858340711554537e-05,-0.0018072539914432,-0.0018971679999999999
2023-05-22 00:00:00+00:00,0.0010049486095633,-0.0057186413671788,0.0011911293473585,0.0078556609433497,0.0065043425250758,0.007868734507111,0.0044371581491846,0.0056773197281113,-0.00331788336639,0.0053749207114135,0.0103208687727394,0.0042859423472099,-0.004067799949311,-8.508703977630865e-05,0.0034236594816418,0.003752219
2023-05-23 00:00:00+00:00,-0.0197940625335717,-0.0149646930835112,-0.0103916712264787,0.0082162550448614,-0.0109309322183061,-0.0177461426905543,-0.0115591989801607,-0.0141667144310653,-0.0087772456156039,-0.0130919460616594,-0.0024246843770602,-0.0035864954350988,-0.0066159701113654,0.0015329074120487,0.0015449151019424,0.012096044
2023-05-24 00:00:00+00:00,-0.0044423499594275,-0.0107571868237607,-0.0048772159978777,0.0019956807697208,-0.0129158143271993,-0.012117376073138,-0.0133318817707269,-0.0019160697877704,-0.0166660795486886,-0.0115415664730261,-0.0039260141453811,-0.0010181190814256,0.005983938750969,0.0011303387303774,0.0055009962733739,0.037263915999999994
2023-05-25 00:00:00+00:00,-0.0117519687429624,-0.0056618900903534,-0.0010662583805537,-0.0237949828023455,-0.0007584600199447,-0.0068713828544855,0.0038061825466944,0.0218822799969258,-0.0087921817285324,-0.0018303914440153,-0.0095831030999557,0.0068975638068066,0.0059065023755704,-0.0005227277226871,-0.0016438573231105,0.0004347750000000004
2023-05-26 00:00:00+00:00,0.01201114582691,0.0076424224410699,0.0112974307047598,-0.0021641436525071,0.0053627026567066,0.0038223857714875,0.0103038905869305,0.0307687626830567,0.0026826852417696,0.011933838562924,0.0070742685227511,0.0075496319814382,-0.0003923407677317,0.0016465875805225,0.0010974532421488,0.015111219
2023-05-30 00:00:00+00:00,0.0024789999844425,-0.0003363409159637,-0.0056865612359545,-0.0084215857172364,0.0045502357998445,-0.0073070330304046,-0.0017972661195724,-0.0015476865416869,-0.0098952639104998,0.0033349842689602,0.0020870681819594,0.0015468840216625,-0.0003632301588634,-0.0008729608108763,0.0040782241290495,0.0055079000000000005
2023-05-31 00:00:00+00:00,-0.0033352516377573,-0.0095528786602415,-0.0075751713106067,-0.0186034300729591,-0.01378225786339,0.0039631657473806,-0.0167903794544658,-0.0108653017980475,-0.0131534898114651,0.0062364632703082,0.003813277436695,-0.0050855659789083,-0.0006486669751379,0.0014799332273395,-0.0018039827944106,-0.008290608999999999
2023-06-01 00:00:00+00:00,0.0086383093236379,0.0134136045143871,0.0045770454199894,0.0179366520278772,0.0107095715578984,0.0155311341304525,0.0115371616983569,0.0075208445866828,0.0096733104497196,0.0020111589219476,-0.0003595719646436,0.0056993583576059,-0.0003502261143067,-0.0002084371587765,0.0032614398674723,-0.002987294
2023-06-02 00:00:00+00:00,0.004105295636061,0.0262507909252445,0.0190555262994567,0.033078434292125,0.0198100427183837,0.0159825744355812,0.0301202373106649,0.009238036986805,0.0340608638049489,0.0198685081242189,0.0113864757867862,0.0040291330332961,-0.0026886005022026,-0.0028452745795446,-0.0040790552928721,-0.0008652919999999995
2023-06-05 00:00:00+00:00,0.0046392298360458,-0.0013988563013637,-0.0103374858606227,-0.0074887408534948,-0.0043546695658455,0.0008190273644882,-0.0075021327703485,-0.0086396089958634,-0.0011696254523899,-0.0036080493799244,0.0023764195442543,-0.0025252879991217,0.001819425340727,3.555061393951722e-05,0.000620069132626,0.011880069500000002
2023-06-06 00:00:00+00:00,0.0022809568489356,0.0135590495743336,0.0062629252161249,0.0085601659850891,0.0107565610477225,0.0006306927938307,0.0078206698008075,0.0015311066594579,0.0109154673262429,0.0098903983079998,0.0067649426386481,0.0076213234634518,0.0001510265231029,-0.0008196524407338,-0.0021576636871604,0.0020989980000000004
2023-06-07 00:00:00+00:00,0.0057921825301443,0.0043620447488558,0.0010010979692565,0.0270543064924502,0.002098597951652,0.0001352225179392,0.0137308552207362,-0.0011464672462614,0.0115888022603528,0.0083079737791286,0.013882604404376,0.0039678193250604,-0.0049085353602598,-0.004600238275657,-0.0059958280562627,-0.013560454999999999
2023-06-08 00:00:00+00:00,0.0075800375872544,0.0010667009788929,0.0025718516422948,-0.0037086247748517,0.0019865836512888,0.0002674963816777,0.0019506990805861,0.0052826152188295,-0.0049203141588905,0.0028729746682795,0.0050209336234946,-0.002879997548878,0.0025382100007714,0.0025840813594328,0.0050537572434862,0.0010336640000000005
2023-06-09 00:00:00+00:00,-0.0001229820301934,-0.0029352198081058,-0.00507543528429,-0.0096060387742499,0.0030718984196246,-0.0006877353753525,-0.0027043140267861,0.0009901090377717,-0.0030152721943481,0.0010035405599099,-0.0078087447556511,-0.0014752862116337,0.0032811533173559,0.001437881401009,-0.0016798033870957,0.0020582499000000006
2023-06-12 00:00:00+00:00,0.0044498943876902,0.0182972437681445,0.0065660054901134,-0.0082964848804241,-0.0057638696762054,0.0093836366818708,0.0064696027773453,0.0223558554791214,0.0016623730492491,0.0009036283549786,0.0051334810140377,0.0038588554981867,0.0004715314064553,0.0005777448185432,0.0017897500033793,0.017225702000000002
2023-06-13 00:00:00+00:00,0.0061209527059964,0.01203055842276,0.0189754357377249,0.0078655203035936,0.0076937337997856,0.0135881682671414,0.0143128188318896,0.0070040360319063,0.021079845738749,0.0053002336956609,0.0102567630209149,0.008347746775648,-0.0021729638398388,-0.0021563827193227,-0.0007102627517547,-0.0077030419999999985
2023-06-14 00:00:00+00:00,-0.0033440667150117,-0.0019606841333708,0.0030273891234821,-0.0113974100595449,-0.0067184929772683,-0.0039783248420139,-0.0028690127735762,0.0064237041840448,-0.0067232446011598,0.0002185034593547,-0.0002959807117692,-0.000208506027476,0.0021022750784615,0.0001018906533215,0.0012222234191264,0.0086707907
2023-06-15 00:00:00+00:00,0.0129691453831537,0.0114057143171674,0.0062119857329086,0.0133551882293684,0.0136661316154207,0.0150220090494506,0.013252612352808,0.0087218129858742,0.0104260411601465,0.0005079975370692,0.0088854583226723,-0.001136820449494,-0.0033541945445391,-0.0003561506836551,0.0014801299712297,0.00028924450000000003
2023-06-16 00:00:00+00:00,-0.0023483186902953,4.585232453399504e-05,-0.0013593804881434,0.001984036619151,-0.0051446172002653,0.0009035158844989,0.0002283383248159,-0.0012351866074305,0.0044617069363708,-0.0028981258957433,0.0003654746345961,-0.0032681425662749,-0.0022433072032146,-0.0018923483440525,7.308725703177943e-05,-0.004545196800000001
2023-06-20 00:00:00+00:00,-0.0148586847072139,-0.0065879570807559,-0.0074580045162623,-0.0219613543803224,-0.006567425392656,-0.0053796774280894,-0.0046492322123583,-0.0128187774632877,-0.0119657381201163,-0.0067940915660653,-0.0107464719809316,7.527870479777824e-06,0.0023526279143924,0.0011022509966645,0.0021899287030051,-0.0012021289999999997
2023-06-21 00:00:00+00:00,0.0005124797471834,0.0013159058862239,0.0033883216040698,0.0088886996599994,-0.0003783501754472,0.0021196166709375,0.0050513087450343,-0.0185297449506692,0.005776460440996,-0.0064998859045156,0.0047295722821205,0.0001518572718435,0.0033610593358566,-0.0016844115940761,-0.003533247975116,-0.010497309
2023-06-22 00:00:00+00:00,-0.0028476241142404,-0.0006036459971142,0.0019029828450307,-0.0142752587869397,-0.0063038976328021,0.0024703064690288,-0.0041074112073932,0.0015687535441733,-0.004265351168523,-0.0086490382851133,-0.0044797058630852,-0.0024461259078003,0.0021811542594896,0.0022513655072704,0.0038529759247349,-0.0058773243
2023-06-23 00:00:00+00:00,-0.008205011204998,-0.0115822216073592,-0.0066218194677743,-0.0089720919031588,-0.0085256159568524,-0.0038696428787524,-0.0087115469789644,-0.0142230129211094,-0.006782543696944,-0.0133602630310853,-0.0149029183000367,-0.0001406468405396,0.0021205338302604,-0.0004988132261989,-0.0017447438928002,-0.0025273219099999997
2023-06-26 00:00:00+00:00,0.0058457862994492,0.0029831669576181,0.0018476892347922,0.0175260371072831,0.0011357296106188,-0.0011410151522543,0.0095809299779006,0.0051930795237972,0.0086892839683838,0.0209177112224717,0.0083722436731457,0.0018894154609349,-0.003093659412279,-0.0015695228503137,-0.0021674382690402,-0.007559401999999998
2023-06-27 00:00:00+00:00,0.0220427080300314,0.018084062434617,0.015071325172843,0.0052548761400744,0.007863003443497,0.0046750262844036,0.0151458191010146,0.0132195143527055,0.0097537997098846,0.0142453238222498,0.0104666887069842,0.0076619420757488,0.0002061204678645,-0.0020750061045047,0.0019805523362855,-0.004970084
2023-06-28 00:00:00+00:00,0.0037755450267876,0.0055658586444995,0.0007254780798487,0.011086262424487,0.0053815415203036,0.0018191866234314,-0.0002467314946163,0.0008423708277881,-0.0106158104870169,0.001410788963605,-0.0049896840330479,0.0040893852194898,0.0015095352399676,0.0008429622057589,0.0043049599566758,0.0013257310000000001
2023-06-29 00:00:00+00:00,0.0009117050562852,-0.0005607295233081,-0.0035700915133233,0.0135153441629061,0.0057905202235208,0.0054317529458923,0.008485526526338,0.0074996620728937,0.0121025980789618,0.0065207394057328,-0.0024111442069193,-0.0012112364291628,0.000445174233968,-0.0031572860598246,-0.0025612190793486,0.00249385313
2023-06-30 00:00:00+00:00,0.0039416065790974,0.0130940038821822,0.010084560237537,0.0038447718781103,0.0086784020040996,0.0116338542180587,0.0087605726098283,0.0093745462573286,0.009455876745261,0.007038296819552,0.0113041603760456,0.0001811216578828,0.0019966418262997,0.0009029109282761,0.0019119978099392,-0.0014566075
2023-07-03 00:00:00+00:00,0.0029097949639776,0.0040570671764046,0.013129324242014,0.0065277665890033,0.0093842576531689,-0.0083903204137703,0.0027836889542812,0.0008351647793218,0.0083699151601256,0.0124353818423504,0.0163248684223807,0.0017752911737489,-0.0043236517787347,0.0016682102939488,0.0032866881503987,-0.0026852729999999997
2023-07-05 00:00:00+00:00,0.0016228923323155,-0.0054212903910687,-0.0056774980966224,-0.0044402492530435,-0.0044473021035904,-0.0041401982717255,-0.0073051226033282,-0.0102244220624356,-0.0222562312835785,0.0044991772503956,0.0108087230010523,-0.0029698365680306,0.0009950975895608,0.0007270585189226,0.0017094286113698,0.005834478999999999
2023-07-06 00:00:00+00:00,-0.0045762393971875,-0.012778295046127,-0.0082710762909116,-0.0185296661990567,-0.0101550151705064,-0.0104461065426665,-0.0096521054801939,-0.0048998369284826,-0.0093617330873961,-0.0067494146170395,-0.0152555078932587,-0.0028068797577403,-0.0002366205788744,-0.0020561393274661,-0.0027765719501982,0.002858533200000001
2023-07-07 00:00:00+00:00,-0.0052879626178299,0.0045432439987207,0.0019166899671755,0.034408935218411,0.0055269666999363,-0.0017197608740283,0.0029006484924055,5.0054401164394454e-05,0.0104235116564176,-0.0025184722680276,-0.0002516921370896,0.0052118056497393,-0.0023831497838638,-0.0020390752771971,0.0042067825121026,0.0040456721
2023-07-10 00:00:00+00:00,-0.0024666502356685,0.0192844048843101,0.0052658185668981,0.0040159267966439,0.0022728212992883,0.0159556498522184,0.014674424108513,0.0141409769155408,-0.0027809721606634,0.0047859438674094,0.0022554288619895,0.006380087983696,0.0011044409489872,-0.0006348147465669,0.0009002188503038,-0.011390647
2023-07-11 00:00:00+00:00,0.0160929162901577,0.0096700555540168,0.0063930525515025,0.0260227806090704,0.0125954133923701,0.0040355937566008,0.0128086039044286,0.0044665401192248,0.0096541105518766,0.0107015547076065,0.01579096850023,0.0029607388780665,-0.0042536956448478,4.362082939776305e-06,0.0019275987825352,0.001033212
2023-07-12 00:00:00+00:00,0.0047978644314937,0.0083330462163812,0.0056538340083103,0.0089785288594237,0.0038565392514293,0.0042908620126755,0.0003968643398649,0.0024098348775715,0.0091287884189356,0.0067132158332931,0.0195209762504963,0.0044123911363881,0.0007009781330449,0.0011026330166038,-0.0005646655341659,0.0129441689
2023-07-13 00:00:00+00:00,0.0063354213032097,-0.004772066825856,0.011207480669396,0.002410000854663,0.0122535138682749,0.0064224154426423,-4.94563761186679e-05,0.0084902911722533,0.0059367957233136,0.0062417765233417,0.0126550308672354,0.0051860312107662,0.0004182005336155,0.0019314660594696,0.0025808864315096,0.0025800740000000003
2023-07-14 00:00:00+00:00,-0.0120537940916636,-0.0024711957433263,-0.0037181660592847,-0.0240829878557107,-0.0083359687511368,0.0044045769646879,-0.004000288301039,-0.0100031296704651,-0.0040337581931141,0.0026700666391908,-0.0090431669238478,-0.0043986882692008,0.0037157419015745,0.0019747197630583,-0.0012176660960371,-0.0026925263000000003
2023-07-17 00:00:00+00:00,-0.0066533298570634,-0.0034918012296369,0.0039077154972919,-0.0022249702368676,0.0107512336286078,-0.0024312546346219,0.0035207575220972,0.0085809002515528,-0.000426194533661,-0.0010550177720436,-0.0043127613976063,0.0010458015559193,0.0050231333822368,0.000505099759354,0.0026324365604257,-0.006175290999999999
2023-07-18 00:00:00+00:00,0.0076406944905027,0.0044609978767614,0.0035327008930793,0.0165018508437919,0.0124360278053009,0.0046559440284402,0.0077702594295728,0.0019529254094462,0.0107307331596803,-0.0033596830050278,-0.0021059928183997,0.002500226357752,-0.0015421815853885,0.0012938594138515,0.0002930243739328,0.005228877
2023-07-19 00:00:00+00:00,-0.0032662897357215,0.0029129835163002,0.0055092885441103,0.005084641355599,0.0044206062393661,0.0018508176733676,0.0008192713032889,0.0020215128029814,-0.0041087729401954,0.0054812878947184,0.0096620320637117,-0.0009740138319209,-0.0081581213665359,-0.0011591744168591,0.0007040438770117,0.0076849415
2023-07-20 00:00:00+00:00,-0.0010030949761685,-0.0112374573521106,-0.0020943135121076,0.0112806619069425,0.0115678420754471,0.0035197615089984,0.0006093304942057,-0.0115220720019625,-0.0004694304616352,-0.0020136017029497,0.0039635094073919,-0.0077264822795544,0.000225943230125,-0.0016080181510823,-0.0032127040945178,-0.006794769000000001
2023-07-21 00:00:00+00:00,-0.0057524680724094,0.0036585143349051,-0.002085038059419,0.0062892556262899,-0.0057855643129279,0.0082511150835586,-0.0006427715932935,0.0076713401625999,0.0021759620133096,0.0020382331616534,0.0098171409305514,-0.0009179308058558,-0.0017945805169089,0.0015795226714295,-0.0018751751224949,-0.0034050989999999995
2023-07-24 00:00:00+00:00,-0.0010803737301222,0.0047300571403243,0.0030989852372584,0.0165144390724074,0.0077973432657603,-0.0054150504570977,0.0027097705662452,0.0009314602790978,0.0042044671057483,0.0059255263833121,-0.0025068992266489,0.0001403508831854,-0.0022154974842354,0.0011022181971027,-0.0005359929148318,0.0023502555
2023-07-25 00:00:00+00:00,0.0053245447194966,-0.0005675847536591,0.0021368779108749,0.0044390368293037,-0.0030576205435099,0.000407955908326,-0.0023140659623536,0.0063690522208642,0.0186078806514329,-0.0082196309514248,0.0040480007096221,0.0007375420487935,0.0029141599376837,-0.0003525781606196,-0.0004291650190233,0.0022330279999999993
2023-07-26 00:00:00+00:00,0.0039545071574527,-0.0002017580497021,0.0033662458960561,0.003244128862431,0.0038446502269535,0.0012587457059405,0.0028005542077225,-0.0066253589540781,-0.0006983949094689,0.0037957746703415,0.0023232549950502,0.0022431369574639,-0.0028462680450099,0.0012962789856072,0.0012996037200869,-0.0030962187999999994
2023-07-27 00:00:00+00:00,-0.0037714185396908,-0.0056608998642229,-0.0042642110041489,-0.0093837105559232,-0.012288854279416,-0.0108481107760612,-0.0033925704718706,0.0036113657610408,-0.0059893789752297,-0.0206389669715238,-0.0156639838011981,0.0011044626730403,0.0012396455880308,0.0007192550811196,-0.0011963178323191,-0.0078857874
2023-07-28 00:00:00+00:00,0.0095551864326604,0.0068881387209348,0.0166135525389773,0.0079160337882937,0.0023739278496983,0.0051390534961944,0.0088028239080178,-9.461637594811378e-05,0.0063564790722575,0.0021948795512065,0.0073841661045765,0.005065085499448,0.000309142400645,0.002725104010069,0.0030842573153006,0.008181820000000001
2023-07-31 00:00:00+00:00,0.0059671453407612,0.0029959547663964,-0.0001332461460798,0.0132254656342112,0.0036031759169764,-0.0034752983740377,0.0035491574123577,0.0078137608651782,0.0058258702719949,0.009875391088982,0.0025488587339015,0.0019211275218749,0.0008355793638062,-0.0013548880017625,0.0017874693825666,0.017607170999999998
2023-08-01 00:00:00+00:00,-0.0053029014513639,-0.0087661608821926,-0.010465004704978,-0.0039488789364937,-0.0003913257914298,-0.0086301111625194,-0.00080797614635,-0.0015930687819752,-0.0053004612640302,-0.0051548742916179,-0.0138970030078755,-0.0028638984267013,0.0015641307524709,-0.0009325274462173,-0.0012940144643684,0.00964224
2023-08-02 00:00:00+00:00,-0.0049194901328369,-0.0051654092469792,0.0016864060958502,-0.0117532114036029,-0.0034951213852994,-0.0007622647190243,-0.0064368293837291,-0.0138746958756696,-0.0066687473327375,-0.0078300713663274,-0.0076151598879332,-0.0052737148563343,0.0010201683125536,-0.004448553242278,-9.413691704621947e-05,-0.006687283499999999
2023-08-03 00:00:00+00:00,-0.0039588838016095,0.000193717630454,-0.0072099994034826,0.0174984272449973,0.0020580398116195,-0.0081931348854905,-0.0071227443551844,-0.0021349608385933,-0.0060898080524259,-0.0094425498958953,-0.0188587641400215,-0.0021972959203079,-0.0002257721690736,-0.0010680319116478,0.002675457463178,0.0155141952
2023-08-04 00:00:00+00:00,0.0037679358246441,-0.0100231313166941,-0.0060830739234158,0.0036620964705413,-0.0031502439056978,-0.0038338419846598,-0.0051285068725314,-0.0035939397567005,-0.0026210228511523,-0.0059102974129535,-0.0123634093410937,0.0003266336926698,0.0010359395395053,-0.0022833131217896,0.000811303728943,-0.0025367219999999995
2023-08-07 00:00:00+00:00,0.0086441741286382,0.0110776629175118,0.0049214622932843,0.0027767746563271,0.0121767108070732,0.0092917458540188,0.0098378528553222,0.0091584722704883,-0.0025714387350386,0.0141462776336502,0.0002020129070639,0.000168636255933,0.0036802766745401,0.0007329511250883,-0.0019979342189899,7.410200000000002e-05
2023-08-08 00:00:00+00:00,0.0101640072170469,-0.0033837434532902,-0.0126337557050757,0.0046231648798903,-0.0101921740472127,-0.0034374422432985,-0.0023694776121427,-0.0096945478254235,-0.0080926409200928,-0.0099671026848529,-0.0019846401588197,-0.0007825191448908,-7.013820754238654e-05,-0.0018375802484774,-0.0028036629454462,-0.0060130924
2023-08-09 00:00:00+00:00,0.002134217851901,-0.0031441198132382,-0.0051274766917945,0.0164112365734869,-0.0065391154229068,-0.0029789832546985,-0.0022513528165967,-0.004450053274716,-0.0013606025109219,-0.0019419873175583,-0.0033304104688422,-0.0049362234915812,-0.0029309284985306,-0.0008051815816981,-0.0006854564247139,-0.014580934100000002
2023-08-10 00:00:00+00:00,-0.0007746874206443,-0.0084433034144689,-0.0029637735660479,-0.0036474136014572,0.0010279485936905,-0.003226493955838,-0.0031982297887507,0.0001133043622061,-0.0007410878233059,-0.0029755400856854,-0.002698203686614,-0.0016722760218442,-0.0005416277954003,0.0020080344434223,0.0018931412673277,-0.0022451207999999996
2023-08-11 00:00:00+00:00,0.0052725894843736,-0.0006573250562963,-0.0066415846864747,0.0174570587485013,0.0018139499353585,-0.0001456440411288,0.0015971714210335,-0.0041821556262852,-0.0031061496624154,-0.001108679154841,-0.0059989470542536,-0.0048195179468408,-0.0019808300383275,-0.0026492830795182,-3.4985458421396354e-05,0.0008029840999999999
2023-08-14 00:00:00+00:00,0.0020011371925665,0.0002988461043697,0.000547209305721,-0.0055209510284372,-0.0016968412100843,0.0031067742828996,0.0010918300850787,0.0119401953549597,0.0029961832850751,-0.0026478032591172,0.0009001290058688,-0.0005009162259864,0.0059107820296814,0.001667225866787,0.0027563885279155,0.00556979793
2023-08-15 00:00:00+00:00,-0.0073596735606876,-0.010938432924173,-0.0168498518145889,-0.0208941859693886,-0.0189456479796067,-0.0098338505711804,-0.0121913017444067,-0.0139265935287967,-0.014902013242718,-0.0134950953681417,-0.0225791739309685,-0.0035614739432399,0.0017100651920993,-0.0001235728882959,-0.0022138606294048,0.0019225389999999998
2023-08-16 00:00:00+00:00,-0.0074883642659395,-0.0040671324151888,-0.0098577448344982,-0.0072892665196169,0.0004948307617275,-0.0135813191937823,-0.0044261089178293,-0.0108258305118384,-0.0057585033296403,-0.008730356334163,0.0009694501235867,-0.0048951956351916,-0.0008147955964956,-0.000370099130617,-0.0016703378014464,0.004164477
2023-08-17 00:00:00+00:00,-0.0129657664311945,-0.0132046020035318,-0.0122318960218512,0.0092002987862362,-0.0093122231106453,-0.0132662474950799,-0.0110038594424314,-0.0098039417045106,-0.0044481336109344,-0.0126447617707781,-0.0120975508055474,0.0014424566714229,-0.0064153665068947,0.0014448595231999,-0.0024593616423014,0.004131325000000001
2023-08-18 00:00:00+00:00,-0.0004921095274949,0.0019491897739284,0.0054168214441694,0.0103743285257437,0.002162761929532,-0.0025834394352706,0.0041474771603427,0.004890221857231,0.0007273028454099,0.0059383650701302,0.0078329403056371,-0.0009833252912351,0.0011982305945154,-4.229412136236262e-05,0.0039262214690934,-0.005249279
2023-08-21 00:00:00+00:00,-0.0040704631626572,-0.005741791451845,-0.0048793493061685,-0.003952212663132,-0.0014567244769153,0.0032296864721684,-0.0021347886139372,0.008248236256601,-0.0012350037425501,-0.0045705884248191,0.0026339729398458,0.0002892859785522,0.0021955700781702,0.002216727595134,0.0029192690351342,0.004243484899999999
2023-08-22 00:00:00+00:00,0.0050293236410346,0.0004044951369609,-0.0034357067496004,-0.0094381686140428,-0.009766016103641,-0.0002370228462346,-0.0085067202629606,-0.0013337714375325,0.0016324041287252,0.0028152887231182,-0.0156873863300489,0.0001133227599661,0.0034888364334368,-0.0013380026306256,-0.0010800284857247,-0.00469332
2023-08-23 00:00:00+00:00,0.0123427319370961,0.0066624884629581,0.0128469679594977,-0.0032408010043291,0.0113309870849032,0.0062912346933722,0.0109972705443267,0.0191516672405075,0.0016574935718749,0.0222213313810917,0.0158882776084667,0.005359613634423,0.0049133986858792,0.001380977399634,0.0035357916012746,0.0165185156
2023-08-24 00:00:00+00:00,-0.0125309926128331,-0.0122264141064323,-0.0182450751796377,-0.0069056165528494,-0.0040194075711823,-0.0106126025683088,-0.011363762003046,-0.0218290746422886,-0.0066374942824902,-0.0151722894349767,-0.0187883728429131,-0.0044125593978656,-0.0046623609190791,-0.0040904646624657,-0.0061865820882322,-0.015838902199999998
2023-08-25 00:00:00+00:00,0.0030081564181286,0.0041923193569935,0.0058631727319109,0.009609740448341,-2.8251932454962057e-05,0.0062381768206603,0.0078752745048845,0.0074253899055503,0.0035446679792514,0.0012261762868201,0.0077067777437248,0.001500600440235,-0.0002448201575638,0.0003436840486942,-0.0002624918307628,-0.0015763160000000001
2023-08-28 00:00:00+00:00,0.0119327723174616,0.0092983301230342,0.0094656264049494,0.0057219396587237,0.0062830586312451,0.0068716168296694,0.0082010315822379,0.0113843573101272,0.0047661571324697,0.0069015748356847,0.0017972280653989,0.0024152485520777,-0.0007769292595361,-0.0004887698903589,-3.946044531859709e-05,-0.0008910194999999999
2023-08-29 00:00:00+00:00,0.0145593251965016,0.0106169850988446,0.0145949245412393,0.0051668734315059,0.0112545530296671,0.0186328981833417,0.0105052724136904,0.0067337759268878,0.0191374152947212,0.0134666635780197,0.0136000724365198,0.0069899362538268,0.0006838594880868,0.0028276392982619,0.0024757786305642,0.004232235
2023-08-30 00:00:00+00:00,0.004402037221575,0.0067273945599855,0.0001745089584436,0.0045472807098489,0.0012393742784307,-3.967279545161631e-05,0.0043802813727245,0.0088492486232104,0.0027518948349663,0.0060031798364109,-0.0024510044841737,-0.0014417200917461,0.0004326857964863,-0.0006704398307911,0.0018655742363814,0.0006802701600000002
2023-08-31 00:00:00+00:00,0.0008992154188375,-0.0018203606373864,-0.0066758517037079,-0.0030323439083499,-0.0033399951644894,-0.0088519985694004,-0.0036985563478348,0.0089812477710774,-0.0029908833378169,-0.0076794149787579,-0.0082281951076254,0.0023378281396005,0.0006325462214332,-0.0016575039163774,-0.0006201946634089,-0.011380441
2023-09-01 00:00:00+00:00,-0.0181417403186656,0.0047400798393365,-0.0084155910313361,0.0206199166738039,0.0077862810953326,0.0019281964997465,0.0028457888762247,0.0063992183708241,0.0090351896508411,-0.0015659599754736,-0.00281281329238,0.0006198794631975,0.002036774350352,-0.0006492457306521,0.0002626710294722,-0.0014491819999999994
2023-09-05 00:00:00+00:00,-0.0062676362185567,-0.0131818482215555,-0.0096189510257404,-0.0006029394349661,-0.0076394716422461,-0.0163275735141001,-0.0176040347636084,-0.0069418198878585,-0.0114591761891769,-0.0025063179321927,-0.0153050378560227,-0.0016508123829519,-0.000459248191353,0.0047541279968902,0.0017824488166382,0.0030743259999999996
2023-09-06 00:00:00+00:00,-0.000514404447264,-0.0031948710035047,-0.0055184686220496,-0.0042644528447348,-0.0049520883802199,-0.0018330287226764,-0.0040847515834514,-0.0026563683296961,-0.0059809668970511,-0.0023428736223449,0.0062074644386582,-0.0001865907142949,0.0025139560997508,-0.0010069642139757,-0.000919675354294,-0.004326026499999999
2023-09-07 00:00:00+00:00,-0.0049262523461416,-0.0041299460517913,-0.001818219562942,-0.0012921097406434,0.0014901560756765,-0.0062835989754805,-0.0030392524278056,-0.0137900335983971,-0.0084989867320665,0.0072339906282269,0.0089589389426827,-0.0068346343989224,0.0049806529129512,0.0012048531508517,0.0017329001946932,-0.0015347029999999997
2023-09-08 00:00:00+00:00,0.0029597612245937,0.0034797773659632,0.0006604001161378,0.0079817987287421,0.0053667922886644,-0.007553834740248,-0.0035083029987809,0.001022268926302,0.0041412497505046,-0.0034027809343486,0.0089488027785114,-0.0018964573943334,0.0002888881722746,0.0003244354223825,0.0005024170624512,-0.0005930945000000001
2023-09-11 00:00:00+00:00,0.0110973287781878,0.0039622329547563,0.006812827263737,-0.0123396030418845,0.004766942140492,0.0080990077198767,0.0025301995551636,-0.0051486117463304,0.0030667998500504,0.0013946480454408,0.0036972487825035,0.0007795986105304,0.0002099971162655,0.0018753476470501,0.0017567397220975,-0.008738657
2023-09-12 00:00:00+00:00,-0.0051872530442484,-0.0018634112194968,-0.0071095641799092,0.0238076883198942,0.0083575519058143,-0.0083056680403232,-0.0043455822548209,-0.0080597411266742,-0.0049210414978385,-0.0005681115182519,-0.0030569019596929,-0.001138970033719,-0.0024553739473394,-0.0003367559921792,-0.0014166790579614,0.000910838
2023-09-13 00:00:00+00:00,-0.0049130125736165,-0.0030663327457488,-0.0057277096383772,-0.0106791401986244,-0.0028362387612342,0.0009105458958599,-0.0051830739785557,0.0027895500610903,-0.002512655841875,-0.0101622345099837,0.0087702991216177,-0.0033845912669128,-0.0007081187448709,0.0017653692408316,-0.0008734332565738,0.014615581999999997
2023-09-14 00:00:00+00:00,0.0131446433337619,0.0122301583967606,0.0123100931391281,0.0147193562087097,0.0102363565218704,0.0027971527009345,0.0081938347702613,0.0054662231219515,0.0142644929631871,0.0146278668003184,0.0164135226765479,0.0025277203039429,-0.0022565244717894,-0.0001618476037555,0.0018183134029858,-0.0021434578000000004
2023-09-15 00:00:00+00:00,-0.0049835855004805,-0.0108182290977581,-0.0119113472608528,-0.0127295899587959,-0.0066113829045401,-0.0084420810270251,-0.0045652482169742,-0.0155256433725865,-0.0134421010127232,-0.0092047993906117,-0.0126095351160408,-0.0009621617356047,-0.0038023159027295,-0.001628332923732,-0.002379648264197,0.00010860125000000022
2023-09-18 00:00:00+00:00,0.0008435490454482,-0.0045078274844656,-0.0017550073570628,0.0050973258370214,0.0015866069079065,-0.0017341008374616,-0.0009208192129751,0.0076477031305597,-0.00198470878632,-0.0079894922644906,0.0015877258958212,-0.0021328967510354,0.003401199607882,-0.0014635288075392,-0.0009560135556581,-0.0007193739000000001
2023-09-19 00:00:00+00:00,-0.0049310526280747,-0.0022527802917412,-0.0080755445879728,-0.0135374766022044,0.0009251720822798,-0.0004036273318323,-0.0022638458401866,0.0007335709530726,-0.0012412057499346,-0.0041544141099592,-0.0073724716059507,-0.0030846354145794,0.0007345567151742,-0.0007556995415634,-0.0009196998202502,9.565129999999957e-05
2023-09-20 00:00:00+00:00,-0.0128233247644718,-0.0053417818678382,-0.0049946939413311,-0.0086509168195298,-0.00371267999824,-0.0066334674776169,-0.0046751521590945,-0.0049962234309496,-0.0024950530201721,-0.000487041891698,-0.0063077491320363,-0.0055669182997129,-0.000158222666683,-0.0017890791269988,0.0001124635167042,-0.0058232579999999996
2023-09-21 00:00:00+00:00,-0.0026299544224438,-0.0187496945081075,-0.0195062372752379,-0.0131204251139498,-0.0164233024747335,-0.0172232548863205,-0.0177275919119165,-0.013231358704378,-0.018754676105293,-0.0349054584429009,-0.0160918673754801,-0.0045382048196022,-0.0006202920300368,-0.0006477013034779,-0.002053200302662,-0.007565351400000001
2023-09-22 00:00:00+00:00,-0.0095646767144209,-0.0047888264015963,-0.008604750686574,-0.0033780921345803,-0.0050626586875154,-0.0012956552733409,-0.001832420524776,0.0052939690772549,-0.0005580840190625,-0.0056960789494961,-0.0041068012768524,0.0005757784833985,0.0031538410667233,-2.562061405467041e-05,-0.0011450289614814,0.0034740759999999996
2023-09-25 00:00:00+00:00,-6.1234308644818955e-06,0.0001519867462254,-0.0002139437169774,0.0114428594449787,0.0030379400553148,0.0081537102075134,0.0038751689788885,-0.00044021275326,0.0109566534054888,-0.0002368545089695,0.0032499601672822,0.0020372168506231,0.0023588013404143,0.0003315451809474,-0.000143521081707,0.0008952319999999998
2023-09-26 00:00:00+00:00,-0.0088347032475582,-0.0107393346541523,-0.0112962211836682,-0.0077193809045951,-0.0128988480703066,-0.0095920711450633,-0.0141372529376374,-0.0155098441450485,-0.0135514957421735,-0.016133578295977,-0.0312360854505222,-0.0032715154074753,8.260819790585164e-05,0.0006292315528775,0.0021576970061219,-0.00590540828
2023-09-27 00:00:00+00:00,0.0028711914302907,0.0006589200270723,-0.0022522750625878,0.0221745716193042,-0.001731187641157,-0.0001201844875382,0.0084494686314296,-0.0016073658264262,0.0006296251278098,-0.00323671020852,-0.0024732707639783,0.003506371452266,0.0027492680316992,-0.0005089552944597,0.0033277811233688,0.006047876000000001
2023-09-28 00:00:00+00:00,0.0106785917078219,0.0129078664128207,0.0080108362504614,0.0040625399651955,0.0083888585046513,0.0107888204144409,0.0057930492449979,0.0166916805546179,0.0101090103417283,0.008835567822373,-0.0138676388544706,0.0035972154943733,0.0012398700334739,-0.0011315218070144,0.0004495941395283,-0.0008216520000000002
2023-09-29 00:00:00+00:00,-0.0013240720476223,-0.0030530211946925,0.0002820769425266,-0.02058449576512,-0.0073350395359377,-0.007574473818631,-0.0053153900032759,0.0015832254308442,-0.0037658830786333,-0.0007121086463706,0.0014187614693999,0.0019285124443861,-0.003601140316688,0.0002884811135672,0.0005128809298573,0.0011763451000000001
2023-10-02 00:00:00+00:00,-0.004115583571029,-0.0066186337586635,-0.0126341899470291,-0.0264910652948795,-0.0086991245760641,-0.0077796932378461,-0.0093905011171572,-0.0004983041275758,-0.0113598738930635,-0.0129413987967303,-0.040483704687216,-0.0039236776265574,0.003985425422029,0.0028166926182033,0.0024175408637028,0.0049280949999999995
2023-10-03 00:00:00+00:00,-0.015092702715213,-0.02198485393751,-0.0148167984371322,-0.0005660966859768,-0.0181837300996677,-0.0141278487179645,-0.0095538441773479,-0.0124903888033034,-0.0069013413091262,-0.0220386862866376,0.0028851738189531,-0.0048752901340532,-0.0019140458823423,-0.0010504285794673,-0.0030223985794554,0.001751967
2023-10-04 00:00:00+00:00,0.0081539282925645,0.00725301796272,0.00733330537514,-0.0365604994575494,0.010617368235559,0.0061027171264041,0.005177131585513,0.0059552839745557,0.0104420228965548,0.0155845026565718,0.004538547940186,0.0004094868648394,0.0043341183960315,0.0005605137320132,-1.1758350817284307e-05,0.0045161509999999995
2023-10-05 00:00:00+00:00,-0.0031733796623768,-0.0075655052596585,-0.0206221753735389,0.001338917454754,0.0068997235516516,-0.0004634947040064,-0.0061997600520221,-0.004757694613386,-0.0068802823051257,0.0072793963277914,-0.0027220089565506,-0.0021610143673869,0.0021323491844708,4.209353558017269e-05,0.0005169257788622,0.0019749723
2023-10-06 00:00:00+00:00,0.0132087492246578,0.0052582845439322,0.0014618157218131,0.0099985571666578,0.0092016143432584,0.0131658139328955,0.0130904477642227,0.0121825248409159,0.0084824858156759,0.0040833307134314,0.02011257370435,0.0053773975061536,0.0024662106512402,0.0026368872324652,5.9914038180584504e-05,0.0057324951
2023-10-09 00:00:00+00:00,0.0139168787284168,0.006364814387897,-0.0059601662296517,0.0377178912802994,0.0026401717168047,-0.002195139678824,0.01506909809151,0.0060204573680371,0.0057389912431713,0.014343823725503,0.0099166093946051,-0.0050340431096944,-0.0005919875223981,-0.001002376288263,0.0015453841533058,0.006828664400000001
2023-10-10 00:00:00+00:00,0.0045677562732772,0.0076475118838615,0.0165470447272998,0.0015804219842165,0.0061236557323326,0.0096884074873222,0.0052982684802558,0.0065111531756002,0.0083499653766196,0.0045261070779941,0.0149667354217644,0.0042772895291795,-0.0004917126387262,0.0006621309898492,0.0014755691539818,-0.00880672
2023-10-11 00:00:00+00:00,0.0042578730721535,-0.000928708419485,-0.0063564291758086,-0.0049477619911165,0.0033368806554939,-0.0110349136777228,0.007443779168712,0.0077665924046697,0.0040596412783762,0.0191634415210576,0.0169679370229641,0.000657957062717,0.0035069447617985,-0.000219391101211,-0.0014143852642877,0.0021345390000000004
2023-10-12 00:00:00+00:00,-0.0164985134743477,-0.0166893872508817,-0.0236159910261062,-5.4948364426955345e-05,-0.0102081406993363,-0.0221228108351149,-0.0113498773104781,-0.0086511552659141,-0.0134260690110048,-0.0096574341179562,-0.0186820465075196,-0.0048806636492684,0.0014530082906492,0.0035790014859379,-0.0014210455719121,0.006215084
2023-10-13 00:00:00+00:00,-0.0084999826149072,-0.0061202234626831,-0.0054030307056099,0.0195457683687378,-0.0001024346619128,-0.0030263979074971,-0.0091997090062397,-0.0109968822704668,-0.0033275722375327,-0.0039795415288415,0.0014908607168553,-0.0081587525355736,-0.003217840892587,-0.0003576487487304,0.0002546704745339,-0.0014052952
2023-10-16 00:00:00+00:00,0.0198222939118692,0.0150556022883733,0.0142877247706611,0.0131352331506295,0.0142334514512883,0.0102610118645891,0.0122306792699989,0.0132752735953862,0.010346029614275,0.0107790260739109,0.0137449694016783,0.0013580030472208,-0.001329746431768,1.4537725462212537e-05,0.0018546232046925,0.0035172289999999993
2023-10-17 00:00:00+00:00,0.0046255360855286,0.00558136665722,0.0099152691244806,0.0106769702271287,0.007579624695706,0.0020757222038518,0.0013061521309124,0.0004486315651651,0.0083245003446611,-0.0026668096635289,-0.0008487430115914,0.0018174178253649,-0.0002760829922597,-0.0023099097282252,-8.324779358105369e-05,-0.005079955999999999
2023-10-18 00:00:00+00:00,-0.007553978723805,-0.0137355725019374,-0.0119259562568888,0.0023593953493998,-0.0151821698258685,-0.0151373412139016,-0.0262695098982127,-0.0099118270512213,-0.0220330960823655,-0.0187057887574134,-0.0136197457734303,-0.0104916032627807,6.918511907241014e-05,0.0005545250319418,0.0019254316804043,-5.5148383000000056e-05
2023-10-19 00:00:00+00:00,-0.0101704861562138,-0.0167281172619606,-0.0129705332118159,-0.0029819081781681,-0.0172274386478905,-0.0113769749862782,-0.0110073847851988,-0.0131556124807799,-0.0157807754466633,-0.0233935750474421,-0.0167112457483709,-0.0023143874882386,-0.0025313191134824,4.755385141140147e-05,-0.0023669986156559,0.011334862
2023-10-20 00:00:00+00:00,-0.0072196511624763,-0.0081324369462336,-0.0072893198209259,-0.0182480002520677,-0.0179297283005524,-0.0040357767325563,-0.0089868203787974,-0.0167047267104337,-0.0124972922261655,-0.005997689960827,-0.0091551394272729,-0.0017353845139678,-0.0007326856111725,0.0011020765429246,-0.0009768811660669,-0.006789592999999999
2023-10-23 00:00:00+00:00,-0.0014735422774326,0.0023764164016571,0.0022846394954404,-0.0104520773001893,-0.0034239066013339,-0.0023807199821459,-0.0032050616338465,-0.0073170887839409,-0.0107765948338152,-0.0045774396996552,-0.0017363497044686,0.0027239548170552,0.0018063122217815,0.0023505422612523,0.0029375770684357,0.008389802999999998
2023-10-24 00:00:00+00:00,0.0034414220429072,0.0036799882518643,0.0039529108157963,-0.0135097668466894,0.0064776957845269,-0.0032991238138403,0.0020608828458175,0.0068803734777021,0.0131785913255884,0.010455104007958,0.0208002490709635,-0.0034955417682633,0.0020237153256207,-0.0009270077615956,0.0032196378254684,-0.003821334
2023-10-25 00:00:00+00:00,-0.0260013650781746,-0.0053337354712183,-0.0104008057281834,-0.0024332507253614,-0.004523201623685,-0.0296730582267357,-0.011437829206601,-0.0140986263647762,-0.0122410883486833,-0.023687665805095,-0.0106065982200397,-0.0121955016490775,-0.0015914390533012,-0.0043405258535323,-0.0019249963501045,-0.016544988
2023-10-26 00:00:00+00:00,-0.0062949043508971,-0.0045502322790048,0.0022001780788733,-0.0012409797809537,0.0084701510501262,0.0008680166922412,0.00470110103207,4.649348883460791e-05,0.0054094401585056,0.0141623950203967,0.0094950388648451,0.002764156306817,-0.0025525729596286,0.0004206655185958,0.0002594389682246,0.006327064299999999
2023-10-27 00:00:00+00:00,-0.0136798219712145,-0.0118568474434661,-0.0114894822557015,-0.0175241039011052,-0.0217764990240519,-0.0161448296683054,-0.0088910005962838,-0.0036854723333763,3.856890240966497e-05,-0.0146917048204007,-0.0166489887055118,0.0010509109533147,0.0049128791745651,-0.0018293212845553,-0.0009894185387527,0.006631139999999999
2023-10-30 00:00:00+00:00,0.0185503316953189,0.0103280866503074,0.0096975006907811,-0.0046463677073436,0.016308728894692,-0.0022279754966308,0.0118488403408198,0.0026560071629759,0.0059531919458021,0.0050725116569653,0.0051978766967299,-0.00216921293388,0.0007255211029495,0.0001713560075117,0.0002835693909073,0.0113247652
2023-10-31 00:00:00+00:00,0.0105344200952156,0.0085851264358872,0.0032890719788947,0.0073667122398838,0.0106294303411686,0.0091044840367271,0.0087242354699485,0.0124381552753464,0.0043954246820639,0.0172243067150029,0.0035873912381097,-0.0015659471243213,-0.0016495202095481,-0.0007505234626283,0.0011311150691297,-0.0008937930000000004
2023-11-01 00:00:00+00:00,0.0037085825061175,0.0020723234502336,0.0037853634342008,-0.0058250130246376,0.0119372489757972,0.0055598570610273,0.0076149122827059,0.0015228341583826,0.003178515432467,0.0111942375545055,0.024501168876921,0.0004975684896324,0.0085483596278156,0.0037744075489798,0.0032579893320356,0.015266576940000002
2023-11-02 00:00:00+00:00,0.0278295519053582,0.0212435497167856,0.019884288594316,0.0379087308613018,0.0214293040138843,0.0190411176418167,0.0215407653198399,0.0160976230114817,0.019779214159399,0.0231137540301732,0.0189336064038116,0.0069618589856295,-0.006994980364178,-0.0017742690804758,0.0004149670641567,0.0075409660000000005
2023-11-03 00:00:00+00:00,0.020740215318222,0.0251738844357919,0.0115857991331217,0.0001216928674344,0.0139054686129242,0.0237591287705055,0.0109204288958035,0.027916639178964,0.0135197825360508,0.0212674622119366,0.0130390680125362,0.0084026864798976,-0.00368958026353,-0.0022158238654298,0.0011793692483616,-0.0026047600000000002
2023-11-06 00:00:00+00:00,-0.0102303777648197,-0.0034450503858306,-0.0049907421943229,-0.0199948619886181,-0.0047202922155901,-0.0024098072406194,-0.0041944006874623,-0.0033500801032888,-0.0044310147021957,-0.0117623041842458,-0.0058752430399536,-0.0043832359713987,0.0028969208248413,0.0009280371396481,-0.0006525958569482,0.0044383651
2023-11-07 00:00:00+00:00,0.0008472447296837,0.004497024337969,0.0067370552714264,-0.024178856664902,-0.000654106538462,0.0023204132328163,-0.0001123030207728,0.0053970094408739,-0.0136672618018282,-0.0057408680993405,-0.0014008085044555,0.0010959772407022,0.0015778627677488,0.0020416978308781,0.0035183714625642,-0.0049178321
2023-11-08 00:00:00+00:00,0.0011659844536787,-0.0016636703362471,-0.0032425913705615,-0.016731033157506,-0.0014085428711501,-0.0058465140926205,0.0013460036421966,0.0008873829918807,0.0011493170858565,0.0061228009127616,-0.0033860431164888,-7.757703967969889e-06,0.0030882833987039,-0.0007015681347464,-0.0015055598226323,-0.0011955810000000005
2023-11-09 00:00:00+00:00,-0.028902458478579,-0.0131690987839187,-0.0121962377549286,-0.0069803056715756,-0.001490149248086,-0.0286707349052753,-0.0024435791248158,-0.002788813337456,-0.0063395237042491,-0.013158610051751,-0.0146464351119132,-0.0087737461562308,0.0015884580587155,0.0004702532830947,0.0005292903730271,0.002945661899999999
2023-11-10 00:00:00+00:00,0.0218217819081689,0.0103380638143234,0.0137137860210652,0.0095133693011374,0.0086477670512151,0.0134689778939952,0.0123945895318053,0.0198504551782316,0.0081962101080402,0.013155696097256,0.0102377826230573,0.0060398069101624,0.0044132081175175,0.0012350536959745,0.0002953314496236,0.0018412266
2023-11-13 00:00:00+00:00,-0.0103548108384756,0.0017045725034042,0.0009277507272386,0.0047348718451332,0.0014580796279573,0.0033685261398252,0.0011423460601939,-0.0040587998233914,-0.0004963114893697,-0.0055789040408746,-0.0108525568767888,-0.0033281333297939,0.0016347847640456,0.0010050704773996,0.0028728090188185,0.0004833200000000002
2023-11-14 00:00:00+00:00,0.0198509561047051,0.034656354133926,0.0309785272632298,0.0251191204269021,0.0205048988069707,0.0257005277626386,0.0266110343546567,0.0290062910917603,0.0300516000311219,0.0470057371397826,0.0457962267217881,0.0152136065960594,-0.0065054010549137,-0.0017297800448827,0.0007522949879879,-0.006352697
2023-11-15 00:00:00+00:00,0.0069848287545432,0.003519992967234,0.0073795843486294,0.0052881723824995,0.0009544450329438,0.0070014725015435,0.0015613501714063,-0.0017216456993025,0.0045433906584436,-0.0085560870370224,-0.0025163554151806,0.004609800867236,-0.0083640111431854,0.0010807263094585,-0.0017550004223843,-0.005073349100000001
2023-11-16 00:00:00+00:00,-0.0040346760595642,-0.0040854608642836,-0.0134767418602186,-0.0290838714265404,0.0018569919488673,0.0010402331526669,7.960589456273292e-05,0.0001885785779242,-0.0008799302173474,-0.0009365446357474,0.0024154145911304,-0.0043860300604828,0.0008989611750406,0.0011942633085747,-0.0006959158924714,0.009123676
2023-11-17 00:00:00+00:00,0.0012379485200886,0.0039024043343576,0.0051356201254164,0.0220469542200767,0.0056677522885329,0.002104059017105,0.0052271320288459,0.0050688977448163,0.0013133895044936,-0.0036257665475561,0.0041486012467168,0.0044188163624319,0.0002065489388748,-0.0008341321888678,0.0004521360906434,-0.0001608260000000007
2023-11-20 00:00:00+00:00,0.0069543829697256,0.0014130638662229,0.0034062350761242,0.0043159389348558,0.0051130711436271,0.0104145882156657,0.0031415718219822,0.0074053870147137,0.0004906257647843,0.0115742462882032,0.0025883930958159,0.0014632453698433,0.0011792451439672,0.0023480323571278,0.0034951610792754,-0.00033751500000000004
2023-11-21 00:00:00+00:00,-0.0043378048637957,-0.0031841146963002,-0.0052206877306934,-0.0061393730345847,-0.0023915773982526,-0.0001379239775257,-0.0028570750739103,-0.0058671150624514,0.0025832250708789,-0.0052189832787001,-0.0065419139232295,-0.0067636870473127,-0.0001809502423833,-0.0007306330498624,-0.0012267310968681,-0.0111188789
2023-11-22 00:00:00+00:00,0.0076987409497014,0.005882700589478,0.009928944117078,0.0008161623798449,0.0062112802757115,0.0072054676684807,0.0030837254270921,0.0056023315993186,0.0026035510754957,0.0047717259642878,0.0075837534252678,0.0003424876283505,0.0002221391883231,-0.000787447209825,0.002068435247905,0.005431919
2023-11-24 00:00:00+00:00,0.0020599216887638,0.0007609780375228,0.0031019372679401,0.0064891981447235,0.0054493491459434,0.004474412614182,0.0030383428902354,0.0019790892215798,0.003389536370934,0.0025788061346583,0.0005411158675688,-0.0001400899311324,-0.0008337133058127,-0.0004652361737086,0.0007456311693301,-0.0057158745
2023-11-27 00:00:00+00:00,-0.0033565886804708,0.0007370235872216,-0.0034070818064236,-0.0068539578181948,-0.0009909304312769,-0.00577989392165,-0.0031807756763062,-0.0020561948732581,-0.0003718811369633,0.0044577719294747,0.0054009465196156,-5.27192482009678e-05,0.0021470116528962,-9.208978639206616e-05,0.0011581029864187,-0.0032232703
2023-11-28 00:00:00+00:00,-0.0056923542701579,-0.0024247615627112,0.0025841454325886,0.0042457427876253,6.180057931722983e-05,-0.0075082309927337,-0.0048609128635326,0.0005650461092831,0.0027113102394076,0.0052382900162933,0.0039131327955546,0.0008286674028863,-0.0045212311728577,0.0027417074654723,9.230981976482322e-05,0.0041005239999999995
2023-11-29 00:00:00+00:00,0.000627343460356,0.0017931741694454,-0.002506561743339,0.0036116289505601,0.0098727714427623,0.005016607428092,0.0043821303361624,0.0133628673206452,0.006298782721967,-1.914395314463845e-05,-0.0073953642940418,0.0061764415289183,-0.0022632708599779,-0.000935918448597,-0.0011482689595525,-0.009379545999999999
2023-11-30 00:00:00+00:00,-0.0017396620337457,0.0072799008575802,0.0031716070638343,0.0058807107717817,0.0098566429251857,0.0057896215395101,0.0094449789932635,0.0023437835948957,0.0071142162471497,0.0071707922976008,-0.0008430816928017,-0.0045727873464096,1.1197628917969872e-05,-0.0022687660162004,-0.0009723684434451,-0.004112518579999999
2023-12-01 00:00:00+00:00,0.0112662013853143,0.0247186210369995,0.0167432706806194,0.0164942223695623,0.0128533407160557,0.0136241473220692,0.01812979923597,0.0104205220412388,0.0116904082991517,0.0195861770476849,0.0181454171173836,0.007345770161532,-0.0037415117370971,-0.0026443101395654,0.0014697877091715,-0.00631581877
2023-12-04 00:00:00+00:00,-0.0057074414777994,0.0083967750903442,0.0021584552083861,-0.0084363767603012,0.0026543045632219,0.0019843856042463,0.0013567325510719,-0.0072570677767191,-0.01279551202667,0.003127511056444,-0.0038201541533503,0.0002707867211115,-0.0041379827673228,-0.0017813600222132,-0.0007195442942549,-0.007893161
2023-12-05 00:00:00+00:00,-0.01224280692618,-0.0092376022205091,-0.0073113997718928,-0.0228774166268402,-0.0026483659875758,-0.0077698471533978,-0.0079590067599061,-0.0077232073335404,-0.0135564606392067,-0.0017759842744613,-0.0059127625485464,-0.0017001515526195,0.0028679943935781,0.0023292841486516,0.0003324105046911,0.004227233
2023-12-06 00:00:00+00:00,0.0029939881663216,0.0089425846558093,-0.007245638403452,-0.0169802096673895,-0.006459554785457,0.0025045366197469,0.0057501063253328,-0.0032590403412886,-0.0017489496492197,-0.0070044362042137,0.0056443477295292,0.0010957242863145,-0.0048528413875638,-0.0007939208896638,-0.0028872073314001,-0.004512387200000001
2023-12-07 00:00:00+00:00,0.0083296072732653,0.0041137932638304,0.0119332168686257,-0.002802589287697,0.003468702722099,0.004839611139905,0.0034592405017249,0.0100184872312545,0.0118171639355561,0.0007903674481959,0.0005733640767443,0.0046616433102983,-0.000501591936569,0.0008913147992679,0.000264563092519,0.011917350599999998
2023-12-08 00:00:00+00:00,0.0040463313809852,0.0050182371165262,-0.0007353342938653,0.0136613302876036,0.007309819150748,0.0057385033853023,0.0027203790045676,0.0034711526073702,0.0025815896343757,-0.0007617456955948,0.0037561246203165,0.0052059187387231,0.0038706590780321,-0.0005361873693813,0.00136253162748,0.0023574506799999995
2023-12-11 00:00:00+00:00,0.0009448151220295,0.0099706341693363,0.0090427626920463,-0.0018188739847823,0.0051661701486157,0.0117799910358195,0.0093837642413693,0.0171353706526179,0.0048488064889377,0.0020009459058119,0.0044618990634143,-0.0001869365467185,0.0005175732289982,0.0006710931305165,-0.0027201556176077,-0.014369651
2023-12-12 00:00:00+00:00,-0.0009402007599447,0.0022156153347205,0.0040169085343593,-0.0151504941543029,0.0063524854254927,0.0088384682715929,0.0052205024136058,0.0038897652595231,-0.0066421398338312,0.0022246944521191,-0.0021756751260165,-0.0007618968413145,0.0027676082919126,0.0005010121630746,0.0002315453961894,0.001836683
2023-12-13 00:00:00+00:00,0.0168252557966834,0.0145457998186668,0.0242698866257265,0.020889016152493,0.0194945231224836,0.0258347229855224,0.0111220393599373,0.010008204715904,0.0267242977036275,0.0315968910816768,0.0381090311123109,0.0083651950309393,-0.0055759139366484,0.0002372153269673,-4.194143895009691e-05,0.0008739880000000002
2023-12-14 00:00:00+00:00,0.017952496768881,0.013360205964034,0.0044615228900885,0.0367871165261928,0.0071124434087552,0.0154442404907667,0.0149228579389539,0.0168423886501882,0.0103665109525687,0.008804627318418,-0.0137193641513499,0.0203917655675551,-0.0075294430297779,-0.0024888455505555,-0.0049650085464992,-0.00653807
2023-12-15 00:00:00+00:00,-0.0033933873916647,-0.0058074407753528,-0.0046500516458639,-0.006755937981785,-0.0058734072993438,-0.0089514491182571,-0.0034519141886442,-0.0003099716151301,-0.0008752500730436,-0.0078579751016329,-0.0133992198392916,0.000729389879076,0.0021333010583377,0.0027673273864552,0.0011150192359767,0.0042791568
2023-12-18 00:00:00+00:00,0.0017994657991789,0.0041566906734344,0.0040011870365694,0.0089188178073854,0.0023072083691568,-0.0013294757587124,-0.0012343026485028,-0.0018195738835295,0.0015864117047433,0.0019750945834373,-0.0010096742149831,-0.0043820786293199,0.0020601008873795,0.0003666663069074,0.0028948642222654,0.006270796
2023-12-19 00:00:00+00:00,0.0123548374922529,0.009597164270739,0.0101395960864673,0.016003069722615,0.0094877215370809,0.0113992774028158,0.0066553852603034,0.0033755599294042,0.0088902994244573,0.0018835729127606,0.0080624659916166,0.0033084576353412,-0.0013613733003155,-0.0009800215127708,0.0030372807119302,-0.0033235033000000003
2023-12-20 00:00:00+00:00,-0.0132431908318821,-0.0162134924638357,-0.023241477703471,-0.0114135193426896,-0.0193517707499461,-0.0151798870610797,-0.0121220204637834,-0.0142390419958951,-0.0160466266848261,-0.0101210373516245,-0.0204900650583552,-0.0035747218891534,0.0002307934125464,0.0002853316036323,-0.0019323089663882,0.0015973939999999998
2023-12-21 00:00:00+00:00,0.0055615577144768,0.0105892814754386,0.0111778704412387,0.0089222457049321,0.010134252085996,0.0168099629648531,0.0104285607419404,0.0118584836628052,0.0101407584523407,0.0086628017751977,0.0045364910039493,0.0041981091610001,0.0003362572199221,-5.324625036762488e-06,0.0013076193435035,0.000901648
2023-12-22 00:00:00+00:00,-0.0026541986013854,-0.0008100728905331,0.0023379587152012,0.0011091946802806,0.004741098886316,0.0044444126949219,0.0056216798180994,0.0042991938487196,0.0067208835636007,0.0023636661620082,0.0021661095013948,-0.0015132676036364,-0.0017939573392579,0.0001822114836471,-0.000886363789879,0.00097840153
2023-12-26 00:00:00+00:00,0.0041751956111255,0.0005526950001298,0.0071780109469031,0.0121189349255827,0.0047074820257355,0.0057831822034429,0.0066100881115112,0.0088261696885649,0.0044032695031543,0.0070250453386315,0.0076519011271138,0.0027972273613321,-0.0006730065526053,0.0007010239336223,-0.0008588919059331,8.748909999999987e-05
2023-12-27 00:00:00+00:00,0.0006498081558888,-4.685037415001932e-05,0.00493019477588,-0.0048181899855671,0.0040056731914556,0.0035591041978928,0.001422985245198,-0.0023320275080075,0.0005273226758188,0.0041034487224375,-0.0002413136197425,0.0009107579900436,0.0011103066864141,0.0003197240788724,0.0005102261144482,-0.002396064
2023-12-28 00:00:00+00:00,0.003440006823375,0.0020214717250489,-5.9043756335020896e-05,-0.0136539973706046,0.0028433077392175,0.0010348304847746,0.0002604452949089,0.0022010282181816,-0.004450769786321,0.0053687219545731,0.0060003107914273,-0.0012625968136942,-0.0012824542311133,-0.0006840519555225,0.0002649643058894,0.0043699889999999995
2023-12-29 00:00:00+00:00,-0.0040687819654164,-0.0025412667445122,-0.0040078789700848,-0.0071231102756919,-0.0045179022917687,-0.0032870945234609,-0.0033460878754134,-0.0052278772645825,-0.0059365513607018,-0.0115602966843219,-0.0046897556914701,-0.0047143318234088,0.0002069046150597,-0.0006201215168869,-0.00118708860129,-0.0002601156999999998
2024-01-02 00:00:00+00:00,0.0018125363499524,-0.0043299780800917,0.002458620124979,0.008976892148716,0.0017989248660564,0.0064020641567293,-0.008633451217373,-0.0131740473098576,0.0010160242702497,0.0083435895907919,0.0078635344952681,-0.0062264253971946,-0.00673517152973,-0.0006375633570866,-0.0004541083235276,0.001335812
2024-01-03 00:00:00+00:00,-0.0067278320666836,-0.0175151007107865,-0.0183008715783197,0.0094718403574516,-0.0104534110319591,-0.0181592594694155,-0.0179138586304587,-0.0172139596874899,-0.0089839817329621,-0.0188078906022615,-0.0007359437819605,-0.0091591120776577,0.002871968940713,0.0014600663567217,-0.0011332958731198,0.0004201053999999999
2024-01-04 00:00:00+00:00,-0.0034112480065877,-0.0014444513952549,0.0007422174338812,-0.0206000129149529,0.0063123690802998,0.0068743312567269,0.0021250180532732,-0.0045663662209727,-0.0047648280556656,-0.0016020532928213,-0.0015183939216222,0.0010277783490847,0.0009607185272163,-0.0008733625391787,0.0007076082380768,0.002389941
2024-01-05 00:00:00+00:00,0.0033764551657382,0.0029500143497891,-0.0003655236595838,0.0010751875235205,0.0050321515017495,0.0021747342513257,0.0016886871281153,0.0003142355334398,0.0018927560128328,-0.004841135336609,0.0037876124104564,0.0031671505428925,-0.0005844262954704,-0.000463772536816,-0.000586760274456,0.003756263
2024-01-08 00:00:00+00:00,0.0099791599081062,0.0126153660444986,0.0130262717892787,-0.0061760489808623,0.0069555680674624,0.015192888269383,0.0085280595539057,0.0180722116479247,0.0064272028643984,0.014901098338383,0.0117771568390217,0.0035900356874194,0.0031417054194828,0.0002663298166301,0.0028314339529335,0.0107060124
2024-01-09 00:00:00+00:00,-0.0081498525756531,-0.0071778335833483,0.0058105647471163,-0.0141943292135724,-0.0099332671488044,-0.000276374259606,-0.0022434324321678,-0.0022044501826925,-0.0103178842863947,-0.0048149684470825,-0.0043613947556895,-0.0008755521758393,0.0036150787626916,0.000936347787605,0.0005168175265485,0.0012189623999999996
2024-01-10 00:00:00+00:00,0.0044246029719194,0.0045723714000762,-0.0035079911507034,-0.0090860266515982,0.0032151550332548,0.00531309638231,0.0036713513780762,0.0044368983835154,-0.0010256524435652,0.0030310982894507,0.0001622796133653,0.0002438746865889,0.0036493030238437,-0.0003800639768263,0.0002948373005069,0.005032781
2024-01-11 00:00:00+00:00,0.000325040748373,-4.268565433261152e-05,-0.0018033049676437,0.001922434224874,-0.0051011032439444,-0.002163896265701,-0.0015729295278684,0.0051460963747006,-0.002815518214446,-0.0066944065076764,-0.0249307269198174,-0.0032842036505051,0.0018423606063911,-0.0016231385683327,-0.0006220140847351,0.0014376636999999999
2024-01-12 00:00:00+00:00,0.002883996604479,-0.0078682458769326,-0.0040481427055813,0.0031962809134179,-0.0054980757230332,-0.0051968791345492,-0.0027676844657466,0.0036646998658307,-0.0022345695036108,0.0088122988746874,0.0010329409475195,-0.0055907593525157,0.0009371999289496,-0.0004851244506706,-0.0015279069279115,0.0060589875
2024-01-16 00:00:00+00:00,-0.0070949872411956,0.0008052738329051,-0.0038982804235548,-0.0234760066195325,-0.0071989694247898,-0.0057852781778131,-0.0085444841217775,0.0008637408731901,-0.0093430342717724,-0.0016101221755781,-0.0069793945404932,-0.0016126298558773,0.0036243221648541,0.0005867344042465,-0.00027321689664,0.0054470187
2024-01-17 00:00:00+00:00,-0.0064735603541277,-0.005892079192187,-0.0057562645300192,-0.0114720527310649,-0.0015795691004979,-0.007885955711746,-0.0073683205854951,-0.009506370540109,-0.0074436065215436,-0.0160523413234334,-0.0147636997992637,-0.0049829717272948,0.0022133878264502,4.329365831831735e-05,0.001161774494739,-0.00010631197999999998
2024-01-18 00:00:00+00:00,0.0087936246109845,0.0091102180562659,0.0008991293073301,0.0011703476965169,0.000266335969675,0.0056178099113138,0.015100442045601,0.0183992209719357,0.0026458079332836,-0.0074220897990636,-0.008389796270476,0.0024369693434124,0.0017001112993761,0.0008664175697731,-0.0009654755893874,0.0026583041600000005
2024-01-19 00:00:00+00:00,0.0085886565263373,0.0066651364431579,0.0022392409007023,0.0040647582256802,0.018352972615329,0.0047354656497097,0.0048772388545491,0.0188986600064803,0.0032240968057511,0.0118790085444851,0.0032939334025561,0.0043665630034866,0.0027102920295131,0.0021485833752757,-0.0012323427146712,0.0016238869999999996
2024-01-22 00:00:00+00:00,0.0098611959578116,0.0027652787509329,-0.0067581546390181,0.0105066860560309,0.0072182729481378,0.0045707125918075,0.0108209246739282,0.0072871300026601,0.0054469004285816,0.0040658909090533,-0.0004666369601974,0.0015248160160959,0.0007348820478489,-0.0019168098516323,0.0028104012074606,-0.005951459199999999
2024-01-23 00:00:00+00:00,0.0135042983855203,-0.0055233373014106,0.0053988018786283,0.001899614029783,-0.0008854326187748,-0.003942476972303,-0.0017230333394215,0.0027675903335139,0.0022907942464966,-0.0009803690092783,-0.0010063205209095,-0.0033439127569926,-0.002994118959181,0.0026378041165168,0.0027107845539367,-0.0012547584999999997
2024-01-24 00:00:00+00:00,-0.0050946064167865,-0.0070748349460889,-0.0146143362350645,0.0057750822749917,0.0027801266192621,-0.0108963416996664,-0.0095879571811996,0.0052599286067169,-0.0066493361754471,-0.0105998425735185,-0.0142968302845931,-0.0012830041149422,0.0011364362667472,0.0004604507580818,-0.0014570582700242,0.008492059
2024-01-25 00:00:00+00:00,0.0186797345294235,0.0095943548243803,0.0136676395816172,0.0172677105697947,0.0038717467687966,0.0058543456418088,0.0080111513180789,-0.0050493207008789,0.0114295128656887,0.0045864214238238,0.0169080234455137,0.0026102927067856,0.0013525125746874,-0.0041102336849318,-0.0037863634291316,0.0013361039000000003
2024-01-26 00:00:00+00:00,0.003693780134929,0.002100826228584,0.0048888353342459,0.0089448905573797,0.0043340682986982,0.0027916195318604,-0.0001699370456429,-0.0035580825995881,0.0011314758478567,-0.0011700832539609,0.0045487048679666,0.0002328663006869,-0.0001965573820143,0.0004405925739124,0.001430029427519,0.0041222103
2024-01-29 00:00:00+00:00,0.0061925532873374,0.0072357526364286,0.0142550414842146,0.0021622547191857,0.0031142285359345,0.0112622632933592,0.0067463714148477,0.0101151285121532,0.0060375291809425,0.0054244405953334,0.012920714131158,0.0048445856199155,0.0031266444268526,0.0009888443851907,0.0035114442814114,-0.0006964259999999997
2024-01-30 00:00:00+00:00,-0.0129759447597171,0.0028327005709518,-0.001261426652636,0.0003128475307226,0.0053006115406623,0.0017343745986912,0.0003008778601917,-0.0062733240026004,0.0013052823568339,-0.0119894815027565,-0.0066054418852057,-0.0040953791470778,0.0002098368668725,-0.0032343035447836,-0.0047242651171456,-0.013757777000000002
2024-01-31 00:00:00+00:00,-0.0085223020160464,-0.0139793785515811,-0.0078856133774305,-0.0178030964799957,-0.0138075898547981,-0.0030050999422521,-0.0130403265818778,-0.0164409413857942,-0.0086985530845556,-0.0023942248763423,0.0002309367807062,-0.0039480999073736,0.0024633435938229,0.0022730424108449,0.0039767536621943,-0.005703386
2024-02-01 00:00:00+00:00,0.015780931955495,0.019135145104412,0.0276205746871049,0.0030892571940262,-0.002558028823854,0.0101959001639324,0.0148159562239996,0.0124279051750843,0.0155383090494989,0.0175968253039033,0.0250399652086667,-0.0008164904597354,0.0060322587327373,-0.0014238909848878,0.0028136040868292,0.028504721
2024-02-02 00:00:00+00:00,-0.0077857156451205,-0.0016459931805704,-0.0014442955166188,-0.004022997736461,0.0050890988998286,-0.0034076966503217,0.0057514936829458,-0.0013749649636411,-0.0062116679586868,-0.008888964700664,-0.0096964806910859,-0.0008088806304494,0.003415462126364,0.0002533257143636,0.0018898773067457,0.01163388
2024-02-05 00:00:00+00:00,-0.0141249484662437,-0.0125117307548031,-0.0041590363384376,-0.0038899211478367,-0.0091247902096782,-0.0003771093132761,-0.0084440678288181,0.0033872848482064,-0.0210706646175563,-0.0204830444732106,-0.0168442786494867,0.0014048170513141,0.003819043795685,0.0010333061077233,-0.0002413987922944,0.009679147099999999
2024-02-06 00:00:00+00:00,0.0081810067057314,0.0127514821388661,0.001218098116754,0.0072629530574324,0.0044817972841261,0.0135482144296434,0.0097564255373811,0.000383343535843,0.0101257829609016,0.0096099484506733,0.0004839805789195,0.0021484811746827,-0.0049098765885722,-0.0016401726430997,0.0016349664010361,-0.0009944860999999985
2024-02-07 00:00:00+00:00,-0.0061748424629005,0.0039211213292475,6.883844770171818e-05,0.0053241521553279,0.0046807621435082,-0.0006674144988539,0.0077748942976035,0.0112370185047965,0.0122336649036938,-0.0009330401766674,0.0061612709430595,0.0006920773785065,0.0051311912382246,0.0008447499406382,0.0010127032522131,0.011834042999999999
2024-02-08 00:00:00+00:00,-0.0100848337959856,0.0074285647961622,0.0069411596390906,0.0101656963526168,0.00011973961767,-0.0013943709262991,0.003097540204086,0.002496105057119,-0.0018570147886581,0.0059236327625014,-0.0052621743519127,0.0032969791499025,0.0031492690631674,-0.0003391666472507,0.0004551688195751,0.0011523290000000001
2024-02-09 00:00:00+00:00,0.0057692512972444,-0.0007828901577733,-0.0061952427892124,-0.0080809777581385,0.0063707193314367,-0.0010314117372282,0.0040447422504255,0.0153171076076751,0.0029485995967542,0.0008561275935694,0.008259581301958,-0.0007130641021266,0.0014915866815465,-0.0002284693306912,0.0029796512404079,-0.0030887184
2024-02-12 00:00:00+00:00,0.0099307281053287,0.0084780085761941,0.0106432336092378,0.0157129635313735,0.0094213686646541,0.0072997024717041,0.0028779627763989,-0.0059396162780465,0.007168982384113,-0.0040973374607042,0.0110329125048636,0.0051483439825139,-0.0043056134756309,-0.0014114723647032,0.000564546596635,-0.0057760318
2024-02-13 00:00:00+00:00,-0.0153702966978062,-0.0191770830683046,-0.0164209778424974,-0.0133128130352737,-0.0143399527128645,-0.0188945489177866,-0.0126139558410279,-0.0179204094309956,-0.015023982626539,-0.009049323857986,-0.0100480932267509,-0.0100149076998849,0.0049850955247708,-0.0002069070618109,0.004104525177841,0.00021926299999999976
2024-02-14 00:00:00+00:00,0.013544643764262,0.0060430134642359,0.0100890829438787,0.0076109237172939,0.0115084819454523,0.0144344155432878,0.01252871467464,0.0084430622828114,0.0071130109334951,0.0056609023785622,0.0125620024443858,0.0071711472782705,0.0051150125759027,4.228625079068277e-05,0.0031603345934426,-0.006830574199999999
2024-02-15 00:00:00+00:00,0.0255796024326224,0.0046799571380826,0.0127920480732002,0.0313888400987122,0.0160125808626237,0.0090934096425463,0.006806895456924,0.0051379459119305,0.01849369198658,0.0215103353854373,0.0193862573310233,0.0058121829075244,-0.001190352556719,0.0009871276494321,0.0015236415526526,-0.0168110245
2024-02-16 00:00:00+00:00,-0.0077370759828197,-0.0072602097541032,-0.0032372330903452,-0.0013275612246303,-0.0060364496107841,-0.0020955810350292,-0.0065402078778142,-0.0109678749294623,0.0044097577634521,-0.0090106787904501,-0.0042989004662831,-0.0031092649215369,-0.0020490234237448,-0.0023395180861635,-0.0014662457253529,0.0050784355
2024-02-20 00:00:00+00:00,-0.0012072301641021,0.0018019944530169,0.0043699920089972,-0.0143664082935646,-0.0039668386941927,-0.0011248153073192,-0.0037671546905088,-0.0107467939093134,-0.0096474452880179,-0.0116956931587844,-0.0091574193675034,-0.0019293720199577,-0.0030617517988282,-0.0004201062359411,-0.005418925409529,-0.002371337
2024-02-21 00:00:00+00:00,-0.0013496506315792,0.0051554309090921,0.0026471946070289,0.0185008516772584,5.7082510397180646e-06,0.0060357730758412,0.0050239056222706,0.0053482346778104,0.0075287461313267,0.0119909799542397,0.0132225792841876,0.0012523865501874,0.0006306145182317,0.0014745384626384,-0.0011566001017928,0.013961428000000001
2024-02-22 00:00:00+00:00,0.0045876724962612,0.0129067525152986,0.0122846002562579,0.0058827595074075,0.0095917774553399,0.0124584876964714,0.0112156887513102,0.0126197400754782,0.0121424976167067,0.0059449715701045,0.0036567213018662,0.0016084270821764,0.0069120016350565,-0.0005680547914554,0.0040033018680663,0.0036014500000000004
2024-02-23 00:00:00+00:00,-0.005498761464089,0.0077641557135139,-0.0011121202020681,-0.0031937052494604,0.0019437494529201,0.0027515065513241,0.0072550398968406,-0.000417296971072,0.0065681322422026,0.0003665862887945,0.0039626376079934,-0.0041093469198841,-0.0008494264338229,-0.0018286109496775,0.0007901940793761,-0.00013843400000000005
2024-02-26 00:00:00+00:00,-0.0166733663210999,-0.0038012454493275,0.0004190354698403,0.0069587125268886,0.0001110200886881,-0.0070415529610145,-8.683910303822887e-05,-0.0022784977574048,-0.0020575597737416,-0.0072928641581014,-0.0078311026144843,-0.0004875452198043,0.0058143757609171,0.0007496033938942,0.0053116531636151,-0.013578020000000001
2024-02-27 00:00:00+00:00,0.0080280656480166,0.0135487888582229,0.0083656481940247,0.0048725691055919,0.007736210596096,0.0048913846958932,0.0033183991683533,-0.0022054843550188,0.0007797043224842,0.0004838494771975,0.0216420240201016,0.0043157321600284,-0.0002016888402112,-0.0007676671545328,0.0032773855101847,0.0012380592000000006
2024-02-28 00:00:00+00:00,-0.005248607009329,0.0013593598335423,0.0009591852358235,-0.0063035833146766,0.0005587951010425,-0.0074061466073618,0.0023900061644804,-0.0071058126795515,0.0009419041863014,0.0104896555927024,0.0001672723951516,-0.0020434949632345,0.0014352960717167,-0.0012581382360376,-0.0006351931203123,-0.0016319102
2024-02-29 00:00:00+00:00,0.0109668926661458,0.0058126216125182,0.0125154285053249,0.0123139531435728,0.0014059148948571,-0.0014495871087077,0.0035388786078908,0.0195085588972158,0.0154086161797462,0.0081616208472753,0.0050569000344367,0.0047855396992997,0.0030752119444001,-0.0018943127142034,0.0010994744293864,0.0075016931999999995
2024-03-01 00:00:00+00:00,-0.0038227613788427,-0.0017633481406319,0.0080792656138544,0.0164543302788907,-0.0022222505998781,0.0110774764590004,0.0043471138997142,0.0161173978924587,0.0059049662767841,0.0129668562271053,0.004991190152484,0.0041396745655265,0.004616139990627,0.0008715881756244,0.0029854622125952,-0.006518802699999998
2024-03-04 00:00:00+00:00,-0.0129755179056677,-0.00423129808228,0.0009401882369923,-0.0023400669862468,0.0082176995288564,0.005191529257522,0.0030089624122061,0.0020600955548109,-0.0001266025743952,0.0127649442753596,0.0206613207645451,0.0017631713849092,0.0034704057697774,-0.0022150317013318,-0.0001848575256115,0.0022855506599999994
2024-03-05 00:00:00+00:00,-0.0004788232824339,-0.0017074676168796,0.0045755291456086,0.0076486603562119,0.0007415335077778,-0.0068961019113155,-0.0106189206876585,-0.0096000472403061,-0.0098445292683784,-0.0114662141602542,-0.0018549753182836,-0.0010589797486077,0.0002757099526471,-0.0021562639495103,-6.341165170594699e-05,-0.0004194499999999997
2024-03-06 00:00:00+00:00,-0.0015192754529969,-0.0004004260309835,0.0074217709528096,0.0027295813555447,0.0049191657123952,0.0090342759924845,0.0069270972837845,0.0066533986786274,0.0076321372894812,0.0042865557257107,0.0116795879168899,0.0015974591519904,-0.0007403629717482,0.0005233405686724,0.0006738072657783,0.009872899
2024-03-07 00:00:00+00:00,0.0086382143286438,0.0027116618761042,0.0081709507551813,0.0101408205698229,0.0007418967515459,0.0125028348197245,0.0076485780169134,0.0083217866503183,0.0132201926401562,0.0001808948375402,0.0083315510062689,0.0034982615129564,0.0008177973525364,0.0010900414511689,-0.0008175895190389,0.0062849277
2024-03-08 00:00:00+00:00,0.0040114269329462,0.001777834394664,-0.0011689254141316,-0.000508755048047,0.0025059038912985,-0.0009403732576115,-0.0021223787861672,-0.0122897156218132,-0.008328210106546,0.0085900036750962,-0.0049493851885886,-0.0006071025990177,-0.0050457907701247,-0.0008628545212714,-6.155242852061082e-05,-0.0081298172
2024-03-11 00:00:00+00:00,0.0119362522653971,0.0034052636390272,-0.0016183086061526,0.002784113579782,0.004355418984609,-0.0020935060330441,-0.0026858012317238,0.0069901848861162,0.0113997555364478,-0.0039854830159568,-0.0024074084071268,-0.0043969810555437,-0.0076065083643462,0.0023978754286503,0.0002596634362243,0.015630729
2024-03-12 00:00:00+00:00,-0.0026533821508136,0.003730257400741,0.0064445320110146,0.0037222772853025,0.0009083090194879,0.0026500187032366,0.004434127042391,0.0048222958900675,0.0014321292228521,-0.0030694544323127,-0.0022379550184428,-0.0004430983976126,0.0074249839937792,-0.0005476274469469,8.02349862407348e-05,-0.002773067
2024-03-13 00:00:00+00:00,0.0059422572140542,0.0094966430292834,0.0010817326561945,0.0165449088405517,0.0057891402553222,-0.0042677365714174,0.0019247743883883,-0.0110520311361836,0.006030139056096,-0.0010953867286693,0.0024417860686734,-0.0001914997477701,-0.0007141003116133,-0.0013405499083936,0.0025233786702781,-0.0020723850000000004
2024-03-14 00:00:00+00:00,-0.007477461135442,-0.0106079371938882,-0.0160158897901477,0.0031200110130671,-0.0123830561162256,-0.0096186112970536,-0.0054906890728405,-0.0138726965225403,-0.0066061066120085,-0.0133343320951116,-0.0099511191066746,-0.0051740251806165,0.0019932633936087,7.850411281205537e-05,-0.0016631074421877,0.0070382394
2024-03-15 00:00:00+00:00,-0.0063844438555239,-0.0015268281822605,0.00385890505779,0.004475043864648,0.0021043271371235,-0.0027871903228044,0.0011759728915591,-0.011088998803082,0.0032682709476015,0.0017387117625103,-0.0011411242757881,-0.0006111237003533,-0.0014285534745778,-0.0009319873716536,0.0014533607760134,0.002492588
2024-03-18 00:00:00+00:00,0.0131145632577736,0.0008078080327115,0.005003975320838,0.002364151495502,0.0018112887703772,0.0002063465044504,0.0019216584679985,-0.0015479183723255,0.0031795340153244,0.0033913150192241,0.0078118712441139,-0.0016767044438312,0.0007595739205644,0.0005183176566429,0.0026090288034684,0.002088088999999999
2024-03-19 00:00:00+00:00,0.0055198964485294,0.0121476777609756,0.0049230523050809,0.0125840865238735,0.0007872753297863,0.0068211774703822,0.0061468591113751,0.0073992532090722,0.0033091410363147,-0.0019925119186594,0.0052689080254868,-0.0011035748553538,0.0008681210115512,-0.0018862913201265,-0.003156201802195,0.003047374499999999
2024-03-20 00:00:00+00:00,0.0099105809275629,0.0117400400939833,0.0104358803858202,0.0104810525041804,0.019256080365608,0.0017183584068867,0.0142166783285823,0.0120531244025521,0.0128309378896858,0.0096127777296386,0.0114784709367341,0.0076466079281823,0.0020611838209718,0.0033079567399028,0.0032839234327055,-0.006676723999999999
2024-03-21 00:00:00+00:00,0.0056730514196168,0.0028856616907079,0.0078983770552573,0.0097664610682659,0.0069862592881321,0.0052620019505224,0.012854746040738,0.0034736579987033,0.0016115196693706,0.0043176011542371,0.002352228360734,0.0056351160312712,0.0017339435639434,-0.0016065089975471,-0.0014820986836901,-0.002026389
2024-03-22 00:00:00+00:00,-0.0055029232622277,-0.0051003400343591,-0.0060060188318015,-0.0050616496218539,-0.012727645426577,-0.0054739666962884,-0.007532270141454,-0.0027969417156655,-0.0075234685026229,-0.0106085340349028,0.0007736795989184,-0.0031075077762979,0.0018142920828383,-0.0007632508381448,0.000227139677214,0.006417346
2024-03-25 00:00:00+00:00,-0.0009450412935933,-0.0068840077889521,0.0016134431717877,0.0126851060014856,0.0052430902990309,-0.0027531083919977,-0.005432996557898,-0.0078383118351877,0.0016353863565147,-0.001928836960286,0.0079473877927127,0.0002181038558073,0.0003177463714485,0.0015086937032855,0.0058575186916035,-0.0051707454
2024-03-26 00:00:00+00:00,0.0009493241294895,0.0023685328056337,0.0020960729200169,-0.0126788120309148,0.00179664287385,0.000593795450001,-0.0013208431911336,-9.861731624495138e-05,-0.0019196441833252,-0.0031874743295176,-0.0114405271019644,-0.001519818992938,0.0010719204662498,-0.00039399108479,-0.0006812874289533,-0.007382566000000002
2024-03-27 00:00:00+00:00,0.0079572127343114,0.014129666807674,0.0088334443918325,0.0108957777885679,0.0114327552015943,0.0142669147664662,0.0135472897276868,0.0124154589502234,0.0146157839063936,0.0117302500502625,0.0185836383273064,0.0034565685996117,-0.0071054311201111,-0.0018392830924802,-0.0029966391998105,-0.004560164
2024-03-28 00:00:00+00:00,0.0035644423591102,0.0021450390676562,0.0038249048374979,0.0108745456122641,0.0060739383109004,0.0014383265005013,-0.0032734877170623,0.0007015685734549,0.0033649195081806,0.0054804023533827,0.0073206622628015,0.000874195553812,-0.0017140575156416,-0.0011838955133872,-0.0006583497979146,-0.00126801
2024-04-01 00:00:00+00:00,-0.0006994863557162,-0.0065690660732759,-0.0044716806883356,0.0084580803626527,-0.0099751147672728,-0.0135299528377785,-0.0109883281133157,0.0022518791865229,-0.0015529804007589,-0.0143199407283006,-0.0030300890269985,-0.0011921148270466,0.001786023190383,0.0002281865407671,0.0007770284548907,0.008204939
2024-04-02 00:00:00+00:00,-0.0023785404403742,-0.0141731477543482,-0.0060395658366067,0.0093404214545777,-0.0073496731929222,-0.0148947656944737,-0.0086867696161976,-0.0092886988627194,-0.0035322977417666,-0.0082236645064691,-0.0009489297432926,-0.0040443576512263,-4.991633202112912e-05,-0.0005039171717357,-0.000740927847583,0.0033827024000000006
2024-04-03 00:00:00+00:00,0.005952762660558,-0.0049299543713357,-0.0036728103508565,0.014068802254981,0.0009995607652882,0.002113088830208,0.0033996457544222,0.0031576097931785,0.0066155324906412,0.0053950950572867,0.0033362173077875,0.0012576678307758,0.0050116943093219,-0.0010142158328709,0.0027837591656335,0.0010481149000000003
2024-04-04 00:00:00+00:00,-0.0129781439397456,-0.0143022891781708,-0.008163942794094,-0.0045695169674516,-0.0120317960028203,-0.0135586088144846,-0.0087050032331705,-0.0118760620574597,-0.0098489898044795,-0.0122326733893504,-0.0084455777947105,-0.0008402331644146,-0.003873175567362,-0.0014180738663185,-0.0015949568472245,-0.004664481999999999
2024-04-05 00:00:00+00:00,0.0047799659452656,0.0052924505433825,0.0026575551943904,0.0101448900342469,0.006094639165141,0.0082527564568053,0.0100758319509079,0.004193596771424,0.0086521828520319,0.0111555604357253,0.0076999855820544,-8.984722737598801e-05,0.005658551731781,0.0007209653160149,0.0014127112921867,0.004236602000000001
2024-04-08 00:00:00+00:00,0.0069011320739976,0.0020884132730813,8.25362623158942e-05,-0.0034638801087941,0.0093439557278209,0.0008184387057674,0.001288386345646,0.000531130511483,-0.0005210873777106,0.0097508598336838,0.0075981942403212,0.0043098047655436,-0.0034560475250212,1.5028222855740458e-05,0.0003004494682895,0.0004567579999999999
2024-04-09 00:00:00+00:00,-0.0026984093508346,0.0028571440732682,0.0032030577063302,0.0004706920210542,-0.0075303246844133,0.010089345881413,0.0005620243146329,0.0100609206466351,-0.0002189404626085,0.0044367668705876,-0.0013498999991102,0.0058095185810769,-0.0089400915374021,0.0011442946524373,-0.0030460067577314,0.0004796211
2024-04-10 00:00:00+00:00,-0.0161117521455135,-0.0204925369151216,-0.012485269735262,-0.0022860357713293,-0.0147651504950012,-0.0185307096642152,-0.0125086076240295,-0.0213160913128709,-0.0092500550392283,-0.0273101648036521,-0.0168767259873989,-0.0094885857607335,0.004289015179488,0.0011523331720244,0.0048814266527256,0.0020156425000000004
2024-04-11 00:00:00+00:00,0.0056087894295135,0.0011422800953597,0.0042484316596459,0.0035333980837829,-0.0121112853380115,-0.0007552222100032,0.0027519530445912,0.0053635844385204,-0.0013286857475405,0.0028458530822762,0.0068266211339598,0.0049369537112487,0.0029661402301318,0.0045375900008977,0.000891049762627,0.0008282779000000001
2024-04-12 00:00:00+00:00,-0.0181337107398595,-0.0166017902669946,-0.023063364252531,-0.0197001033807236,-0.0123479615663246,-0.0201698716796118,-0.0118630336405048,-0.0225099991896145,-0.0191421226669586,-0.0102265394547425,-0.0135747183937581,-0.0053467505679202,-0.0002516253483914,-0.0013173261982626,-0.0029831380054894,-0.0030751054
2024-04-15 00:00:00+00:00,-0.0119974246381558,-0.0103408025646601,-0.0077332893624051,-0.0166408265771718,-0.0085218992952359,-0.0072278805074716,-0.0083513564743852,-0.0093084447948763,-0.0071240258344501,-0.0186334912892584,-0.0150585327752833,-0.0025600456301274,-0.0018890065740359,0.0001296332530425,-0.0034287990262345,0.0027046558
2024-04-16 00:00:00+00:00,-0.0011131727730249,-0.0035893736721256,0.001560468677618,-0.0100572931708057,-0.0017843320454578,-0.0023433748106103,-0.002155841554593,0.0023697446936054,-0.0078403313133877,-0.0082588664451014,-0.0058033556580437,-0.0030280619401664,0.0036012051683884,0.000994591257199,0.0046163883662475,-0.00361404355
2024-04-17 00:00:00+00:00,-0.003142102468501,-0.0019501323527817,-0.0022883752277351,-0.0076019067826185,-0.0013943626774792,-0.0117129294479906,-0.0054904504697146,-0.0107534012142572,-0.0015654979022177,0.0001727570857888,0.0131248867591559,-0.0030025313619219,-0.0042288596555839,-0.0005613965156146,0.0002205487420687,-0.005520816999999999
2024-04-18 00:00:00+00:00,-0.0018367263108278,0.0023090201556862,0.0021179231699241,-0.0042308788254933,0.0052816861620514,-0.0041862503064276,-0.0021814551953792,-0.0085050945995149,-0.002200313235874,-0.0014485219943181,-0.0001246812784421,-0.0020846055613648,-0.0037055178051231,-0.0017027689500446,0.0004170943663279,0.0073753772999999995
2024-04-19 00:00:00+00:00,-0.0011013614424736,0.0038445873946349,-0.0020429775388242,0.0052794385800545,0.0121211927136781,-0.0002039869885094,-0.0003197043740541,-0.0088529954180237,-0.0001951124787111,0.0003508765458407,0.003548280496667,-0.0049873037608982,-0.0070563983737854,-0.0044212592890935,-0.0030792981351765,-0.005734679
2024-04-22 00:00:00+00:00,0.0036457383255067,0.0071151775363123,0.0136854646763184,0.0094810137826188,0.0142183910752927,0.0093235675374818,0.0076347871097459,0.0073955557911789,-0.0062925471641099,0.0105258687819239,0.0132629733865789,0.0037086834174332,0.0018873979136474,0.0006220939487528,0.0003130992570402,0.0037853406
2024-04-23 00:00:00+00:00,0.0125785162138157,0.013913296614564,0.0120900380705667,0.0110349813043989,0.0059109085376691,0.0187091075919868,0.0117681998376871,0.0154273245410438,0.0037586495353236,0.0133078281043281,0.0135388371454509,0.0053149994529115,0.0048369123695443,0.0026687437153759,0.0040643859146706,-0.0059861789999999995
2024-04-24 00:00:00+00:00,-0.0079039902366751,0.0019275836354456,0.0038731215749826,0.0010298368021733,-0.0022713146367473,0.000623770296806,-0.0064393772307628,-0.0042382635626058,-0.0041605294211093,6.411204076497457e-05,0.003100977317645,-2.503933168033088e-05,-0.0032998930294121,-0.002637553196671,-0.0027938260223731,-0.018499461000000002
2024-04-25 00:00:00+00:00,0.0073472768479676,-0.0012917460782911,-0.0006443869423203,0.0072975543626038,-0.0078257440605222,-0.0098538771967068,0.0034889522669979,0.0094101898374914,0.0083220435029546,0.0009761985274551,0.0098558704617255,0.0015789566881556,0.0061219762053228,0.0026808920318987,0.003449409456816,0.026575040000000005
2024-04-26 00:00:00+00:00,-0.0028539721784102,0.001281030181482,0.0044613998882262,0.0020924013485111,-0.0013435242323205,0.0050294256785603,0.0015954567278282,0.0018889517365665,0.0099434620842785,-0.0008859095718421,-0.0072940393026536,0.0051886727690114,0.0010452599466364,0.0009985757718006,-0.0008906282932422,-0.00419728299
2024-04-29 00:00:00+00:00,-0.0006744017522206,0.0077262761552062,0.0057773985402295,0.0047396483087097,0.0010239736994439,0.008138942750938,0.0073391855653044,0.0049877874166027,0.0113047963686951,0.010091691213635,0.0161861771381041,0.0010998284553101,-0.0017530265367312,-8.485666965009623e-05,0.001013685721077,-0.006625934000000002
2024-04-30 00:00:00+00:00,-0.0168546353528021,-0.0196499772618928,-0.018672755249243,-0.0402388071909987,-0.0129323920542758,-0.0133800425748229,-0.0172590948701663,-0.0170702031263609,-0.0203824754154206,-0.0153181701722542,-0.0119611381244024,-0.0067017826495993,-0.0014194513164687,-0.0031986845053416,-0.0002469040945149,-0.002974021
2024-05-01 00:00:00+00:00,0.00751698031056,-0.0002597524477755,-0.0096531255130586,-0.0186833171866928,0.0082465752732494,0.0037770059128054,0.0025245129075648,-0.007937884522453,0.0040191874202222,0.0012775875681575,0.011426457376573,-0.0002397741226256,-0.0011735640066824,-0.0002471177992982,0.003181145041263,0.007841744000000001
2024-05-02 00:00:00+00:00,0.0063681055504155,0.0033117982145785,0.013588843675628,0.0106009842474808,0.0047920456763849,0.0061706219911824,0.0026676792525535,0.0050210314004483,0.0024806030538147,0.014451895011875,0.0137393481150443,0.0044945094280135,0.0013793538784907,-7.736003330783928e-05,0.0030504842374901,-0.0007904390000000002
2024-05-03 00:00:00+00:00,0.0136456643606162,0.0069797931677179,0.0063066104101052,0.0041422637666673,0.0046797735430423,0.0047899348640028,0.0084778936126838,0.013034003772043,0.0107330977706037,0.0046889995224987,0.0099938412012749,0.0037153526449821,0.0018220904212086,0.0005557386033259,-0.0007282021421624,0.0038373705000000003
2024-05-06 00:00:00+00:00,0.0106531848502153,0.0055052203604682,-0.000204522148442,0.0117187480112792,0.0118632698703473,0.0022138724409205,0.010168046044165,0.0123283585202304,0.0083800631331883,0.0055275726828522,0.0044328777050384,0.0011509469208872,0.0040408404748836,-0.002087513496089,0.001681625427558,-0.00016136300000000047
2024-05-07 00:00:00+00:00,-0.0013983333238995,-0.0033093158813632,0.0044813318336172,-0.0071324614581549,0.0007407122669137,0.005486325147929,0.0020707436532153,-0.0013487249919675,0.0106536847288995,0.0071996290039684,0.0038005353613812,-0.0055289819549792,-0.0012071349675467,0.0011760077504386,-0.0017829842167043,0.004404211699999999
2024-05-08 00:00:00+00:00,0.0034734357999336,-0.0060224247529633,-0.001501438394559,0.0006553487095268,0.0020928855462716,-0.0047258171892346,-0.0003052655894726,0.0021415735332678,-0.002373739950102,-0.0023432628957226,0.0109932880323245,-0.001822927435896,0.0011667045713904,-0.0009806042841021,0.0024792466375803,-0.00431630462
2024-05-09 00:00:00+00:00,0.0068860418835474,0.0129193573041246,0.0108232655571772,0.0140501573693607,0.0070828805288371,0.0142775224353598,0.0088961146949519,0.000173994200001,0.0127611540411894,0.0134660981552899,0.0161318028843982,0.0022586621447341,0.0017621941555925,-0.0015472051759766,-0.0001345709108539,-0.0022546879000000003
2024-05-10 00:00:00+00:00,0.0095916852790563,-0.0016421585275106,0.0054224508430694,-0.0116742510633138,-0.000793402907609,0.0047153672769106,0.0010995021136679,0.0087941417883848,-0.0031144030791303,-0.0069130008129776,-0.0058525341298694,0.0003951773280665,-0.0001984694823629,-0.0017430422913737,-0.0047583191155845,0.003698905000000001
2024-05-13 00:00:00+00:00,-0.0013985134711792,0.000807469785584,-0.003433898908729,0.0011403511677687,-0.0033089010732139,-0.0028700534783489,-0.0023779632727979,0.0029168129216921,-0.0005017345781091,0.0016630176281824,-0.002182511541177,0.0003969342387179,-0.0052252690743999,0.0014909763812211,0.0015497047794006,0.0001967199999999999
2024-05-14 00:00:00+00:00,0.0035058151288907,0.0002788533862571,0.0012462669171437,0.0070786936592906,0.0083959609955769,0.0068584606724914,0.0013663125143189,0.0073333826955413,0.0039415453455777,0.0058027126706725,0.0045083516956504,0.0042890263904871,-8.798544358124721e-06,-0.0001456353558173,0.0019674876928797,0.00633109436
2024-05-15 00:00:00+00:00,0.003056778475754,0.0017648163807715,0.0045598249457919,0.0010302816232966,0.0086183751145392,0.0176205303975439,0.0054438252871101,0.0185382367854501,0.0031226867293229,0.0174032758863505,0.0200796423835758,0.0049310193966634,0.0064421581704608,0.0019769715564781,-5.296470942016627e-05,-0.008398428
2024-05-16 00:00:00+00:00,-0.001042700191028,-0.0023221459101032,0.0025536697828896,-0.001422238803436,-0.0029056090247,-0.0037925191848213,-0.0071168305399097,0.002964486121008,-0.0043188687847023,-0.0056094265322412,-0.0074746618768572,-0.0054221462628281,-0.0054920755811732,-0.0005374307334533,0.0011500678512647,0.0051486667
2024-05-17 00:00:00+00:00,0.0009302989711494,0.0019426162752896,-0.0069728601128081,0.013276096235931,0.0076257914230954,0.0003632847514801,0.0010421303689648,-0.0024566561477091,0.0039203998946754,0.0022111629942406,0.0012262759897873,-0.0014083263217107,0.0006519375650496,0.000267868076075,0.0015365508977959,0.00035042000000000027
2024-05-20 00:00:00+00:00,0.007525226464087,-0.0016495227492491,-0.0039310275916536,0.0004155652017122,-0.0049643389309033,-0.0008553564387552,0.0017444454767885,0.0060338580762214,0.0010687101629764,-0.0054585181316858,0.0007378185033432,0.0024748719055092,0.0024171829669116,-0.0001469469382217,0.0018891186277509,-0.0079889687
2024-05-21 00:00:00+00:00,-0.0021504467163741,-0.0038189906410945,0.0046529619974644,-0.004905862166656,0.0012245138182178,-0.0027940526954502,-0.0029157704345725,-0.0013181648654614,-0.0004685044625393,0.002615245334873,0.0092022018793042,-0.0007619247560489,0.0026436375552175,0.0007663525610213,-7.869808258800716e-06,-0.005558694
2024-05-22 00:00:00+00:00,-0.0053444524790236,-0.0160674000825523,-0.0086853244183533,-0.0189934275280661,-0.0038356958868596,-0.0004335931634981,0.0021316972640753,0.0126833323772464,-0.0059876338699158,-0.0044629686447649,-0.011247445363281,-0.0010436398744006,-0.0009295095486736,0.001672415436209,0.0008859497659004,-0.00039493700000000026
2024-05-23 00:00:00+00:00,-0.013389471115539,-0.0058385692257883,-0.0126518282387852,-0.0111141407627123,-0.0196670389983324,-0.0145014302761696,-0.0134965084090184,-0.0128906441282868,-0.006948512087283,-0.0156442446885161,-0.0201210843434263,-0.0045002531342475,0.0045025416485824,-0.0005697874286633,0.0005914328360121,-0.0049151092
2024-05-24 00:00:00+00:00,0.0118902676186747,0.0072701044459815,0.0070300997517245,0.0061211872483394,0.0104787078480068,0.0026820006494002,0.0069689455698763,0.0030356130035167,0.0082564373062689,0.0057458660430768,0.0144647713903651,0.0017883934143884,0.0043813188317479,-0.0009742153812846,0.0059419817465867,-0.00012852799999999999
2024-05-28 00:00:00+00:00,0.0001956298333127,-0.0066038537069341,-0.0079847187431637,0.0121990537292757,-0.0096834280665658,-0.011603852603357,-0.015037419410466,-0.005738472340953,-0.0037167583146959,-0.0065143772755918,-0.000230539623285,0.0005548080681137,0.0010568822264003,0.001702060872599,0.0023078890209931,0.00985125558
2024-05-29 00:00:00+00:00,-0.0033858107788963,-0.00850570419973,-0.0132147404409527,-0.0226971456831561,-0.012364077806668,-0.0128041819070578,-0.0149221889147928,-0.0137552666825403,-0.0169125697115528,-0.0088283748633915,-0.0144374425532745,-0.0041262592826132,0.0016183878078139,-0.0013287332203579,0.0005950968232321,0.0007663915
2024-05-30 00:00:00+00:00,0.00903587878271,0.0151746164951013,-0.0051532895989304,0.0038505389491904,0.0067051739046388,0.0014439998503672,0.008625217084817,-0.0110683277675332,0.0067855646490376,0.0086908970959839,0.010877539961853,0.0013504396505291,-0.0042275869879475,-0.0016952411478788,-0.0019732717450261,-0.0006525977999999995
2024-05-31 00:00:00+00:00,0.0126530086952985,0.0156162828404078,0.0168140086561414,0.0173184380606541,0.0107504448571238,0.0095578066090671,0.0131422350537913,0.0107400494782209,0.0125973121978304,0.0143141949813166,0.0137714647970285,-0.0010458026745156,-0.0051824528563303,-0.0006676929401967,-0.0047106546868451,0.0008941559999999999
2024-06-03 00:00:00+00:00,0.0001531691265288,0.00196030673718,-0.0035818792091627,-0.0244751070149981,-0.0060460407306212,0.0021881267536156,-0.0124444867955548,-0.0007448151691714,-0.0051738810326308,-0.0017751634137264,-0.0114151427124793,-0.0016050642486709,-0.0023471691103039,-0.0005780170775156,0.0018558141348554,0.008052538500000001
2024-06-04 00:00:00+00:00,0.0001146793307805,0.0009125035089803,-0.0023641111993369,-0.0120728743947395,-0.0045687123962368,-0.0014083241099881,-0.0041916268884445,0.0009889916694596,-0.0147667103162659,0.0086305955784849,0.0012414717914094,-0.002890773009767,-0.0016167975026414,0.0032579767413362,-0.0014527389187576,0.003157604
2024-06-05 00:00:00+00:00,0.006994885549704,0.0045766596391038,-0.0009124452228993,0.0050296089532599,0.0037466408254636,0.0109126182147325,0.010919969466183,0.0147197013591898,0.0056741939369441,0.0027282938951464,-0.0019996741756493,0.0043847400837692,0.0056556912230072,0.0012744337979017,0.00164891311995,0.003793933
2024-06-06 00:00:00+00:00,-0.0028695212443493,-0.000313575654144,-0.0003244330118467,0.0027689990491392,-0.0012257947685566,0.0010067203130663,-0.008200054600179,-0.0031726248555614,0.0012582626784856,0.000347754983249,-0.0122027129993142,-0.0009286123102002,-0.0028859231730006,0.0012493690573735,-0.0010206283522357,0.008104025
2024-06-07 00:00:00+00:00,-0.010231883157208,-0.0016793128962408,-0.0093628046732999,-0.003020962738596,-0.0004215782443409,-0.0030090109655852,-0.0011142261726486,-0.0008524540925553,-0.0093055396673539,-0.0058339684412952,-0.0111433932315251,-0.0030957123029547,0.0004851268717058,0.0003816311019892,-0.0006829186690692,0.000564029
2024-06-10 00:00:00+00:00,-0.0051784895177014,0.0015735455705325,-0.0004512367355491,0.0234991185126389,-0.0003282468804399,0.0010880021761272,0.003814655405172,0.0078020414048186,-0.0011124274098266,0.0078064979501162,0.0125091187459145,0.0005317876089305,0.003845184807159,-0.0007910593339206,0.0032413971541823,-0.0049455777777777776
2024-06-11 00:00:00+00:00,-0.0058276675197356,-0.0043668988233641,-0.0024512544654818,0.0009774035069439,-0.0116008144823845,-0.0043620383663751,-0.0056977527378623,0.0060870532829315,-0.0033520252349633,-0.0002843214110696,-0.0018241122695133,-0.0035213670488873,0.0003595729594089,0.0005991883148438,0.0013879214655275,0.014724258
2024-06-12 00:00:00+00:00,-0.0025176268248699,0.0075256734504829,0.0011801598589466,-0.0039649493337139,0.0072405125548911,0.0053968914180011,0.0120147725378198,0.006007638020219,0.0020429587788134,0.0039552429783808,-0.0026048813276495,0.0085152690088316,0.0025948140430858,-0.0002832961262457,0.000204482085681,0.016796486000000003
2024-06-13 00:00:00+00:00,-0.0076708833269261,-0.0013340840407934,-0.0034871726104819,-0.0105226780054855,-0.0074962275079861,-0.0019414380319145,-0.0047322495311111,-0.0001548774520717,-0.0037327143557763,0.009522739034669,-0.0005595020975872,-0.0029403844023236,0.0019659125981605,0.0011504969675578,0.0003122756954454,-0.002955887
2024-06-14 00:00:00+00:00,0.0006067325557054,-0.0108830318036161,-0.0066467767164144,-0.0153466470460709,-0.0066101969461149,-0.0044722050346932,-0.0105720140103063,-0.0010319704245296,-0.0093740658654013,-0.0011822380781059,-0.0043492474367214,-0.0035507301416337,-0.000473093106797,0.0025505718563806,-0.0031786313991974,0.0072752914
2024-06-17 00:00:00+00:00,0.0050509830704009,0.0168216330383835,0.0140613055997261,0.0077185818940218,0.0107293512566701,-0.0022726266670395,0.0105991262998664,0.0143767002399397,0.0081538928261437,-0.0017571276025793,-0.0120738375093026,-0.000912441336536,0.0018824852879997,-7.697834681942079e-05,3.1748322314107887e-05,0.005585929
2024-06-18 00:00:00+00:00,0.0025653513562935,-0.0010360447144371,0.0001606982821761,0.0042277794996761,0.0025657671499527,0.0020698574231546,0.0045758936762705,0.0069761818759401,-0.0027385806813791,0.0061470195287529,0.0046200248361592,0.0006266571099476,0.0048618358937047,-0.001475068397973,-0.0004485335587626,-0.007048285
2024-06-20 00:00:00+00:00,0.0018904055358687,0.0003919664387106,-0.007253885110811,0.0129965244113349,0.006758958628548,0.0016095588351898,-0.0012631851052155,-0.0072828856361369,-0.0035365565568368,-0.0010341736782868,0.0050320142570755,-0.0040155087672961,-0.0049825932847093,0.0012719313709239,-0.0001396856992787,0.008584417
2024-06-21 00:00:00+00:00,0.0101548169681642,0.0074766986954214,0.0002958315788433,-0.0081844087936053,-0.0003899333547114,0.0025388829050905,-0.0010822236820275,0.0042633475200492,-0.0002879221866043,-1.0110252610695984e-05,-0.0077317588351601,0.0001406449856664,-0.0033270900285618,-0.0008411646413522,-0.0004522245363005,-0.012387165
2024-06-24 00:00:00+00:00,0.0029743781957927,0.004854801228494,0.0090377588179303,0.0229027703902002,0.0076587932839114,0.0003456750740805,0.0053734273828783,-0.005975147308432,0.0071647954398472,0.0025750347987269,0.009943080865957,-0.0002276733300523,-0.0025696592891419,-0.0025927532426907,-0.0019122100542012,-0.0010546930000000002
2024-06-25 00:00:00+00:00,0.0041179328576707,-0.0086835846859392,-0.0063415155045914,0.0063913476236951,-0.0054558299804415,-0.0069425149794631,-0.0079759606814396,-0.0013517635059855,-0.0125308582545641,-0.0054645411980263,-0.0053477954690714,-0.0012232782269432,0.0043069141783868,0.0020081367293498,0.0053565210859679,0.0023184993999999996
2024-06-26 00:00:00+00:00,-0.0012632423713954,-0.0035922736147035,-0.0068024266152936,-0.0133356171496752,-0.008282938684297,-0.0038197397999809,-0.0062311487874762,-0.0062590335102201,-0.0019916388815691,-0.0080327027780771,-0.0050937017702326,0.0016481832196199,-0.0038501298169928,0.000847763622299,-0.003248305980112,0.004672230000000001
2024-06-27 00:00:00+00:00,0.0043608488760841,-0.0019377989345962,0.0032354015187298,0.0045164606673064,0.0042717140306852,0.0003225285892223,0.0025450542732676,0.008539591136844,0.0009340166832945,0.0110818493870208,0.0071717524199755,0.0013741785449763,0.0016543064967543,0.0013330797710434,0.0023334326493729,0.0075196609999999995
2024-06-28 00:00:00+00:00,0.0032001424228932,-0.0005218076987242,-0.0038483240888488,0.0067753461124028,0.0044873147695136,-0.0038694025028592,-0.0010423997585529,0.0068206030788278,-0.0021149441060103,4.334228490135847e-05,-0.0103849731912765,0.0029229437217487,-0.003795583768468,-0.0009986029642883,-0.0034133581292947,-0.0013674359
2024-07-01 00:00:00+00:00,-0.0100876498042613,-0.0170549527916387,-0.0061670659210426,-0.0010977249748182,0.0012939428494393,-0.0120399738169571,-0.012964368031812,-0.0049894469352769,-0.0111503291909401,-0.0047604460247964,-0.0043699797407749,-0.0034232605731746,0.0013061241276978,0.0027862706834631,0.0030441384950434,0.005151525000000001
2024-07-02 00:00:00+00:00,0.007458703597054,-0.0003407456919742,0.005168088770242,0.0012286704560789,0.0081313424213278,-0.0018253190548096,0.0060870023197639,0.0078827504542568,-0.000547861550263,0.004301170259699,0.0045475337554923,0.0021204211683981,-0.0011410864777299,0.0018129669250723,-0.0006395756061708,-0.0007342599000000005
2024-07-03 00:00:00+00:00,0.001954956073088,-0.0025284244869554,0.0001320472574263,0.0065951277901688,-0.0030790834359414,-0.0010529770291203,0.0056229080580053,-0.0010541112838402,0.00693475110485,0.0010867604394502,0.0070778371575498,0.0023974216713079,0.0031951122138415,0.001043047198838,0.0019240639482956,0.001056133
2024-07-05 00:00:00+00:00,0.002495741739014,0.0009232724492445,0.0044467934898969,-0.015275487474306,-0.0055253470491561,0.0032395249597369,-0.0041262432508661,0.0014722648812536,-0.0027588611847261,0.0019600669073139,-6.248279264037277e-05,-0.0009898679909942,-0.0009689505656624,0.0022094511560071,-0.0009443389123451,0.014704317299999997
2024-07-08 00:00:00+00:00,-0.0056188375839814,0.0032203478899479,0.004129686269202,-0.0034373499708652,0.0007591528514052,0.0015478664854662,0.0021335923595827,0.0133168498666734,0.0032415945258087,0.0008381238358374,0.0018831145520126,0.0020266481951345,0.0019561892624713,-0.0012568669848072,0.0003363219967943,0.0028916050999999994
2024-07-09 00:00:00+00:00,0.0053335841177213,-0.0027109289893816,-0.0044690411558988,-0.0063039532776897,0.0047395866378482,0.0013518191916573,-0.0055087622774936,-0.0093232084733483,-0.010261633769359,0.0008000381359869,0.0029389875263881,0.0005254608800584,0.0016957556301556,4.528624344476489e-05,-0.0001758510649657,-0.0047039799
2024-07-10 00:00:00+00:00,0.0006951547472699,0.00567734830756,0.008818716390873,0.0050687899672089,0.0075536484133488,0.0090469090710704,0.0097321976739395,0.0116104852235185,0.0135092745336392,0.0028012349687105,0.0080712335324568,0.0036050108439543,-1.0199485428020615e-06,-0.0010809013334435,-0.0020015422028529,0.0078044351
2024-07-11 00:00:00+00:00,0.0045218427577295,0.0145373711778932,0.0085861211824003,0.0133326340478971,0.0071175823299409,0.0171971402185256,0.014851099223387,-0.001528140692218,0.0143847290529458,0.013777031796143,0.0165303977095748,0.0061293835833392,-0.0063770749855175,-0.0054063435357197,-0.0015968745366066,-0.007485851000000002
2024-07-12 00:00:00+00:00,0.0061412282954055,0.0157680120177953,0.0065027432584973,0.0060015222906755,0.0041610724557846,0.0046854476369746,0.0065829533032769,0.0152834067462618,0.0046426402964483,0.0041679238076522,0.0076049609668183,0.0021925017784026,-0.0016292400055396,-0.0010381613955805,0.0001510418750733,-0.0034662239999999995
2024-07-15 00:00:00+00:00,0.0043764843205517,-0.0046398390068402,-0.0050203477946516,0.0175537841945898,0.0171423755544264,-0.0074021674084623,0.0073140790892307,0.0016422067217981,0.0019305733539498,0.0056079925312298,-0.0209386627722922,0.000886457523007,-0.0001434521969737,0.0025731569257905,-0.0005109865450231,-0.007335542222222223
2024-07-16 00:00:00+00:00,0.0126857188438631,0.0240196157527811,0.0112328018220651,0.0016597854117483,0.0098959289327938,0.0222953735655211,0.0248829735934618,0.0140007848972661,0.0194027853401062,0.0038263972740049,0.0075693142955174,0.0061964104423706,-0.0033061463141276,-0.0041483092664925,-0.0021031668861403,-0.013053032000000001
2024-07-17 00:00:00+00:00,-0.0050851879169515,-0.0074136663223167,-0.0008036457805391,-0.0027281741489399,0.0036568202460355,0.0007450486895345,-0.0106605349517408,-0.0172205022273511,-0.0031054182222224,0.003410609035062,-0.0019792448940987,-0.0062545536070572,-0.0110843054712752,-0.0011476911426792,-0.0052353341194879,0.0027566492
2024-07-18 00:00:00+00:00,-0.0031533329840967,-0.0123245453022603,-0.0051650135837805,0.0008653647409712,-0.01007405070915,-0.0154171970229781,-0.007839861076564,-0.0093517411042241,-0.0124545751519802,-0.0079811934821939,-0.00369889370676,-0.0004526872376226,0.0021758566531733,-0.0017711472790101,-0.000126517167363,0.009582086
2024-07-19 00:00:00+00:00,-0.0048383205506307,-0.0046980326682403,-0.0026998023550241,-0.0042360072091219,-0.0089400242891627,-0.0010299140831066,-0.0059360632758665,-0.0195064584485736,-0.0077185146802039,-0.0031014534402357,0.0016022394743108,0.0009680909991433,0.0008724796867213,0.0006691223755082,0.0011689043617438,-0.003606084
2024-07-22 00:00:00+00:00,0.0040859155364669,0.005665028505391,0.0042919232571541,-0.0020861663143833,0.0101173700167511,0.0108129507959877,0.0104844828645729,0.0139350695477664,0.0066590402654735,0.009611180458357,0.0105446373082663,0.0031274873720599,0.0037699478458719,-0.0012536634279145,0.0004463698498867,0.0037631530000000004
2024-07-23 00:00:00+00:00,-0.0027734278047615,-0.0066615078731391,-0.0046458332642911,-0.0139924767310892,-0.0002680076721125,-0.0008146559472226,-0.0029860320338869,-0.0030247771432486,-0.0022520897316741,-0.0036691761996797,-0.0062944811887973,0.0005641336762296,0.0034739454692115,-0.0030875686783892,-0.000742182840996,0.004321684000000001
2024-07-24 00:00:00+00:00,-0.0152799870669037,-0.0173562101307559,-0.0119483623561063,-0.0134549630375901,-0.0113615671983499,0.0006792633289467,-0.0204582247417929,-0.0123601828860869,-0.0158760648060108,-0.018889753281561,-0.0004000645795577,-0.0068601150954748,-0.0066963137025304,-0.0016974032865657,-0.0031870364774869,-0.006355811899999999
2024-07-25 00:00:00+00:00,-0.0012281063387578,-0.0022663515664919,0.0003304201026982,0.0113041539235392,0.0056213513611435,-0.0104903744201495,0.0104366569991538,-0.0030317172181413,0.0031233526074878,-0.0111265518112298,-0.0085454943579859,0.000730797787211,-0.0041530716403503,-0.0029014900801584,-0.0050963422041642,-0.0028051219999999993
2024-07-26 00:00:00+00:00,0.0192099871072736,0.0109232718976617,0.0150098010874981,0.00732449838549,0.0137994119924979,0.0125002718060776,0.0152227040315306,0.0148769966211407,0.017663723490788,0.0174888877418475,0.0100216536059667,0.0025416774478124,-0.0006019778763382,-0.0021853603216959,0.0011920393471403,0.0023843004
2024-07-29 00:00:00+00:00,0.0078216703531138,0.0099563308767474,-0.0044308837681949,-0.0072429974723471,-0.0037027781977511,0.0061400994181625,-4.2849412045846285e-05,0.0002512467010647,-0.0015706291821811,0.001980839193008,0.0018589181210443,-0.0010135086771211,-0.0011430509011748,-0.001066422376184,-0.0016059159884801,-0.0012673729000000002
2024-07-30 00:00:00+00:00,0.0036227610949728,0.0046789799895255,-0.0032157491091008,0.0136845677217431,0.0134953006120888,0.0055639426651262,0.008465387279274,-0.0045735628145262,0.0055441637240068,0.0038445030327892,0.0151607253298921,-0.000893093937154,-0.0044765774332451,-0.0005914962123224,0.0007074045617795,0.0076020110000000005
2024-07-31 00:00:00+00:00,0.0107070385825619,0.0002968900209504,0.0084961916198227,0.0107538352673278,-0.0019665053055568,0.0007790551670652,0.0048329343612244,0.0108612581059488,0.0075386972531335,0.0017887463739925,0.0059509160173328,0.0050739071222234,0.0069170472954012,0.0041219980513358,0.0033540367590272,0.019052471999999997
2024-08-01 00:00:00+00:00,-0.0136177329145052,-0.0169716265400379,-0.0139465786605028,-0.0341701698984078,-0.0204185964250489,-0.0028597074972154,-0.0183092937349946,-0.0262816203732269,-0.0099787262497337,0.01256792492697,0.0048563008781763,-0.0141004550820382,-0.0012884423750804,-0.0061267687889393,-0.0019155260877934,-0.008260715900000002
2024-08-02 00:00:00+00:00,-0.0214322239882346,-0.0133423198245018,-0.0156921621454176,-0.0460137246711883,-0.0303196739231163,-0.0119978991393544,-0.0179041161966036,-0.0215332973360418,-0.0226448851203877,-0.0029369051984574,-0.0160906574125429,-0.0135645154032822,-0.0035179949935232,-0.0009475333622064,-0.0032697127526929,0.0144212535
2024-08-05 00:00:00+00:00,-0.0219974333285845,-0.0149900409197225,-0.0123209593087595,-0.0176137512068723,-0.0231302866458715,-0.0215450412035686,-0.0140524564445852,-0.0181885451458498,-0.0182125119739678,-0.0190063185074068,-0.0202870588130375,0.0001604366720611,0.0028063238551899,0.0026166713927379,0.0018466523404677,0.007125621
2024-08-06 00:00:00+00:00,0.0098681468600335,0.0045128515625563,0.0025104274537232,0.0090614809555842,0.005826587820818,-0.0003719293394543,0.0031378497589457,-0.000579708515165,0.0009802579979612,0.0108967512119586,-0.0021283130778348,-0.0020977714150204,0.0020068034861789,-0.0060305973012989,-0.0019377087268372,-0.0092831786
2024-08-07 00:00:00+00:00,-0.0085559123847781,-0.0089804341715987,-0.0135648979083306,-0.0018161808047218,-0.0007927347424267,-0.0186413978185855,-0.0053323897243609,-0.0045316120557349,-0.0120743243752266,-0.0061288495159949,-0.0014356363938241,-0.0075670751970157,0.0006965553447995,-0.0029113176554324,-0.0004532851698359,0.0001194479999999996
2024-08-08 00:00:00+00:00,0.035892675214806,0.0224143219050647,0.0253619552636654,0.0332857184051952,0.0202286952994107,0.028370917380652,0.0231849316435843,0.0329859299122566,0.0229701752036273,0.0193324892787715,0.0201548960708574,0.0096813771657806,0.0064129694710311,0.0047530905316554,0.0034129427515253,0.0013679809999999995
2024-08-09 00:00:00+00:00,0.0053572810945288,0.0015397670878444,-0.0008112610619284,-0.0007508225094932,0.0032684786183468,0.0001127980529151,-0.0003310548757704,0.0010004098462202,0.0001390105990347,0.002890989525758,0.001457372869569,-0.0012627190342909,0.0034696638580518,-0.0017249158962761,-0.0003362827107307,0.0003186064000000002
2024-08-12 00:00:00+00:00,-0.0111675756566626,-0.0052391067757961,-0.0092451727396331,0.0088691612507428,-0.0054948157570509,-0.005359599858643,-0.0049148236535247,0.0012523126105924,-0.0056206140170296,-0.0051361905747897,0.0006340063945397,-0.0033835386420411,0.0033607723509442,-0.0006018138145948,0.0023925616748952,0.0002287845999999996
2024-08-13 00:00:00+00:00,0.0099872210082499,0.0161258350433398,0.0142534662395403,-0.0077296489041576,0.0105584096715612,0.0143876332567931,0.0124104322884063,0.0179924138966461,0.0108504515939561,0.0118925961330053,0.0134012172229805,0.0063138837493092,-0.0015638001959776,0.0030718872915336,0.0020843376982443,0.0029090576000000007
2024-08-14 00:00:00+00:00,0.0019943372897748,-0.0010323766604592,0.0025405264389043,0.0048753070734336,0.0126622508900494,-0.0016752137695273,0.0031475913143674,0.0063400959685114,-0.0020110108077377,0.0026972268751678,-0.0018824486276409,-0.0035822174569312,0.0024011889012231,-0.0010775106488422,0.001330033879803,-0.0025422921000000003
2024-08-15 00:00:00+00:00,0.0044109157012696,0.018629327460707,0.0183178364278315,0.0154095666895873,0.0115102600839664,0.01487138762579,0.0135564165723655,0.0183585958105776,0.0180410511117978,0.0030726721848688,0.0123093163973435,0.0101914508298181,-0.0022284877525172,0.0034499851502422,0.0014833954967793,-0.0021744089999999995
2024-08-16 00:00:00+00:00,0.0075847917459669,0.0016560717374431,0.0012969946299339,-0.002116665452148,0.0065897491819027,0.0023037618985835,-0.0030066578305838,0.0025056473699351,-0.0013675556009835,-0.0006978405752061,0.00029297169128,-0.0017983502862486,-0.0009713865972447,-0.0010623993161659,0.0009168829885979,0.0025522834
2024-08-19 00:00:00+00:00,0.0106914551403454,0.0086714708326181,0.0067623684265332,0.0095585278999942,0.0067225671350312,0.0085973466011268,0.0057265001749194,0.0086670213533215,0.0060508240213285,0.0070033690819738,0.0078181489112989,0.0020693791853108,-2.369167079183077e-05,0.0006729954265112,9.928072597844955e-06,0.0031791452000000005
2024-08-20 00:00:00+00:00,0.0018647718104992,-0.0020821036888533,-0.0044704488695101,-0.0285118173912405,-0.0062506890040925,-0.006024704978761,-0.0027783553499714,0.0018882384519598,-0.0041877095174565,-0.0023557636919232,-0.0070010317381145,-0.0027813052821086,-0.000771970698211,-0.0007147398583399,-0.0025365396822107,0.0023969300000000002
2024-08-21 00:00:00+00:00,0.0073303443197695,0.0161485971350806,0.012441011664235,0.0042833143821002,0.0004863855008771,0.0060682240075845,0.008927777092149,0.0091151169204905,0.016834492090179,0.0074620996645067,0.0113694742066055,0.0021373631219101,0.002780238352112,-0.0007696376877427,0.0022230790903143,-0.0057883698
2024-08-22 00:00:00+00:00,-0.0042949431806271,-0.0040323999464186,-0.0078572291725806,-0.0016559866794461,0.0043325642185204,-0.0029276103266431,-0.0012782548622313,-0.0092143536226294,-0.0040867883023115,0.0026903371303334,-0.0050432348692855,-0.0040763469572068,0.0001074425365254,-0.0020357360661048,-0.0016958490733628,3.2255199999999853e-05
2024-08-23 00:00:00+00:00,0.0122074564260708,0.0138851882309453,0.0140367543943435,0.0205151130272822,0.0134952456050159,0.0093742696713208,0.0111826638226275,0.0057605533293853,0.0147153145645453,0.0182645751543206,0.0100639480606227,0.0087415733442671,-3.834246089631987e-06,-0.0021540036313797,0.0017827306085474,-0.0032496819900000003
2024-08-26 00:00:00+00:00,0.0027398763334079,-0.0015775252945396,-0.0006241816291327,0.003209490079053,0.0015970511078129,-0.0042602066719541,-0.0017328391342565,-0.0040399303395987,0.0002114683385426,-0.0012612553458872,-0.0008355672876106,-0.0040246520959793,-0.0015134049131291,-0.0014571531370703,-0.0017745217502245,-0.0063079571
2024-08-27 00:00:00+00:00,-0.000665295097465,0.0025562324864457,-0.0034543374885926,-0.0071681005695549,0.0012523615276144,0.0018979586085964,-0.0008262566925195,0.00355767164754,-0.0025506650253751,0.0023189140410071,-0.0081753425863943,-0.0028614341685256,0.001046698418542,6.335013056427811e-05,0.0011279076316468,-0.006216059
2024-08-28 00:00:00+00:00,-0.0022294667125335,-0.0037447827228324,-0.0107471588530041,-0.0115195465496477,-0.0006659562792285,0.0020280535955696,-0.0001362493683038,-0.0122826465991601,-0.0056740791464582,-0.0083935529425011,-0.0100760656635041,-0.0055292340155529,-0.00092031514862,-0.0044879612809092,-0.0044766949313253,-0.002163019
2024-08-29 00:00:00+00:00,-0.0011552103164775,0.0019810584610754,-0.0099991542252584,0.0150592392054948,0.0071362917002254,0.0087484157854017,0.0055690860523827,0.0143642661590171,0.0071247981067131,-0.0007691914176522,0.0105524158483469,0.0045804238130369,0.0011171437066249,0.0021326613871589,0.000473878876493,0.0044965297
2024-08-30 00:00:00+00:00,0.0066487592425198,0.004660136483149,0.0075880715995278,0.0002166818045688,0.0063611446369434,0.0047723839470431,0.0099967088118811,0.0110942306571055,0.0080969231460379,0.0088260654758639,0.0055908456412428,0.0017368158460216,0.0012613347592029,5.733205640322402e-05,-0.0015109151655173,0.0034588421
2024-09-03 00:00:00+00:00,-0.0164945843124394,-0.0066484196527993,-0.0080251990836336,-0.0309454960860876,-0.0104874697563122,-0.0107368326152773,-0.0202152834327315,-0.0247311421227889,-0.0257497052826586,-0.0048421624600271,-0.0158836158559475,-0.0147890783256703,-0.0040104864053874,-0.0022080313552996,-0.0026340614532294,-0.0010334570000000004
2024-09-04 00:00:00+00:00,-0.0025239664936156,0.0013914600809326,-0.0048149943687304,-0.0145336148056627,-0.0019376349368249,-0.0035655078960016,-0.0026553403901524,0.0030233273156146,-0.0053742368861479,-0.0013814490356349,0.0052933665958228,-0.0008163182887203,0.0021121922897637,-0.0002869868704722,-0.0006837277265436,0.00173115134
2024-09-05 00:00:00+00:00,-0.0015702505232788,-0.0018969893034343,0.0030662151123695,-0.0053684146269948,-0.0068733657354392,-0.0101452510987065,-0.0098173181971056,-0.0108567215076509,-0.007535135969214,-0.0023725917180594,-0.0007340877467442,0.0002246458092231,-0.001026667485715,0.0013349745944147,0.0004200571006022,0.0003840910000000006
2024-09-06 00:00:00+00:00,-0.0170817566694623,-0.0085555597476658,-0.0107151877907175,-0.0168028118327755,-0.0189992196298978,-0.0099472470969197,-0.011477573303824,-0.0154853745934188,-0.0147204903063239,-0.0068068259831336,-0.0186106926809769,-0.0063314427935734,0.0004789932166662,-0.0028311707297065,-0.0004668740211561,0.006432649200000001
2024-09-09 00:00:00+00:00,0.004749055908798,0.0103457821763316,0.0107026457059923,0.0008629706937313,0.0172999769422093,0.0103710897941824,0.0163967533371338,0.0123036881854705,0.0118882880615874,0.0145407852914919,0.0153603409097506,0.0030663214888554,0.0017156502502775,0.0034813105139693,0.0002787493859746,0.010761373000000001
2024-09-10 00:00:00+00:00,-0.0037946754072067,-0.0059090100463923,-0.0061882080374919,-0.0115344245066778,-0.0087219386445387,0.0046894036301117,0.0027807526847436,0.0013584310899436,-0.0008850109628015,0.015564481684619,0.0044777226905889,-0.0014249823517126,0.0019162150873784,0.0008584360840149,0.0016490814017109,0.007186813
2024-09-11 00:00:00+00:00,0.0031385258830238,0.002407193400477,0.0028770837550669,-0.0024853501248183,-0.0022447944223014,0.0020703141881516,0.0017775081185266,0.0087681299281154,0.0082700739185752,0.0074637345397314,0.0146852558218767,0.0083724228210151,0.0029726403982148,0.0023465799662411,0.0056512135720207,0.0049658616000000004
2024-09-12 00:00:00+00:00,0.0173159593821739,0.0136808339010733,0.0101134348715634,0.0086886078092527,0.0064916661661412,0.0025959469770954,0.0085860003066093,-0.0004375349067741,0.0098660166707336,0.0066468636127594,0.0039517300164825,0.0005461621581489,0.0034555846444178,-0.0008622385512399,0.0031287635565908,0.019916679
2024-09-13 00:00:00+00:00,0.0162249599797532,0.0087191412296759,0.0140987585952164,0.0083290996562369,0.0086870735601569,0.0082290364648772,0.0070750669043434,0.0065617032968896,0.0072016124450723,0.0089438791511773,0.017303095299669,0.005247453798861,-0.0002519573820965,-0.0020288243597198,0.0006266548405372,-0.0101995475
2024-09-16 00:00:00+00:00,0.0107161593815769,0.0058833932179158,0.0040704315722559,0.0133532425924612,0.0125534780248375,0.0073920472742569,0.0058108758834392,0.0027478359955353,0.0063714638737372,0.0027628972386382,0.0096988618667105,-0.0004957330695303,-0.0006878299844724,-0.0017667414148203,0.0022982447563587,0.0044638786
2024-09-17 00:00:00+00:00,0.0090151460276069,0.005333763957359,0.0016868253957425,0.0185410270023436,0.0048655867952454,-0.0039687512559618,0.0051011268269053,-7.308387958310533e-05,0.0031854421183942,-0.0085640090526085,0.0017704133626039,0.0062776795496077,-0.0013323465542211,-0.0014278430348218,-0.0002463103963826,-0.0026843457
2024-09-18 00:00:00+00:00,0.0027089944174846,0.000424271911525,0.0032257612412571,0.0030700384758083,0.0010869705642393,0.0019407610299167,-0.0002011391963913,-0.0045223685240114,-0.0023186696177839,0.0020900966112347,-0.0002583746187433,0.0024267762916227,0.0004870325815901,0.0003025999243212,0.0015050636675714,-0.0009592152000000003
2024-09-19 00:00:00+00:00,0.005050094601349,0.010873168809628,0.0030322009775983,0.0109734048792521,0.0122574035980109,0.0092652872980868,0.0127673945673874,0.0158053432655516,0.0141354609468216,-0.0024203020017789,-0.0035969895942914,0.0099861199537818,-0.0003159341973637,-0.0006133497131197,-0.0032099713681262,0.002810771
2024-09-20 00:00:00+00:00,-0.0079391292564853,-0.0045130360656354,-0.000194941730097,0.0044976527920255,-0.0020047484430212,-0.0072656183526902,-0.0047406457617499,-0.0066709579073302,-0.0065971564848183,0.0016709477687362,0.0275574933850687,-0.0030566311009641,0.0060111327198584,0.0016040260619874,0.0061481610942109,-0.0042019069999999995
2024-09-23 00:00:00+00:00,0.0014374280979481,0.006289366435979,0.0049368062597191,0.0147291231459029,0.0012783086834438,-0.0021878933099631,0.0068734032267325,0.0038966096376286,0.0080708380397241,0.0110953798000251,0.006156776276905,-0.0017706732037867,0.0016241012004181,-0.0018944877923724,0.0024287406243842,0.0001401170000000002
2024-09-24 00:00:00+00:00,0.010214169281298,0.0093715191487579,0.0002356271835074,-0.0020090892008611,-0.0045406868326246,-0.0018642847468596,0.0060818371572157,0.0021307265145954,0.0109383234745852,0.0007441217964727,-0.0044076532521902,0.0028895183833106,-0.0015893696342682,0.0008491053998685,-0.0011629499526585,-0.0018000510999999994
2024-09-25 00:00:00+00:00,-0.0080453345633815,-0.0090924630066563,-0.0023370960052056,-0.0148667805615106,-0.0076178428147385,-0.0112511560303138,-0.0040495403900369,0.0012646240455473,-0.0047091258945059,-0.0035521684637003,0.011086861180708,-0.0004589389449336,0.0037510454339042,0.002513230993758,0.0023231109116933,-0.001642894
2024-09-26 00:00:00+00:00,0.0102056385294096,0.0171668081884224,0.0092762597524556,-0.0302608892997334,0.0068267100841467,0.0113629417103815,0.0077329436441317,0.0158893032182727,0.0157939700310446,-0.0132386080981384,-0.0064362927475681,0.0063314047742442,-0.0080056430639853,-0.0036465841179693,-0.0033866568171877,0.002028387000000001
2024-09-27 00:00:00+00:00,0.0066483154508751,0.0058025242813891,0.0052458618555193,0.0175815016306813,0.004949177975411,0.0025986047174518,0.0011490034956907,-0.0067270561436869,-0.0013126762248723,0.0027996115396314,0.01053330608441,0.0013434302637924,-0.0031608161504869,-0.0005806563218243,-6.175601150430842e-05,-0.0043179993
2024-09-30 00:00:00+00:00,0.0021619363808849,-0.0040666188224211,-0.0035966113956083,0.0040785509551102,-0.0006532711541653,0.0046495981093314,0.0019570929957072,0.0006332514113631,-0.0031973648010716,0.0024241606656542,0.001936937085841,-0.0028910244710453,0.003425822707433,2.124633507494422e-05,-0.0007687935125637,0.0039821467099999995
2024-10-01 00:00:00+00:00,-0.0007822369099501,-0.003408971416726,-0.008021411911005,0.0257135834739846,-0.0064372074839987,-0.0138736252256002,-0.0008932172254499,-0.0170069472071873,-0.0003351129185832,-0.0088623612491883,0.0020358187283227,-0.005773207844301,0.0015589373450511,-0.0009876228224904,0.0003322678332092,-0.00014700299999999977
2024-10-02 00:00:00+00:00,-0.000877107558937,-0.0023429963620005,-0.0034725706433454,0.0102256719566302,0.0020902776995941,-0.0032742368051753,-0.0008677412074033,0.0119105981411969,-0.0044355562645035,-0.0019057965279002,0.0013668157388472,0.0035189618581689,0.0029467250978634,0.0001838401517328,0.0002816814558577,-0.0004258043999999999
2024-10-03 00:00:00+00:00,-0.0062692387316894,-0.0077402668915149,-0.0097175051165319,0.0292246602001311,-0.004019341370126,-0.0130088796878301,-0.0055239165915109,-0.0049591370053749,-0.0049746634404126,-0.0072202979214595,0.0007783098571864,-0.0007648445327384,0.0022735395729017,0.0001476580378181,0.003522041772785,0.0079190092
2024-10-04 00:00:00+00:00,0.0082614636468027,0.0086558921104139,0.007993464332107,0.0112647274585643,0.0181672487443897,0.0031446137889468,0.0050186411892841,0.0055630081245099,0.0076005155183102,-7.576778861055465e-05,0.003472892213125,0.0029749342313993,-0.0007569220729085,0.0009900297726998,0.002416070298185,0.004686325
2024-10-07 00:00:00+00:00,-0.0108034186854796,-0.0113743972338311,-0.0050269634833598,0.0049169832377775,-0.016441156886268,-0.0099799310203693,-0.0037738575799115,-0.0100250621804818,-0.0054308205386601,-0.0067656779548634,-0.0170786485209845,0.0041643940803167,-9.101917815707848e-05,0.0005039657706338,-0.0002010386573233,-0.0043193529
2024-10-08 00:00:00+00:00,0.0060223463195436,0.0071478155708122,0.0009529420138951,-0.0236177202407307,0.0087701596901354,0.0076965091604628,0.0046906962001789,0.0121899800421945,-0.0023120470186277,0.0040428734672286,-7.909605926253607e-05,-0.0029328953342717,0.0041686210965128,0.0019485066041667,0.0025729842925904,0.005118296
2024-10-09 00:00:00+00:00,0.0058796519911891,0.0091757931897091,0.0028545370996195,0.0069807975612548,0.0095732261935405,0.0083367273550254,0.0077248999545004,0.0136665372488395,0.004857859570428,0.0014812782000996,-0.0094498356259716,0.0013904719546471,-1.891790007951132e-05,-0.000414175290689,-0.0026387749292978,-0.0015978459999999996
2024-10-10 00:00:00+00:00,-0.0083123144075436,-0.0042664435701412,-0.0032980967704156,0.0081408090386979,-0.0028954234878957,-0.00349837576094,-0.0062759647897746,-0.0019930694428104,0.0035221805898306,-0.0086900644508463,-0.0087273033494547,-3.116016241919853e-05,-0.0010323359532978,0.0003932694786634,-0.0004139813572088,0.003628174
2024-10-11 00:00:00+00:00,0.0058384387637884,0.0055844618668085,0.0092518067862818,0.0117340451395464,0.0166982624233283,0.0076723848107409,0.0153631031106426,0.0048568479886631,0.0062009876370566,0.0119372974664392,0.0140381664234156,0.0027375487174847,0.0014762914818438,-0.0005121441017693,0.000868193373169,-0.00773269
2024-10-14 00:00:00+00:00,0.0046143899101406,0.0057329770822023,0.0073222356889343,-0.0141719006461468,0.0099545374928302,0.0081800219037451,0.0082548448183159,0.0090309913813769,0.0065454786303738,0.0082431087911359,0.0155436994141167,0.0023696112086018,0.001485742358604,0.0008722601820545,-0.0012381657275081,-0.007890311
2024-10-15 00:00:00+00:00,0.001313022587382,0.0037605688060413,-0.0020973058428053,-0.0215383907619613,0.0005266982978754,-0.0062330310568412,-0.0078128715705892,-0.014539689986161,-0.0030122513633522,0.0072632742048895,-0.0013808215626548,-0.0044556825206352,0.000482693815799,-0.0015671445108127,-0.0007594777115794,-0.006145002
2024-10-16 00:00:00+00:00,0.0052547092116477,0.0073083255562022,0.0057799083855711,0.0055850559173917,0.0104911805166881,0.0011362445102367,0.0065523658236915,-0.0037549099863664,0.0075836712048153,0.0112874490371627,0.0210121308740591,0.0012992234932112,0.0004092348959672,-0.0006948741510573,0.0035687518607461,-0.0005075665
2024-10-17 00:00:00+00:00,0.0020785366978776,-0.0029241186794568,-0.0052609871049783,0.0038919110524509,0.004384919565587,-0.0064026906311679,0.0009940305840273,0.0054996228036515,0.0004416975860893,-0.0070095516190663,-0.0124708090624809,-6.708988690943619e-05,0.000249757921124,0.0004167159507038,-0.0030380070000847,0.0046195844
2024-10-18 00:00:00+00:00,0.0033451490483306,0.0045214236220759,-0.0017208448834348,-0.0046627960592359,0.0019909015845821,0.0048943530552652,0.0025229802931783,-0.0027274607027967,0.0045130043667322,0.0082780105947262,0.0056750592625778,-0.0009177523290501,-0.0004655057609314,0.0008414638966015,0.0006564302935599,-0.0010365469999999999
2024-10-21 00:00:00+00:00,-0.0039290057770341,-0.0078019580904948,-0.0070137371222931,-0.0007364558881866,-0.0095176988208625,-0.0131413620327602,-0.0043531738556797,-0.0045712181662603,-0.0076478333034322,-0.0169308758307267,-0.003865418080584,-0.0024638776695009,0.0028821648234995,0.0011054758907782,0.0025924714255728,0.004681878
2024-10-22 00:00:00+00:00,-0.0012277544391883,-0.0129826476099395,0.0012084480866814,0.000754687748606,-0.0027648922480549,-0.002216717088094,-0.0097529445966572,-0.0069251496910956,-0.0060877676018433,0.0005694327592363,-0.0018637459872445,0.0013108134757498,-0.0006464600915477,0.0019781997647401,-0.001599340048226,0.0006420116999999996
2024-10-23 00:00:00+00:00,-0.0013541952113147,-0.0032879791694741,-0.002564343919654,-0.0054053897545987,-0.0003443831848641,-0.00648253655617,-0.0049862468064257,-0.0060242206048237,-0.0058625054369839,0.0092408107061652,0.0086844566863462,-0.0010510047066164,0.0002890440185288,-0.0015440232535152,0.0005735429439865,-0.004415863
2024-10-24 00:00:00+00:00,-0.0020511759707683,0.007289236150174,0.0017230117840071,0.0011022214701259,0.0024891916703723,-0.0014252143339208,-0.0054547073451536,0.0007637553483257,-0.0071455684231645,0.0098997627430884,-0.0003821967809626,0.0013730168229172,-0.0008386284522786,0.0008578861716629,0.0017518266353967,-0.0026431729999999995
2024-10-25 00:00:00+00:00,-0.0003819635158093,-0.0047304632936892,-0.0070092889277252,0.0062555402664256,-0.0111686169422961,-0.0068828472208702,-0.0027386166125897,-0.0018766887780292,-0.0040037263326902,-0.0122592165045542,-0.0096749821883203,0.0013267902459261,-0.002211622997338,0.0028253584203393,0.0006461692845606,0.004661904
2024-10-28 00:00:00+00:00,0.0097299927005958,0.004790080593971,0.0058101333909865,-0.012141317570379,0.0137259513958202,0.004057886596829,0.0059310879314889,0.0026684345470958,0.0111915007230032,0.0056262638085838,0.0065979684762863,0.0044151868465907,2.6557978143660893e-05,-0.001558076314985,0.0002583796612307,0.0003230330000000007
2024-10-29 00:00:00+00:00,0.0136113807973215,-0.0069109644810836,-0.0069193631127484,-0.0117764144276154,-0.0036239358975154,-0.0002037512349458,-0.0028421583982453,0.006793952493086,-0.006710279548245,-0.0072638715649613,-0.0149462794172275,0.001704608794669,0.0017477234657323,0.0025688620108222,-0.0014168532067517,0.005309006
2024-10-30 00:00:00+00:00,-0.0018018386969773,0.0077772303878447,-0.0049084971493629,0.0077241463192175,-0.0023940446516874,0.0036146984553603,0.0002823009683882,-0.0117990136453872,0.0036631676753982,-0.002247571864985,-0.0063875930168809,-0.0024094843962465,0.000739653361032,-0.0049140963719121,-0.0019378095039886,-0.009123092999999999
2024-10-31 00:00:00+00:00,0.0003373456033928,-0.0103349938102136,-0.0131818857803618,-0.0011259374259915,-0.0159425457070709,-0.0129159193703002,-0.013406831901821,-0.0152500073252217,-0.0113869689808586,-0.0229417611915745,0.0039373871049626,-0.0042586791236109,0.0030731964899297,-0.0008436736306993,-0.0003458677276661,-0.0009163463000000004
2024-11-01 00:00:00+00:00,0.0041684803534644,0.0030305430055532,0.0005549492780246,-0.0135166671962945,-0.0037087055742983,0.0134887313032624,0.0020859585787151,0.0096728202694528,0.0018669032850017,-0.0129645653956403,-0.0270805200916789,0.0008911038677163,-0.0034670574120594,0.0002524556567575,-0.0036407960457482,0.0022782570000000005
2024-11-04 00:00:00+00:00,0.0005156411848219,0.0043019592186886,0.0025165196022653,0.0180154105893219,-0.0043463149192571,-0.0016558508765504,0.0002526142916148,0.0010067646669633,0.0022536769161127,0.0115241410512014,-0.0042554661496363,-0.0010474023111104,0.0001138129250739,-0.0020306589491167,0.0013576336643109,0.00746859
2024-11-05 00:00:00+00:00,0.0133697494975722,0.0095644068297364,0.0116393108709384,0.0169156165682644,0.0131469197404028,0.0124723665585059,0.018640272904863,0.0088033945034825,0.0078263854414301,0.018546522419411,0.0162271563295849,0.0026670055212505,0.0063527770240348,-0.0017345019901267,0.001886417742758,0.0063726984
2024-11-06 00:00:00+00:00,0.043708662871942,0.0109486069350727,0.0009919045852421,0.0511391848165371,0.0600326775693314,0.01285961728274,0.0321136558831817,0.0238992124808836,0.0081850553807049,-0.0145810440190035,0.0045318486471707,0.0121349815213608,0.001238444309997,0.0032452220745597,-0.0009107140014288,-0.006329332000000002
2024-11-07 00:00:00+00:00,0.0107608092021144,0.0063519052233755,0.0052315327902268,-0.0005443278247384,-0.0107735928758794,0.0092483986017046,-0.0025516319951826,0.013210150203273,0.0107950730361416,0.0158561368499824,0.0023334303224771,-0.0018907157902134,0.0052265110724432,-0.0001126539303447,0.0068032782140843,-0.007111491
2024-11-08 00:00:00+00:00,0.0061641922125643,9.764458659600095e-06,0.0101862793812749,0.0109167680146611,0.0075405061504266,0.0005392680418651,0.009566584467293,-0.0030091346523118,-0.0030241992732836,0.0179800370185716,0.014818607370554,-0.0041257902791199,0.0084422115918818,0.0002684092945098,0.0034434925749079,-0.011310496000000001
2024-11-11 00:00:00+00:00,0.0080722288657782,0.0067074356830318,0.0033747238991879,0.0139226983526111,0.0172586086011444,-0.0007990803783715,0.007440891983862,-0.0079693836924627,0.0014174504180035,-0.0034780815573678,0.0111594916532509,0.0029184307854415,-0.0003323374655379,1.469009374477381e-05,0.0020265686635347,-0.0052079644
2024-11-12 00:00:00+00:00,0.0052612331743226,-0.0062341652228918,-0.0042297176103924,-0.0061495001414652,-0.0030765075578509,-0.0092241573009644,-0.0092981899114758,-0.0029347228222572,-0.0217239953317423,-0.0174558539364503,-0.0140948368386484,-0.0041695260393717,0.0007396812530828,-0.0011840988363312,-0.0017422461617119,0.008635454800000001
2024-11-13 00:00:00+00:00,0.000736676163732,0.0037054631031422,-0.0014950153781291,0.0002353604876566,0.0001968853656397,-0.0046548265447828,0.0051163995792583,-0.0016991342940907,0.0024028612828695,0.0054787975099995,-0.0040596458890609,-0.0020780990625388,-0.00308744135834,-0.0003719662684791,-0.0010575762341451,0.005516717
2024-11-14 00:00:00+00:00,0.0025078551676578,0.0021025960208881,-0.0037947443633746,-0.000914508596,-0.004314837194562,-0.0190884740589169,-0.0156379705609512,-0.009780771442217,-0.0105513153902485,-0.0129852016577293,-0.0076910091684629,-0.0009623378510075,-0.0012610812382125,-0.0015226963093881,-0.0005476092526599,0.0015710759999999998
2024-11-15 00:00:00+00:00,-0.0141606362421241,-0.01204932809653,-0.0048753068934336,0.0023069162161059,0.0049023043010411,-0.0153172706602771,-0.0083156881351162,-0.0197230992920775,-0.0047133361531682,0.0029335838140329,0.0167107404995037,5.282914465674845e-05,0.0028641149562246,0.0004728893805512,0.0032012596407426,-0.005323821999999997
2024-11-18 00:00:00+00:00,0.0052520115740551,-0.0018371818535191,0.0064209044915997,0.0183820400219936,0.0058693057649369,0.0019149102882757,2.1579775402105545e-05,0.0048655394121413,0.0075532837891698,0.01125420282809,0.0118990432319235,-0.0001382422713468,-0.0002756041054854,0.00211500656955,0.0054202937951721,-0.019273189000000003
2024-11-19 00:00:00+00:00,0.013590501940456,-0.0080451124616888,0.009082607462913,0.0017002876633299,-0.0083621832338043,-0.0008594949109378,-0.0014722627413186,4.935237897944137e-05,0.0023501426819596,0.0064303803068061,0.0074051913713546,0.0022031371257107,0.0084196836172999,-0.0004532965362794,0.0026243723224512,0.004320284499999999
2024-11-20 00:00:00+00:00,0.0105467561076863,0.0044433327416325,-0.0053824109266349,0.0102358867647419,-0.0010726178168783,0.0081743893063448,0.0002268753164754,0.0027206542449938,0.0074004249037984,-0.0026879020562449,-0.0008045118803044,-0.0006189222919123,-4.521182956988672e-05,-0.0021782333885379,-0.0002569081133584,-0.004962781099999999
2024-11-21 00:00:00+00:00,0.0041721414614822,0.011480806749854,0.011157546535255,0.0155220119060493,0.011919120430404,0.0111782942195986,0.0115077619968661,0.0217673110494513,0.0073882845280753,0.0071900218913375,0.0150476926331102,0.0010941532086231,0.0008412677846911,-0.0031424338640664,0.0005374151886377,-0.012558406999999999
2024-11-22 00:00:00+00:00,0.005750847850866,0.0132749257180443,0.0109536141321257,0.0090798472822404,0.0116505627900919,0.0033306733805371,0.0116536935342062,0.0073761922795276,0.0053342353147161,0.0111016486462728,0.0006910744409942,0.0023039084781264,-0.0014091275363199,-9.208505668753688e-07,0.003089759311186,-0.007496899
2024-11-25 00:00:00+00:00,0.0038069007718948,0.0222696212574917,0.0056722813704331,-0.0249617051340153,0.0089014515575134,0.0096082889893054,0.0099147282627969,0.0071932612250543,0.0050161003757687,0.0137503842999471,0.0070707743986049,0.0028707096500746,-0.0083804282684497,-0.0008104032755361,0.0002843589093244,-8.133999999999572e-06
2024-11-26 00:00:00+00:00,-0.0004894836980167,-0.0056708974761921,0.000409521772734,-0.0021702738932184,0.0032161539568998,-0.0002084477459381,0.0003047466059487,-0.0049117423171795,-0.0039083790650158,0.0039880969014704,0.004774136340211,-0.0064730480611091,0.0073988035726209,0.0008294644708879,0.0008226612118174,0.008633437999999998
2024-11-27 00:00:00+00:00,0.0026779095274401,-0.0008171398354162,-0.0017831835043542,-0.0011104116996926,0.005078067244939,0.0019010862093433,-0.0020063259250903,-0.0076017386325301,-0.0021390354341083,0.0064510305937446,0.0020828910249326,-0.0020411198123317,-0.0043940036336201,-0.0002023195630286,0.0010880905437631,-0.0001328390000000002
2024-11-29 00:00:00+00:00,0.0095187542734629,0.00681887629264,0.0049552340416675,0.0051106231105684,-0.0008165686390942,0.0035707196252133,0.0022112160298029,0.0062210982971025,0.0059653630946979,-0.005317857325129,0.0005312783257872,0.0008528286242541,0.0015067220411505,-0.0006279365475127,0.0006667036288239,0.0008782123000000001
2024-12-02 00:00:00+00:00,-0.0001089534458403,0.002963363350959,0.0036923366650766,-0.0121694072292319,-0.0067263577841064,-0.0028469718692634,-0.0045487276479241,0.0081573569498766,0.0010643780882157,-0.0070894478162383,-0.0121307337042478,0.0053158952200126,-0.006036457170376,0.0034383789419967,0.0024200674638904,0.0020613038000000007
2024-12-03 00:00:00+00:00,0.0064837971902399,-0.0068286456171695,-0.0030470358405197,0.0025050792245667,-0.005398755278726,-0.0048333355735532,-0.0046291420749304,0.0006748705767702,-0.0016577334385527,-0.0045768838510738,-0.0085957130894059,-0.0014700241100478,0.0046792214724429,0.0007221925353419,0.002930210455132,0.009701544000000001
2024-12-04 00:00:00+00:00,-0.0033685241860865,0.002129277287093,-0.0001778797394391,-0.0230132943282004,-0.0003999961727654,0.0014649590530577,0.0027223011878449,0.007770502920281,-0.0130557859808839,-0.0003436499908122,0.0018572448421723,-0.0012273170966896,0.0031872043879808,0.0013560971548574,0.0035814210840473,-0.004927865888888889
2024-12-05 00:00:00+00:00,0.0007154542221694,0.003426906744087,0.0047429687661846,-0.000684535831725,-1.3030241726107008e-05,-0.0111699093649796,-0.0078857260875258,-0.0090874437071032,-0.0129131994517558,-0.0045153622390921,-0.0011102937152839,-0.0025332190523276,0.0027734534893684,-0.0001166946681596,-0.0008335362077917,0.006361003600000001
2024-12-06 00:00:00+00:00,0.0024299521559709,0.0007916437596867,-0.0026447392005287,-0.0163409448164066,-0.0001068473391462,-0.0011517598915334,-0.0023304847928439,0.0051611949564105,-0.0029551510335081,0.0058360318812978,-0.0055314603067558,0.0034671528044723,-0.0009937668459647,0.0023195807323583,0.0023684580264587,0.009807195000000001
2024-12-09 00:00:00+00:00,-0.0212250890497577,-0.0002771854740802,-0.0029339620957768,-0.0009095144464405,-0.0122762221390662,0.0021828300589304,-0.0071619132726385,-0.0064505968568099,-0.0013940922861762,-0.003523324099879,-0.0110081564288278,0.0035017760291297,-0.0125790454719173,-0.0006792557376676,-0.0044677985141746,0.0013768080199999986
2024-12-10 00:00:00+00:00,0.0059122172464346,-0.0007096669642133,-0.0020184892136125,-0.0147489226167624,-0.0034724391777099,-0.0074149182469679,-0.0031091901482103,-0.010026873017834,-0.0100349542233835,-0.0176024533956022,-0.0115786820214409,-0.0044269951684636,-9.922557604464082e-05,0.001085587583419,-0.0029679129188504,0.0033893473999999993
2024-12-11 00:00:00+00:00,0.0071875968681752,0.0010855859298207,0.0007204047322405,0.0064633075443262,0.0016764081805635,-0.0051684818395427,-0.002804502659927,0.0019930815374882,-0.0011860977136077,0.002290694757243,1.3556603714347125e-05,0.0032100734294331,0.0043298757798932,0.002449932635387,0.0024428477667531,0.007497197529999999
2024-12-12 00:00:00+00:00,0.0034682210420273,-0.006103770389802,-0.0003362752251473,-0.0055801811733217,-0.0037911141519103,-0.0048823354959356,-0.0058763827150366,0.004633292965062,-0.0067700158252651,-0.0015074572718521,-0.0030699777680082,-0.0001064089972264,0.000799397349491,-0.0029251530773094,3.704434462270217e-05,0.014469231999999999
2024-12-13 00:00:00+00:00,-0.0073270549002527,-0.0035691885201655,-0.0011849758220694,-0.0069597277134761,-0.0029663211389874,-0.0038105085161602,-0.0052835855533285,-0.0016555215203903,-0.0089930247739216,-0.0067370239261443,-0.0162526657140222,-4.746558778989873e-05,0.0017077125857547,0.0006734515372878,-0.0015780623158426,0.006197786999999999
2024-12-16 00:00:00+00:00,0.0004355320689336,-0.0055163157045912,-0.0024869779205108,-0.0190708167940024,-0.0005923965724145,-0.0067081713149867,-0.0030188720188016,-0.0043848431897492,-0.0067566740250637,0.0004019952091751,-0.0033230437310922,0.0036399722814292,0.0030704491578642,0.0009964955602209,0.0012370115707322,0.010213114310000002
2024-12-17 00:00:00+00:00,-0.0022826176613779,-0.0028220804210047,-0.009333006493206,-0.0118683309363919,-0.0112452967005342,-0.0067390165028171,-0.0085665959544022,-0.0087818435774939,-0.0088530236524745,-0.0075208207423964,-0.0077677164284058,-0.0035684664227584,-0.0021467548630648,0.0016643756770614,-0.001622755032882,-0.005228938000000001
2024-12-18 00:00:00+00:00,-0.0259975894245638,-0.0322084324031931,-0.0275260651571356,-0.034888384778356,-0.0292605708248297,-0.0235057569109997,-0.0255232002874887,-0.0277282557980129,-0.0292069615837843,-0.0425102647369486,-0.0304867646412467,-0.007012879788286,-0.001697246376413,-0.0002052158354691,-0.002704168678154,0.0052535559999999995
2024-12-19 00:00:00+00:00,-0.0042404840669962,0.0012109460693046,-0.0058065960270929,-0.0104768773584934,-0.0030164678382917,-0.0047999703936605,-0.0037941975714028,-0.0006701214495424,-0.0110852221685564,-0.0167088804960961,0.0036406638842725,-0.0013966727578229,0.0024079826632171,-0.0015984125486164,0.0005192744013369,0.00482541486
2024-12-20 00:00:00+00:00,0.0121929544790254,0.01531304735079,0.0116889624924865,0.016018374865919,0.0155450525952503,0.0189917559221814,0.0085413113581642,0.0158986816130226,0.0100019764349597,0.0191296174205557,0.017202449991704,0.0021895095933195,0.0024187149559616,-0.0013023149024673,0.0014583807719553,0.004310646
2024-12-23 00:00:00+00:00,-0.0032347332440464,-0.0028412297314675,-0.004932316232054,0.0065588672616199,0.0025690793213666,0.001462007009976,-0.0021710497153787,0.0019559967562843,-0.0005927883265367,0.0051765227978315,0.0044446702964871,0.0011842893801042,-0.0023593330598103,0.0026268432919645,-0.0002681996278527,0.007816812999999999
2024-12-24 00:00:00+00:00,0.0071611933291231,0.0093824723975368,0.0050164985810865,0.0106772018025816,0.010155133473629,0.0042856964699661,0.0067329003745387,0.0068968114355608,0.0074483506956685,0.0079753247537254,0.0065761324202833,0.0006989595538269,0.0012236732327606,0.0015220021476558,0.0008951937899833,0.0012404389999999999
2024-12-26 00:00:00+00:00,0.001570123062014,0.0026584666598457,0.002719961824134,0.0005376239533392,0.0041435370726722,0.002208417242215,0.0011770653986925,-0.0003482533982392,-0.0005302418160095,0.0013369731780209,-0.0003394526753705,0.0001132654979862,-0.0011309417571064,-0.0007096408737996,0.0005453513287292,0.0003971316
2024-12-27 00:00:00+00:00,-0.0080568874023613,-0.0074037387847805,-0.0076562751902245,-0.0021831022951496,-0.0076528272494285,-0.0053411042136608,-0.0075118039647296,-0.006997098834114,-0.0091426162350654,-0.0126580648735045,-0.005522810390249,-0.0017692157603622,-0.002986828226105,-0.0004360929415407,-0.0018200083850741,-0.002940386
2024-12-30 00:00:00+00:00,-0.0095893735452739,-0.0108711840778574,-0.0152057763608744,0.004648496875399,-0.010840522427204,-0.0133901313003614,-0.0098487551931604,-0.0135427255543603,-0.0137072931012779,-0.0078036522948218,-0.0063704710175463,-0.001052474907778,0.0007730389019779,-0.001629868679295,-0.0011360712756927,0.0015560099000000002
2024-12-31 00:00:00+00:00,-0.0005421213350104,0.0008375822107863,0.0004092817357118,0.0101079945936369,0.0023087932424475,0.0004182961845491,0.0001611514718247,-0.0010085570098294,0.0027742585443467,0.0049859364155253,-0.0015484842260506,-0.0008916337932516,-0.0039031373682228,-0.0012551476248509,-0.0003553121878123,-0.0017365696999999997
2025-01-02 00:00:00+00:00,0.0017788457427868,-0.0097270631820268,0.0043660465049104,0.0227761893685603,-0.0010824197892328,2.989839685069164e-05,-0.004946338190772,-0.0041635182729571,-0.0080042821367503,-0.0070890073001968,0.0085016418156256,0.0013768588092798,0.0037748676959986,0.0003545027428086,0.0045228718898652,-0.0017665810000000001
2025-01-03 00:00:00+00:00,0.0051074316186147,0.0014016853536116,0.0042923488411523,0.0118856278547626,0.0080855439256758,0.0144942852510868,0.010455558125132,0.011549554443171,0.006515967113892,0.0186311158034146,0.0147104441727915,0.0048419973108239,0.0020650346674406,0.0021086008149966,0.0024875085958603,0.0038232142
2025-01-06 00:00:00+00:00,0.0046076596228541,0.0015981279191222,0.0018187464508423,0.0012311922646847,-0.0013875887855777,0.0078660340860853,-0.0009422703789427,0.0017560296529631,0.0113592752303044,-0.0105317202931064,-0.0030321399333166,0.0080617834815888,-0.00206504375469,0.0029276186662756,0.0030486936752505,0.003533816000000001
2025-01-07 00:00:00+00:00,-0.009910190319444,-0.0088038302576386,-0.0136355314123662,0.0070272878180721,-0.0040171631206205,0.0045514189098641,-0.0015871617079657,-0.0061321325213684,-0.0048206263619117,-0.0142137254528236,-0.0052224485276749,-0.0024757012745021,-0.0036326982853511,-0.0015912845852431,-0.0015944603425014,-0.014392357
2025-01-08 00:00:00+00:00,-0.0074448214373268,0.0056501740597965,-0.0052230920539609,0.0019661825788566,0.001408607036503,0.0039741551799188,0.0031229504552224,0.0007826947065392,0.0026280230068032,0.0003070563675724,-0.0050616505543758,-0.0061443626448242,0.0063348038572565,-0.0004874940713806,-0.0028631834163534,-0.0102933673
2025-01-10 00:00:00+00:00,-0.0251546367427173,-0.0161502939810636,-0.0218583593952594,0.0055270389331164,-0.0251452969669257,-0.010221680827255,-0.0096945153078632,-0.0216310231896668,-0.0052920790799208,-0.0157817063591694,-0.011315464044924,-0.0033442085941496,0.0011401383553888,0.0016047438410427,0.0062526867647586,-0.005038630999999999
2025-01-13 00:00:00+00:00,0.0091365688333175,0.0093817799661468,0.008437288919884,0.0227190374176141,0.006076153913683,0.0129153540946306,0.0122092849237202,0.0009758648001474,0.0253949992527682,0.0109283145338205,-0.007983693638295,0.0034257138848198,-0.0018968246261168,-0.0017038458933606,-0.0052796966748367,0.006221114200000001
2025-01-14 00:00:00+00:00,0.0040328032840977,0.0001132636542302,0.0027883353814151,0.012800410180704,0.0112388217300533,-0.0015317562021493,0.0115322676201741,0.0108135197399269,0.0087762940059906,0.0041272802329524,0.0125771531453967,0.0025427227784599,0.0033216583017684,-0.0036625493165664,-0.0018900556470084,-0.010526427000000001
2025-01-15 00:00:00+00:00,0.0070240085809913,0.0063007919156798,0.0062453607505713,0.0206613412998052,0.0207921493627878,0.0067054952697138,0.0063818241390207,0.0070310345862585,0.0142018177820434,0.0110867116744634,0.0215089890917094,0.0072061359327633,0.0026286073894436,0.0030766138136307,0.0011289553106006,0.0037816371
2025-01-16 00:00:00+00:00,-0.0068604192376883,0.0055588898661214,0.005293081752326,0.0089388401386555,0.0049170469420541,0.0063104797406704,0.0083786446889513,0.0023035802763586,0.0048812872731291,0.01556357110802,0.020945749357596,-0.0031845755898586,0.0023356344280122,-0.0020315598941251,0.0011401591520997,-0.0019259440000000002
2025-01-17 00:00:00+00:00,0.0097780042821787,0.005315649244153,0.0120840957937108,0.0082055462685085,0.0063846672305186,0.0037519147482105,0.0062828609385894,0.006532871307001,0.0107644695524642,0.0050011929336262,0.0082762689780091,0.0060632071119104,-0.0005715272947513,0.0034168509279142,0.0003143164838192,0.0038807207000000005
2025-01-21 00:00:00+00:00,0.0129558386984993,0.0058024486113049,0.008151129472912,-0.0009005122957643,0.0041487651379147,0.0190602403765433,0.0187653713475395,0.0167469760906688,0.007935083938989,0.0145385972579477,0.0154660302696687,0.0008799649544755,0.0040259255949868,-0.0017837837463678,0.0030852525211942,0.009751240500000001
2025-01-22 00:00:00+00:00,-0.001298643964229,-0.0042020223318263,-0.004902573975862,-0.0169347149152479,-0.0029751237376563,0.002990784790696,-0.0027249355327798,0.0114938807868833,-0.0053071984820799,-0.016224911720339,-0.0221111589397039,0.0004224882392172,0.0016747033368242,0.0007489531108014,0.0007107785550341,0.0033027424999999997
2025-01-23 00:00:00+00:00,0.0087249988607053,0.0069273548932827,0.0033211668676679,0.0046339374640398,0.0037669734646663,0.0095800774694017,0.0029934347411911,0.0011833914084953,0.0080264222439702,0.0062258823404582,-0.0005973438454439,-0.0011122423095952,0.0006880833685614,0.0003658451750442,0.0017574165651667,0.0018658160000000004
2025-01-24 00:00:00+00:00,0.0075309240619116,-0.0045231168727383,0.0031539633906046,-0.009768872717846,0.0053992964425349,-0.0016274913217128,-0.0022535969167306,-0.0061126050015186,-0.004649164009751,0.0030689949436346,0.0037932554097945,-0.0025016742345187,0.0007185319191205,-0.0004813002376993,0.0001447676286921,0.0040193859
2025-01-27 00:00:00+00:00,0.0154167213572292,0.0225885876378608,-0.0056706025232875,-0.0403014252259909,0.0147555164514353,0.0016827651831048,-0.0087742289052454,-0.0191039907289823,-0.0072770434107055,-0.0018210653430597,-0.0208163798254801,-0.0147863179228839,-0.0153935372229728,0.0003774113860217,-0.0109804793973881,-0.027986193
2025-01-28 00:00:00+00:00,0.0001699127345666,-0.0007861571603842,-0.0104696473921528,-0.0019683834156581,-0.0025389355612358,0.0003224497179324,-0.0082821920682445,0.00658120222663,0.0014427734285424,-0.0076079385476751,-0.0159981032577579,-0.0005271537670879,0.008366719075161,-0.0004316277252483,0.0026006450117428,0.0034260989999999993
2025-01-29 00:00:00+00:00,0.004943364001555,0.0030827791933909,0.0067849651461404,0.0049050705723726,-0.0005313111783387,-0.0032456841307621,-0.0027351400392803,-0.0066105094662568,0.0027418630611056,-0.0088865627476092,0.0050910828609275,0.0029084698364871,0.0025332474582297,0.0016740293301506,0.0014870149263151,-0.0091878866
2025-01-30 00:00:00+00:00,-0.0097358679065835,0.0055413250792258,0.01365817659549,0.0046525737793119,0.0067747446825178,0.0117857643396803,0.0086751045074317,0.0082173975245851,4.729521890765626e-05,0.0151941179589577,0.0184334125956781,0.0020595937324365,0.0032366592407849,-0.0002939314299659,0.0024229779722446,0.004078940999999999
2025-01-31 00:00:00+00:00,0.0001324774840571,-0.0135439273088015,-0.0107782511964298,-0.0221929213996232,-0.0067077142202114,-0.0060815681126008,-0.007251428174575,-0.0012464532075164,-0.0082162442514383,-0.0023007872700127,-0.0058348901088671,-0.000709869158294,0.0006672285382065,-0.0009003183248424,-0.0019737889986461,0.004813250000000001
2025-02-03 00:00:00+00:00,-0.0015377009007962,-0.0085180346172464,-0.005304151165791,0.0063518429052153,-0.0039691497616742,-1.8368114967834007e-05,-0.0059663824445809,-0.001062564387588,0.0015458953542776,0.0013527441375826,0.003887388073616,-0.0068211713190296,0.0060737101150491,0.0036863277763733,0.002447616799974,0.014783785599999998
2025-02-04 00:00:00+00:00,-0.0007027895499796,0.0022262311399024,-0.020135982046964,0.017852702016827,-0.0067097866894997,-0.0054174442347497,-0.0024815381819107,0.0013924612872078,0.0002580494640971,-0.0021351029750331,-0.0130180879333698,-0.0018589518425537,0.0007625498847255,-0.0015229685639711,-0.0009776182213549,-0.0090767577
2025-02-05 00:00:00+00:00,0.0038419450987429,-0.0031565339493142,0.0075435990444671,0.0047499798338268,0.0044108772955175,0.0115960573694115,0.0008453307069305,0.0124134113601583,0.0027541627170937,0.0189129289067753,0.0131664160460886,0.0014726569312139,0.0054065455529197,-0.0003298282071056,0.0020152023284672,-0.0062213509
2025-02-06 00:00:00+00:00,3.608605992646298e-05,0.008411982551847,0.0056965480939138,-0.0227918504890596,0.0016621014157568,-0.0047362349939984,0.0005620760117366,0.0021032167075394,0.0061895338518328,0.0040127739388596,0.0022008460614927,0.0022333001869544,0.0035415425144731,0.0019685608070911,-0.0020653209623152,-0.0009232443000000007
2025-02-07 00:00:00+00:00,0.000217895412634,-0.0102844781994765,-0.0016119103622374,-0.0029398684972326,-0.0012753270385852,-0.0115791393284653,-0.0035161155591373,-0.0101235601582516,-0.0105064349083572,-0.0022258372899565,-0.0050609152940432,-0.0028181483522267,-0.0002778599187759,-0.0011869276259344,0.0020691407999377,0.003980229
2025-02-10 00:00:00+00:00,0.0079465514598712,-0.0006742509828421,0.0020695209857255,0.0274675904539383,-0.0048629646082333,-0.0069063167523374,0.0106036211983072,0.0083814170400627,0.004609055324212,0.0019834326106265,0.007668786420473,-0.0006809190588356,-0.0017695823667938,0.0027034989971225,0.0020338764911869,0.010198051
2025-02-11 00:00:00+00:00,0.0012212368593708,0.0009458983359611,0.0046842484733223,0.0042952062887727,-0.0057038081168367,-0.0044908758819382,-0.0008427915656893,-0.0008655105115967,0.0014283830823686,-0.0038059649917066,0.0057172467613285,0.0004807125317163,-0.0038206559128406,0.0021620935052856,-0.0064330746922492,-0.0024875900000000005
2025-02-12 00:00:00+00:00,-0.0001661665559684,0.0031674466910106,-0.004467210437777,-0.0237650621469374,-0.0002477570598561,-0.0080914628813112,-0.0081542838441588,-0.0064496991841099,-0.0084176331105551,-0.0019122341340784,-4.3752056050925205e-06,-0.0033296960910162,0.0013871150428351,0.0029392908084736,0.0051626029256619,-0.011666137000000002
2025-02-13 00:00:00+00:00,0.0077401849945527,0.0144953796920409,0.010825268221813,0.0081719959432832,0.0063009390439917,0.0014986642799281,0.0023096812702016,0.0049559956127067,0.0175735666323194,0.0086686742175163,0.0081788990389826,0.0016310079215668,-0.0028752676286022,0.0017862861381836,-0.0026556981800572,-0.002497544
2025-02-14 00:00:00+00:00,0.0091906529629261,0.0011275505436255,0.0015119538101923,0.0083616988232855,-0.0003068973892652,-0.0060401065206827,-0.0020413499952875,-0.0034269031066062,0.0018242725851031,-0.0044615941090688,-0.001706634847841,0.0044199639289396,-0.0015162415769859,0.000840537772317,0.0030128416115323,-0.0039784059999999994
2025-02-18 00:00:00+00:00,0.0001962649595036,-0.0007364347834837,0.0026892661256381,0.0181000612573262,0.0088249546192829,-0.0025643498495721,0.0057656761277103,0.0085140712576585,0.010544534915509,0.0048451066934001,0.0115513208717267,0.0025230556617878,-0.0057711001792788,0.0009812173950686,0.0051405677641966,-0.006933623999999999
2025-02-19 00:00:00+00:00,0.0046538099969472,-0.0007459163714239,0.0027025748758676,0.0091252535249055,-0.0004189647428546,0.0069312165506277,-0.0003224040249389,0.0051586133665561,-0.0119781359044705,-0.0015602630069772,0.0054411621016406,-0.0004479646427619,-0.0040338306651995,0.0003766085315613,-0.0048070298470536,-0.009888351
2025-02-20 00:00:00+00:00,-0.0091240927600405,-0.0014614425103835,-0.0052701808239319,0.003348118338792,-0.0089220610518361,-0.001766892237752,-0.003179378845634,-0.0020649576662148,-0.0082025980371467,0.0020264543970507,-0.0026916910469808,-0.002430096964096,-0.0071124080187719,0.0008035606594498,-0.0013527025466928,0.004637138
2025-02-21 00:00:00+00:00,-0.01416011620665,-0.020128580448747,0.0002359780627569,-0.028011298201289,-0.0122734774884155,-0.0070530090321855,-0.020602594473198,-0.0171982217627724,-0.0226649479302556,-0.0152369349750572,-0.0036820102224245,-0.0073157880905498,-0.004876915144507,-0.0017110930316311,-0.0061611436711229,0.006304503180000001
2025-02-24 00:00:00+00:00,0.0134084852060526,0.0033815376572932,-0.0050133420555071,-0.0070319926429242,-0.0002011624147185,0.0047199871745319,-0.0020292811775304,-0.0069529840671387,-0.0042116337780327,-0.0028610520975598,-0.00946394341905,-0.0053732577336674,-0.0042325778082389,-0.003719699442667,-0.0029697684052296,-0.013574640999999998
2025-02-25 00:00:00+00:00,-0.0159583710858052,0.0108111778374613,0.0043771242644084,-0.0175790567744963,0.003340503171177,0.0038268803964488,0.0103719009477544,0.0005817996798014,0.0052533511551722,0.0098521326704854,-0.0053261749914798,-0.0063236976095082,0.000620963883173,-0.0017475129499284,0.0019050145018772,0.002643212165
2025-02-26 00:00:00+00:00,-0.0152333151944294,-0.0022839449660993,-0.0087483383990853,-0.0021868871581049,-0.0062049537172288,-0.0035521395810267,-0.0025466899853167,0.0039148800781935,0.0004957847397557,-0.0017139423910315,0.0090201274304678,0.004061642940153,0.0082949767865626,-0.0019137633435103,0.0006843027995473,0.008625145330000002
2025-02-27 00:00:00+00:00,-0.0050113998593082,-0.0093975427734304,-0.0115960776555721,-0.0064023512811945,0.0075883551650323,-0.014500276630888,-0.0059966271925652,-0.0248760934841995,-0.0065523418733871,-0.0022822452467369,-0.0278491325888523,-0.0079853292257356,-0.0025088815853024,-0.0012256127607521,-0.0042220642840213,-0.010366494
2025-02-28 00:00:00+00:00,0.0120247438932975,0.0094511524862773,0.0074582833713538,0.0195841167814862,0.0157554170972744,0.0046236074648299,0.0118064270588287,0.006734922780929,0.0062193487014767,0.0107324896423756,0.0161638087680181,-0.0019753172974193,0.002634209104772,0.0008578415880883,0.0010982616120978,-0.002135605
2025-03-03 00:00:00+00:00,-0.0082528096132322,-0.0101553065366049,-0.0098618766383082,-0.0405910043442763,-0.0063933118999648,-0.005287240433472,-0.0122477467450566,-0.0128594567330901,-0.0232107218427689,0.0012828516807043,-0.0054086121564985,-0.0117794949867619,0.0008090806477404,4.455019046827227e-05,-0.0046706682757151,-0.01312836
2025-03-04 00:00:00+00:00,-0.0104834869785387,-0.0153047275388887,-0.0157612701280969,-0.0079445479919227,-0.023453709197003,-0.0078019149842445,-0.0130229497065015,-0.0088438109761916,-0.0153018761731219,-0.0044507247041477,-0.0141248268303526,-0.0008216956549795,-0.0032265487448488,0.0043028170342819,0.0065025579204654,0.0128522467
2025-03-05 00:00:00+00:00,0.0063481056774577,0.0082195878833642,0.0021296000020711,-0.0177464929690618,0.0041619265893853,0.0079370680852849,0.0124587928131498,0.0042655546244953,0.0217647023359941,0.0026368831076518,-0.0097857359240211,0.0013592633424406,-0.0040410373272524,-0.0020569040285404,0.0006889325103951,0.0093031872
2025-03-06 00:00:00+00:00,-0.0154779006862707,-0.0118104180148065,-0.0140083493785189,-0.0092226450352978,-0.0109665817149223,-0.0087439886731661,-0.0049009506449306,-0.0180110574558009,-0.0109225960172193,-0.0336932122865437,-0.0275695489294968,-0.0069674990203548,-0.0110439559537581,-0.0006165213726146,-0.0046002038797148,0.015262534999999999
2025-03-07 00:00:00+00:00,0.0090552009612928,0.0025309951468009,0.0084151979021107,0.0163088608192479,0.0010853229479571,0.0043412693953424,0.0118057053921601,0.0139820460730296,-0.0016789448350679,0.0051648276434702,0.0108347812793751,-0.0027001215862765,-0.0066211051057818,-0.0027803358685296,0.0023657216078263,0.001664971
2025-03-10 00:00:00+00:00,-0.0220942203074055,-0.0214157085387449,-0.0235804340236497,-0.0065333653350173,-0.025109814460318,-0.0162222489797452,-0.0170650824668129,-0.0182560616035166,-0.0272531864228041,-0.0206971881341189,-0.0046811675394117,-0.0128901820882693,-0.0091661100601084,-0.0069992635564544,-0.0063501241357939,-0.006198987
2025-03-11 00:00:00+00:00,-0.0142519487672119,-0.0166519202486197,0.0038705271615065,0.0090601753270134,-0.0057900202578244,-0.0097368071250485,-0.0108569187183358,-0.0143186344431847,-0.0004932347273525,-0.0018730466218738,0.0068575492040055,0.0089752792074496,0.0099626977112217,0.0038568211921079,0.0091355145134718,0.012946648
2025-03-12 00:00:00+00:00,-0.0043113856634303,-0.0118088500839321,-0.0081683409351531,0.013455092126682,-0.0026006754242354,-0.0037520191101141,-0.0075888457843407,-0.0021029558344484,0.0039237298769071,0.0025879440312044,0.0067924964776439,0.010102900771571,0.0044831180524789,0.0035410296579491,0.0013978228179537,0.012621976999999998
2025-03-13 00:00:00+00:00,-0.0186061554527365,-0.0189733391870415,-0.0125815505707442,-0.0162643592404273,-0.0047825118001069,-0.013371594597178,-0.0075225721563798,-0.0098919112546165,-0.006138376671816,-0.0215071064544958,-0.0018299923877008,-0.0087340650411736,-0.0047126981632231,0.0005686778708182,-0.0003040972976994,0.0028433526
2025-03-14 00:00:00+00:00,0.0141046441651165,0.014044958771192,0.0110138640127082,0.0301040194353975,0.0194253711302085,0.017652452048753,0.0145530095448354,0.0171313582051373,0.0156469837170533,0.0197079878867904,0.0232349078059453,0.0081378706655362,0.0018507658376053,-0.001536425982641,0.0014402578306483,0.0032928735000000006
2025-03-17 00:00:00+00:00,0.0157418318562242,0.0144128103280237,0.018225487730936,0.0217645742949084,0.0147453307571818,0.0130914918178886,0.0147005768922955,0.0180107810506524,0.0133899283099642,0.0180697745648355,0.0108025636554348,0.0024153816366769,-0.0005228305229525,-0.0014909616222818,0.0028114120005607,-0.010797388
2025-03-18 00:00:00+00:00,-0.0082622471439678,-0.0121120187207482,-0.0174015589288484,-0.0036817568979563,-0.0042271915864169,-0.0035279941679009,-0.0076004192748139,-0.0036598834128628,-0.0018430551615339,-0.0108984887904812,-0.0097140317873597,-0.0042612468071773,-0.0026865130850215,-0.0021500942146822,-0.0034071075987918,-0.006168437999999998
2025-03-19 00:00:00+00:00,0.0136154583882986,0.0141290400919326,0.0103313825716347,0.0214611289367127,0.0109662261751386,0.0063359061393981,0.0122473045751178,0.0064291180043343,0.0089687984446041,0.0067840746110211,0.0106075705774095,0.0053431379309387,0.0064639216716871,0.0009957770553813,0.0035476440104097,0.0008955249999999998
2025-03-20 00:00:00+00:00,-0.0048338121149272,-0.0077842167120286,-0.0054835329202059,0.001560593375519,-0.0029948105764585,-0.0047022323841724,-0.0083112834088249,-0.0122660439355277,-0.0099264314874923,-0.0001007615511264,0.0019313875362789,-0.0006645093775185,0.001829584417536,-0.0001019739572392,-0.0002817306327126,-0.0006359092000000002
2025-03-21 00:00:00+00:00,0.0060792108441218,-0.0003220924049904,0.0024810540633295,-0.0093777621332216,-0.0019797559267587,-0.0028099990085191,-0.0039599702935302,-0.0030919818915083,-0.0108286275787756,-0.0057085518191014,-0.0058758307432043,-0.0001576758763298,0.0004697716068125,0.0019771332955762,0.0024277439249163,0.0035083689999999995
2025-03-24 00:00:00+00:00,0.0092935560664073,0.0213538035633023,0.0192486384668045,0.0192170915579605,0.0175594751230707,0.016117725569056,0.0181786131533311,0.0122546460945555,0.0134585666833297,0.0192910585132866,0.0073844335538341,0.0105703113529782,0.0025562362868593,-5.741357616227181e-05,0.0019416161260857,0.005205203
2025-03-25 00:00:00+00:00,0.0140865853794998,0.0004083937259883,-0.0087770791791602,0.0038920385049088,0.0033209456687827,-0.0095852018098101,0.0012134468118682,-4.998835109911678e-05,0.0016929530373947,-0.008951589472132,-0.0144664762578561,-0.0003239249143505,0.0012634028849516,0.0014470042385582,-0.0013043600920598,-0.0030098213000000003
2025-03-26 00:00:00+00:00,-0.005838030698631,-0.0049295607209628,-0.0014449835681214,-0.0053777586702405,-0.007926521569882,-0.0127421675727254,-0.0088307781890363,-0.0089884767649763,-0.0066467372615686,-0.0088424757560521,-0.0055531482691729,-0.0122452027034936,-0.0023364381812854,-0.0021634030576854,-0.0057987530992629,-0.015413007000000003
2025-03-27 00:00:00+00:00,-0.0090313981870203,0.0052266324343878,0.0064657786792159,-0.0108031385415979,0.0001831145361227,-0.000983351303759,-0.0012002535165024,-0.0024909488613331,0.0005205516948657,-0.0032197210313702,-0.0048217169898943,-0.0079804583336965,-0.001245705721988,-0.0001530681195559,-0.0002381170838855,-0.0013810005000000002
2025-03-28 00:00:00+00:00,-0.0231489221661871,-0.0274754876084388,-0.0177153096504993,-0.0106426680171945,-0.0190350120897849,-0.0134445761141111,-0.0209316834904153,-0.0182365324753575,-0.0209893826274374,-0.0035398617159733,-0.0015127199925617,-0.0107083024701868,0.0036836320116931,-0.0038117787520557,0.0029325019897534,-0.0004471332000000001
2025-03-31 00:00:00+00:00,0.0117358523739236,0.0094871342621664,0.0089290018664508,0.0129530154917186,0.0084920421991563,0.0039649292893664,0.0065737847077582,0.0058754440757499,0.0072619509159516,0.0019978798290209,0.006734365182986,-0.0037505907129249,0.0023562874061794,-0.0013742113529436,-0.003302646133508,-0.007526338599999999
2025-04-01 00:00:00+00:00,0.0008363813270232,0.0053214052395995,0.0097147274054151,0.0097800300906597,0.0025304401633628,-0.0093930025138555,0.0072446375653256,0.0040014594554385,0.0074067266082288,0.0041536987409938,0.006976946930787,0.0026780445124237,0.0028892648865178,0.0020196869505073,0.0028897020697449,0.0038066020999999997
2025-04-02 00:00:00+00:00,-0.0240760963417104,-0.0278324834802453,-0.0217594961664633,-0.0218000200100043,-0.025385236297633,-0.0142772446313796,-0.0259509507790616,-0.0207911784980758,-0.023464759808919,-0.0241514032074579,-0.0172174941144881,-0.0021594676880778,-0.0003108956252983,-0.0042454929929025,-0.0030254247153819,-0.005874601
2025-04-03 00:00:00+00:00,-0.0337480667919419,-0.0255748056989065,-0.0124475456856669,-0.0727662096392462,-0.0198843856427181,-0.0186611065661634,-0.0169708741127124,-0.0354399361241963,-0.0129262999137061,-0.0120068989609773,-0.0151887197364984,-0.0290181272259142,0.0079419819023194,0.0089714964118753,0.0088501720248478,0.009359747999999998
2025-04-04 00:00:00+00:00,-0.0575407217567344,-0.0235932325011573,-0.0504112348821899,-0.1096379113190059,-0.0712720887946481,-0.0562757745037742,-0.0510531207046892,-0.0612814316596155,-0.0646846492639375,-0.0515780507436539,-0.0596913975336534,-0.0036308599278877,-0.005495824900173,-0.0036791405793384,-0.0075782599189648,0.004942904999999999
2025-04-07 00:00:00+00:00,0.0033864759441088,-0.0134583307458877,0.0158372659083354,0.000907748908723,-0.0007338975207486,0.01804133565205,0.0002072759982172,0.0061853765843211,-0.0003625966895732,-0.0026599815412693,0.0084192451825722,0.0173865726388979,0.0040149561159255,0.0038419613404181,0.0083368182943237,0.0106262502
2025-04-08 00:00:00+00:00,-0.0332010144115651,-0.0430802379771717,-0.0386132220758434,-0.0378385107533833,-0.0277452039594529,-0.0418265473733478,-0.0320537239200963,-0.0341202608595185,-0.0508011676006676,-0.0404806752807382,-0.025830345855629,-0.0093582626573139,0.006959380110027,-0.0027525094403942,-0.0033628995469554,-0.0035492090000000002
2025-04-09 00:00:00+00:00,0.1103771299535473,0.1154691146093338,0.1022627824068952,0.0861605547439431,0.0946369775821203,0.0980829432857626,0.107393697400495,0.1071350973159366,0.1045161677877964,0.1002043557884156,0.0973001220656194,0.0480028133426262,-0.0072592435826103,0.004754231875755,-0.0025734519886413,0.007814726000000003
2025-04-10 00:00:00+00:00,-0.0467071721460236,-0.0435370858528547,-0.0315414008113566,-0.0589805750090753,-0.0339890930855703,-0.0604471908960055,-0.0305932294647026,-0.0374623719239941,-0.0328186215414146,-0.0400908918555259,-0.0388739749217988,-0.0294184630270595,0.00548097992218,0.0026894115246501,0.0065851011100019,0.0019725548000000003
2025-04-11 00:00:00+00:00,0.0042072891453166,0.0099726236692668,0.0142270866912109,0.0274991894470029,0.0153341133213757,0.015580715908828,0.0193842098490859,0.0123186687592648,0.0311484615716343,0.0165872077681917,0.0150440959044498,-0.0013015030322568,-0.00021059758562,0.0026377176032934,0.0028062589224698,0.008635210300000001
2025-04-14 00:00:00+00:00,0.0080168397009589,0.0062996529446643,0.0119753020386945,0.0023471719534426,0.0109875006449657,0.0123523939703869,0.0084613432499277,0.0117417183262907,0.0096010061178726,0.0181918235823872,0.0146504451524545,-0.0011668404272017,-0.0010723061721258,-0.0022316491247484,-0.0016696234072502,-0.004188633999999998
2025-04-15 00:00:00+00:00,-0.0016959055978793,-0.0056930421873223,-0.0089102233187676,-0.0009813352835516,-0.0033246535357884,-0.0073753763089881,-0.0083415791373042,-0.002829936448937,-0.0105821509817924,0.0016369319447307,-0.0021604351390309,0.0010203769919264,0.0045847990222009,-0.0006519789922784,0.0007198166286344,-0.017662074
2025-04-16 00:00:00+00:00,-0.0216717628991255,-0.0140363430054394,-0.0100457668910736,0.0131796814200244,-0.0120685114297136,-0.008986169507952,-0.0111198459051639,-0.0101158762089054,-0.0033171094260335,-0.0029675566897988,-0.0077959304701265,-0.0011152066034547,0.0004880631993234,-0.0008689823181841,0.0014584192916068,0.0011842567999999997
2025-04-17 00:00:00+00:00,0.0152980551810044,0.0156422294157308,0.0233659235132425,0.0287863116664776,0.0057490232497122,-0.0010953517057154,0.0061005189058637,0.0016780248815526,0.0056439139154036,0.0139468417007055,0.0143601787175296,0.0011668259600442,-0.0026267336733974,-0.0009647521511548,-0.0003543110179661,-0.01115545
2025-04-21 00:00:00+00:00,-0.0220806224705031,-0.0169031777616943,-0.011652882129193,-0.0317549271095299,-0.0221769592649404,-0.0240232018848702,-0.0242289462386607,-0.0240504852727511,-0.016782625065533,-0.022017191218488,-0.025801161848573,-0.0025799106197428,-0.0055700489647413,0.0018534664079953,-0.0025188803603102,-0.004648132599999999
2025-04-22 00:00:00+00:00,0.0390296257608262,0.0436772229948237,0.0330707631710095,0.0273731339259127,0.047567088839132,0.0356037472122064,0.0364035260849722,0.0330818471068676,0.0294827744009971,0.0397459658833611,0.0446300576529419,0.0121457924270778,0.0019062062362036,-0.0006019438244901,0.0015148829043591,0.0035987549999999995
2025-04-23 00:00:00+00:00,-0.0018376931452051,-0.0028439073198864,-0.0022012266931901,-0.0112484517426612,-0.0035834101173243,0.0084918030346811,-0.0020648052095841,0.0125872948575266,0.0003601764940377,-0.0042330531731697,0.000345184296595,0.0059534555936845,0.0026058032098274,-0.0018152815025042,0.0014385208130512,-0.0013754396000000004
2025-04-24 00:00:00+00:00,0.0250256720853765,0.0180818924894218,0.0086386908135727,0.0040279715458232,0.0161590252933068,0.02420075084323,0.0249657448183006,0.0268190510164607,0.022720947315495,0.0104779889881427,0.0178203269318487,0.0150827725742215,-0.0008931686487785,-9.34385978250494e-05,0.0022367149272166,0.015617514000000002
2025-04-25 00:00:00+00:00,-0.0034952021737878,0.0010937498353762,-0.000489282835463,-0.0014935223837003,-0.0075780481455829,-8.663561007671457e-05,-0.0018054923077079,0.0045687549886219,-0.004026299442046,-0.0003023812131686,-0.0028590938986178,0.0007577459939864,0.0019284202479288,0.0018956220871019,0.0009899616694934,-0.0038220630000000005
2025-04-28 00:00:00+00:00,0.0047120350417903,0.0029776059448072,-0.003739204293043,0.0089740933041141,0.0019057544240608,0.0025235901976262,0.0008389690246023,-0.0008930311764,0.0030467189155331,0.0061377756673879,0.0086659120921123,-0.0005983167134835,0.0014931100064454,-0.0009364689625444,0.0008755087541905,-0.0003330963000000001
2025-04-29 00:00:00+00:00,0.0074172697581997,0.0031969526909218,0.0030386616587181,-0.0050201433299578,0.0075041106816567,0.0068988374760906,0.0065859860452309,0.0052802303100754,0.0102107377329139,-0.0028892897490279,-0.0003741241797193,-0.0023623965491035,0.0012469899656639,-0.0003711994935296,-0.002427582060929,-0.0025306499999999997
2025-04-30 00:00:00+00:00,-0.0008718580709939,-0.0031898693490177,0.0027670294540649,-0.0277523985027283,-0.0035967180682027,0.0021888635371011,0.0044749254808296,0.0122732988454108,-0.0006861191019105,0.0018213652199758,-0.0063618387136534,-0.0022020518643729,0.0003450259233959,0.0039877485888381,0.0036002909534697,0.031098381
2025-05-01 00:00:00+00:00,-0.0028097857534702,1.0234040158648986e-05,-0.0054603021381235,0.0083587973667715,5.561788544545069e-05,-0.0067241910832672,0.0071976518596509,-0.0028669726159802,0.002839588072432,0.012877701922055,0.0048707471515295,0.003059118588651,0.001838629622206,-0.001236259047397,-0.0017738618491013,-0.010937948
2025-05-02 00:00:00+00:00,0.0137665563516689,0.0228124917944074,0.0162247452975594,0.0137123841210037,0.0254990043409877,0.0174388850471465,0.0192282932821994,0.0167424866965788,0.0150794023357786,0.0198055124007977,0.0164958084313162,0.0091429244982498,0.0001769390861332,-0.0004349674529287,0.0012959747380851,0.01026656
2025-05-05 00:00:00+00:00,0.0014691965858789,-0.0036336316450842,-0.0073317245610524,-0.0131912588042834,-0.0023985490790384,-0.0067289183402807,-0.001035945014711,-0.0015564070097002,-0.0085304158968152,-0.0058016503761047,-0.004817829503065,-0.004011058584302,0.0011496510968772,-0.0005216412331133,0.0014431625054484,-0.0088453171
2025-05-06 00:00:00+00:00,0.0090455517987351,-0.0022822842225531,0.0046115367368474,0.0018698825368369,-0.0011185553666309,-0.0130035657630934,-0.0071145815159523,0.0014228269448933,-8.406663807149631e-07,-0.0025342529248586,0.0098689634674383,0.000825478366597,0.0029393418360915,-0.000726372646906,0.0024137585498013,-0.007479664
2025-05-07 00:00:00+00:00,0.0080471046189673,0.0026499540496829,-0.0001433756793053,-0.0065667503654852,-0.0010038330273555,0.0059304338426722,0.0020042869224879,0.0054531889725061,-0.0147105211081812,-0.0062502146135845,0.0010243427596178,0.0034720540979952,0.0018489451695299,-0.0048323435522274,-0.0007867200517168,-0.0010041799999999993
2025-05-08 00:00:00+00:00,0.0128730035995953,0.0118050222911991,0.0117249981699875,0.0158155903729175,0.0143433933338916,0.0123534888448985,0.0151256837849935,0.0058907886793282,0.0089092288495162,0.0002703142645904,0.0025185747282348,0.0085764005725761,-0.0060307076355311,-0.0010149353606772,0.0007927706751911,0.0039376559999999994
2025-05-09 00:00:00+00:00,-0.0032341747073362,-0.0046744659595603,-0.0044880554492416,0.0109213138383976,0.0001928374420204,-0.0083178135509434,0.0002298721330038,-0.0023168607483413,0.0015487596254896,0.0055687846223543,-0.0001099723970761,-0.000804888829454,-0.0022959922554323,0.0003877482866339,0.0004613388551892,-0.0016445112
2025-05-12 00:00:00+00:00,0.0272873509127834,0.0429036527804391,0.0312768083490723,0.0142688365080281,0.0270282868765605,0.0396698315998846,0.03416003725458,0.029131539063893,0.0243119783295785,0.0161975476779215,0.0189797690216683,0.0255148928833211,-0.0090945931924189,-0.0015684839807415,-0.0038596195073415,0.004867006
2025-05-13 00:00:00+00:00,0.0047713008813822,0.004736092936602,0.002328664724732,0.0177555517896813,0.0037437662773495,-0.0113525282200102,0.0043214556895446,0.0116945573748603,-0.0009967859362941,-0.0048769688813556,0.007229141819407,0.0120292106940133,0.0034831401748429,0.0015107703950989,0.0040569815646177,0.008900308
2025-05-14 00:00:00+00:00,0.0012317947767146,-0.0028388552073699,-0.0064145634455951,-0.0103282477906711,-0.0062665918792289,-0.0215505167689293,-0.0083648271755387,-0.0015128619180841,-0.0070981123860023,-0.0103039265179474,-0.005139349667335,0.0020672478013883,0.0031399521428026,0.0005984474493998,-0.0011830034000351,0.0063332399999999995
2025-05-15 00:00:00+00:00,0.003047945162359,0.0074336140640945,0.0106871791055275,0.0086272444999372,0.0081080905093791,0.0151104342104716,0.0104751563151318,0.0102877515953194,0.0107901791410656,0.0129611446368837,0.0140140441095871,-0.0095239052920987,0.0016527563464122,-0.000129595214623,-0.0005835052402048,-0.010366401
2025-05-16 00:00:00+00:00,0.0021215541690821,0.0014849127976725,0.0016823481409528,-0.0022198290992303,0.0007946867733975,0.0102239918879262,0.005134423557874,-0.001876252672317,0.0032362506861696,0.0047425690462426,0.0002312135839589,-0.0038530569948114,0.0005897271354351,-0.0022949524668656,0.0002792027602067,-0.004931681
2025-05-19 00:00:00+00:00,0.0038658890432628,0.0059657189388928,0.0064709487889586,-0.0074476295359188,0.0077829166148303,0.0115009122875461,0.0069430117515251,0.0048202424293109,0.0110611769699646,0.0109721566762809,0.0122482457729066,0.0010245974307982,0.0039900228101827,0.0035946834341159,0.003372680096154,0.0007793725000000001
2025-05-20 00:00:00+00:00,-0.0041967053340796,-0.008346945942516,0.0024363516228097,-0.004915015591885,-0.0051971340075718,0.0007948012170029,-0.0044567495676572,-0.0032474017584494,-0.0035791621151425,-0.0068143058751218,-0.0026658454154026,-0.003969053640546,-0.0011725207775475,0.0003942450279903,0.0019090051034677,-0.0020065654
2025-05-21 00:00:00+00:00,-0.0149589975371949,-0.0233171336173662,-0.0234365367133439,-0.0214162182191768,-0.0230450933438193,-0.029056329224294,-0.0187480010502774,-0.0149517628416929,-0.0107170570134841,-0.0289708072816246,-0.0238006644753238,-0.0042354453108005,0.0046771335859369,0.0032746672129915,-0.0017961347672669,-0.0015395204000000005
2025-05-22 00:00:00+00:00,-0.0067666422940868,-0.0059885435607152,-0.0005831712097,-0.0051156994162883,-0.0012259040684867,-0.0020854321944416,0.0011511288263682,-0.0049719774188021,-0.0003116953057792,-0.0021201053062986,-0.0039018060699367,0.0031400963738049,0.0005286024237268,0.0014142670354412,0.0018840249419895,0.004020477329999999
2025-05-23 00:00:00+00:00,-0.002525943982313,-0.0049402789280056,-0.0010563339838164,0.0054770305835347,-0.0034132795279887,-0.0042485330057923,-0.0067239718848745,-0.005017180133521,-0.0072700745546334,-0.0048080174716384,0.0013421780179496,-0.0026848148186835,0.0026876472350986,-0.0021656161727996,0.0005156013898757,0.0007001224
2025-05-27 00:00:00+00:00,0.0196629254959322,0.0244166524178784,0.0210912162767761,0.00375255935543,0.0193148143497302,0.0220051253401745,0.0200617374290578,0.013444756567981,0.0168332139070027,0.0245698441320933,0.0167264400770132,0.0102238419252455,-0.0019146811356935,0.0015666496426234,-0.0019429993448748,-0.0017012509999999998
2025-05-28 00:00:00+00:00,0.0033107246360132,-0.0018984062016325,0.0020954226520334,-0.0090187451346531,-0.0035626878381902,0.0030969693746788,0.000248298916185,-0.0024736907963231,-0.0080030538739785,0.0103979658753482,-0.0056593493714974,0.0053201262956181,0.0023679631443842,0.0029235039320534,0.0014186933996174,0.005879151299999999
2025-05-29 00:00:00+00:00,-0.0123855090455206,-0.0096139112058597,-0.007479848332721,0.0001706074485114,-0.0022835467336871,-0.0008867508888296,-0.0071685492165921,-0.011203491800373,-0.0033771382330285,-0.0024127694311317,-0.003278667289,-0.0063194013674474,-0.0028863670569081,-0.0025498257641362,-0.0021917641764833,-0.0018411839999999998
2025-05-30 00:00:00+00:00,0.0018858383653394,0.0015065803718466,0.0003952751772333,-0.0067547855186052,0.0013841632455717,-0.0056055756761533,-7.530588876063978e-06,6.186095864394528e-05,0.008139778685508,-5.037219249406823e-06,0.0020501497035594,-0.0049566127402158,0.0051198840368236,0.0010898491597239,0.0020150674643381,0.005942136
2025-06-02 00:00:00+00:00,-0.0033855650659424,-0.0026703251529717,0.0018614741415286,0.0174107519457126,0.0010464769521247,-0.0021499342819657,-0.0052576832034603,0.0021846085276696,0.0011094847535588,0.0040439071583594,0.0043110577593281,0.0020927533562043,0.0038494508341694,0.0019377690841144,0.0028691191990734,0.005722063000000001
2025-06-03 00:00:00+00:00,0.0023650281779916,0.0102727955441844,0.0114152003374293,0.0130173296727319,0.0060312181812161,0.0060278849718748,0.0135990480917774,0.014831633617244,0.0069443949113431,0.0025089907393141,0.0083301908002243,0.0051575770406863,-0.0037648533053893,-0.0006646894155374,0.0018812968456771,-0.0004823473
2025-06-04 00:00:00+00:00,0.0013194087611038,0.0009442450398283,-0.0050262517730821,-0.0239968511101263,-0.0063886484904999,0.0027632583982816,-0.0004451177549079,0.0007362638664017,0.0032050420412749,0.0041942759221037,-0.0123632623534788,0.003083226795116,-0.0016215065855548,0.000589493013935,-0.0007800625199811,0.0003784909999999999
2025-06-05 00:00:00+00:00,-0.000618015462687,-0.0074106734695219,-0.011954096340353,-0.000582518877086,-0.0049000048869704,0.0004766063989896,-0.0012349749583918,-0.0001976006041103,-0.0034589663255866,-0.0037178620954949,-0.0059433173106613,-0.0017722485113123,0.0019830863623153,-0.0004060626465598,-0.0033751806824094,-0.007346251999999999
2025-06-06 00:00:00+00:00,0.0065192080588553,0.0083587221252023,0.0066809356224593,0.0155706441557857,0.0147035782701954,0.0082606189894861,0.0085299370165192,0.0084239630316247,0.0001260973396688,0.005192252214299,0.008998398802761,0.0037218513468534,-0.0038691598175028,0.0014417252519215,0.0007726766825952,0.007034447999999999
2025-06-09 00:00:00+00:00,-0.0033701936347572,0.0006758571896074,0.0072751115755307,-0.0037299350747573,-0.004063117671104,0.0002452467411751,4.6481226133173856e-05,0.0018316179173275,0.0085090269664973,0.0053751292831685,-3.278725148024052e-05,0.0055353559941486,-0.0040323182906526,0.0008996669435536,-0.0016473357728442,0.006292621899999999
2025-06-10 00:00:00+00:00,0.0183431401744946,0.0084313251126499,-0.0007757560922423,0.008382497333227,-0.0008301747370714,0.0080498276297324,0.0016272342729624,0.0048330953266839,-0.0016627759811517,0.0072582964445892,0.007327174634124,0.0031824329310929,-0.0086087798238782,0.0005159548585408,-0.0031715870537674,-0.003562179999999999
2025-06-11 00:00:00+00:00,-0.0056497905938374,-0.0083371228300938,-0.0018554162990329,0.0179574559794425,-0.0024383605510544,-0.0021562265021266,-0.0054779637489367,-0.0049763091453737,-0.0027183080112028,-0.0054563912544794,-0.0023150733823417,-0.000301863746105,0.0043725050756673,-0.0005305146039555,0.0010897364145816,0.009816977999999999
2025-06-12 00:00:00+00:00,-0.0120179364252462,-0.0043074683484859,0.0012010746260285,0.0043083650560325,0.00173888821399,0.0014835231000501,-0.0015669973667558,0.0062627486236772,0.001765368310677,0.0020663154340288,0.0065775415904384,-0.0055407096667832,0.001933502960651,-0.0010616222762843,0.0021197388084571,0.0083147227
2025-06-13 00:00:00+00:00,-0.0137312095747898,-0.0199235493779617,-0.0149931856479677,0.0296011399156082,-0.0144363124410702,-0.0100923108782196,-0.0070857387502881,-0.0124371197577594,-0.0068007619556031,-0.0087982544906489,-0.0132018603601422,-0.0082706732322026,0.0015948041613902,0.0035850494718661,0.0027283857607282,0.00875804421
2025-06-16 00:00:00+00:00,0.0155140409942589,0.0119627636062496,0.0158996142174343,-0.0051493321113874,0.0069481802501642,0.0076707866792216,0.0037883081821962,0.0113855766929579,0.0073466242283448,0.0029542132881577,-0.003621471606088,0.0101233874302541,0.0011250360003591,-0.003677865825153,-0.0011340528873948,0.0017953028999999996
2025-06-17 00:00:00+00:00,-0.012755822413643,-0.0144254677163318,-0.0088064224676925,0.0039517075087515,-0.0076542792822594,-0.0149841822295154,-0.0090571294531831,-0.0024265148865744,-0.006356505141145,-0.0053008546044784,-0.0074833838447894,-0.0030684376128446,0.0032122952318485,0.0005719310706468,-0.0002017807557293,-0.0031155108000000004
2025-06-18 00:00:00+00:00,0.0029881384991922,0.0010554029196908,0.0051696823802596,-0.0104077823011869,0.0070969569488622,0.0041953003863248,-0.0010354187699975,-0.0016955583664764,-0.0022813307977698,0.0051470267421249,0.0069603385689074,0.0050896861231669,0.0022383773353961,-0.0009101517584865,0.0014910034190744,-0.0006247160000000001
2025-06-20 00:00:00+00:00,-0.0018429382933913,0.0064583885009077,0.0070853233137785,0.0075300578709789,0.0046464879497552,0.0005505491592958,0.0006192754013508,-0.0031638161635361,-0.0071005478401096,7.01856905456913e-05,0.0022770283050712,-0.0003633126882374,0.0004639560763822,-0.0011563412273864,0.0004093647589988,-0.011835872100000002
2025-06-23 00:00:00+00:00,0.0148145579501683,0.0144925930767318,0.0122107241049445,-0.0421363398955504,0.0135703350657549,0.0026335160931262,0.0145054163860297,0.0135820783006373,0.0089316087950259,0.0151923531197278,0.0133061929360612,-0.0001836554238369,0.0024829759076423,0.0010121659389628,8.089723349627236e-05,0.007334407000000001
2025-06-24 00:00:00+00:00,0.0070209000064697,0.0042950936417636,0.004040880008083,0.0049003660292557,0.0099135853782681,0.0142837044342939,0.0061150485547581,0.0100304821266792,0.0080227898182579,0.0037673697051546,0.0081911015524383,0.0066810627673749,-0.0006611469466665,-0.00019438185437,7.230973414889971e-05,0.0026959799999999993
2025-06-25 00:00:00+00:00,-0.0042863382854193,-0.0106503437701937,-0.0098907600139528,-0.0095451933514887,-0.0051982751148152,0.0006327079156694,-0.0075753860968542,0.0004835469287896,-0.0111431489667276,-0.0204184063744826,-0.009548753046666,0.0038319893342261,7.841689130579706e-05,0.0003859798249021,-0.0011561253007687,0.0069018330000000004
2025-06-26 00:00:00+00:00,0.0086006520766831,0.0092986624151721,0.0097202637428624,0.0136919914990743,0.0098931052510487,0.0087309911547051,0.0089303696533251,0.0049660084194989,0.0108093685535518,0.0049564976337994,0.0126083781264846,0.006514902119672,-0.0002699693072253,-0.0004924616654722,0.0002650600062999,0.007098545
2025-06-27 00:00:00+00:00,0.0073612518575275,0.0126465848645222,0.000426225902404,-0.0052291878254035,0.0034338049110459,0.0005188232006378,0.0077146365397224,-0.0029675478028367,0.0037336001775276,-0.0004266102634305,0.0010331768776122,-0.0002368711648829,0.0011836909528978,-8.85977256704038e-05,-0.0018131457054382,-0.0045524255
2025-06-30 00:00:00+00:00,0.0058422565627861,0.0019502223757641,0.0048148171875427,0.0001746194713938,0.0094101184145151,0.0017080711460523,0.0007045617823897,0.0101137814729829,-0.0017746437601824,0.0046892305695958,0.0020844887111322,-0.0039216185496246,0.0036399956183203,1.72246833041807e-05,0.0042328505340427,-0.00429313
2025-07-01 00:00:00+00:00,0.0086461853295045,0.0292723369880146,0.0155589804391432,-0.0024554096840707,0.0100632592808289,0.0071840012437091,0.0146931716633381,0.0021260576883479,0.0218087763391645,0.0015256466135103,0.006739967952009,0.0029641183920124,-0.0133606192305543,-0.0017478242523558,-0.0052967855929921,-0.008127954
2025-07-02 00:00:00+00:00,-0.0020995933724355,0.0056009188039741,0.018626758271989,0.0114546163790188,-0.0008463564252821,-0.0023771521090211,0.0020160445009331,0.00185293876943,0.0146562323156624,0.0053904229685845,0.0015915343070356,0.0114646702340617,-0.0028805458705691,0.0003840113905803,-0.0027402317039402,0.0055300278
2025-07-03 00:00:00+00:00,0.0041371310187017,0.0025603311272607,-0.0021640690486526,-0.0004425957056777,0.006719703017965,0.0013896389024053,0.0052045427281683,0.0113280168714368,0.0001986668436384,0.0035158507111592,0.0065146532934997,0.0010211222007075,0.0033165868837175,-0.000161006076233,0.0005262948086561,-0.0009214960000000002
2025-07-07 00:00:00+00:00,-0.0143290062103997,-0.0056024832258017,-0.0074453048219148,-0.0086561752566505,-0.0097592334048835,-0.0084632359512811,-0.0073469620433343,-0.010972567245551,-0.0064878373882447,-0.0077125882705288,-0.0064613373486555,-0.0050927269362243,0.0060475882943191,0.000501035682605,0.0015610625967566,0.002110606
2025-07-08 00:00:00+00:00,0.0049027541762544,0.0017452499299251,-0.0017183027045104,0.0195629980698558,-0.0006611726070419,0.0038877974192712,0.0039910005553932,0.0030774902424031,0.0116284023033793,0.0015092688750707,0.0032178059907797,0.00676710536276,-0.0098580713908859,0.0011787653786883,-0.0019790229054863,0.003653046
2025-07-09 00:00:00+00:00,-0.000790461233999,0.0063616494178976,-0.0017209700140341,-0.0058999899342927,0.0023251152999642,0.0032820896469142,0.006396648220305,-0.0020866122419266,0.0048486334096308,0.0015813265735522,0.0088354439536071,0.0014109778221069,0.0013249512337816,-8.06712449358761e-07,0.0020036035413187,0.0112446013
2025-07-10 00:00:00+00:00,0.0019438152802755,0.0082532769054609,0.0144570924388138,0.0013416988244891,0.0079854133907848,0.0090515174693516,0.0091225053000229,-0.0080860588943617,0.0028988963255679,0.0085271416346969,0.0157194922145415,0.0085490237931636,-0.0050115285987839,2.1963362211201685e-05,-0.0012716303931545,0.007463876999999999
2025-07-11 00:00:00+00:00,-0.0109852463474728,-0.0097730244389894,-0.0037361344722461,0.0054985434357736,-0.0100784267386392,-0.0134574866802691,-0.0055518030736602,-0.0111396298691137,-0.007588113903935,-0.0009414859596615,-0.0023581128090547,-0.0008176473335104,0.0016698677586135,0.0014927247285353,-0.0005426001897461,0.0065741919999999995
2025-07-14 00:00:00+00:00,0.0140360458508385,0.0012886301506301,-0.0022915473073643,-0.0047454982169967,0.007773054690629,-0.0038641187009601,0.001562863858649,0.0012325789740557,-0.0047594652899879,0.0072010314383038,0.0004015406759114,-0.0040230857592155,0.0056333195735798,0.0001106269049259,0.0035012235442438,-0.004740147900000001
2025-07-15 00:00:00+00:00,-0.0172569874923281,-0.0198260865907394,-0.0118720592088018,-0.0190255363763648,-0.0194381243129901,-0.0167205757756773,-0.0130829953764478,-0.0026958621105871,-0.0178952427963754,-0.0131843529580569,-0.0073866998312464,-0.0003467335462637,0.0031875722314451,0.0015403012260981,0.000621019976275,0.011732996
2025-07-16 00:00:00+00:00,0.0078875278548067,0.0025238632254136,0.0037978201007903,-0.0087215555259452,0.0093584013714351,0.0043867350837706,0.0047197814767085,0.0025595329609705,0.0026416472787158,0.0095489632352312,0.0022227905467685,-0.0009372203613524,-0.0004744280178249,-0.0001142657291217,0.0001538643237645,0.005459887490000001
2025-07-17 00:00:00+00:00,0.006859809169538,0.0076145352188422,0.0171634202540942,0.0056739440031144,0.0114695270602647,0.0006500309714886,0.0129752238640873,0.0090979194390829,0.0080967451919027,0.0033408746298957,0.0107218266625543,0.0071675594176876,-0.0015009396205393,-0.0015821100194855,-0.0015350691032,0.008377578
2025-07-18 00:00:00+00:00,-0.0067270776817176,0.0014245153324141,0.0015074572652231,0.0036380893948483,0.0015517602607929,-0.0092405976849504,-0.0038807476313729,0.0043799594065618,0.0018956989733471,0.0028421520637683,0.0167964105981411,1.0033541309150356e-05,0.003756207541157,-0.0013252962614028,0.000294600229118,-0.008777112
2025-07-21 00:00:00+00:00,0.0045288411925605,0.0025565013366792,-0.0041261223850163,-0.0190926818313625,-0.0044756518262235,-0.0061998827378558,-0.0047140031158887,-0.0020356242765235,0.0042616772188849,-0.0007880207737572,0.0028260559969737,-0.0017742805756187,-0.0012431616174841,0.0032728763506693,-0.000285817534957,-0.002832308
2025-07-22 00:00:00+00:00,0.0121114982550475,0.020948928567752,0.0134502942260443,0.0053206166050482,0.0097828559282178,0.0168244102636878,0.0082168671681311,-0.0025963067542126,0.0138060848974012,0.0173298494861969,0.0194518957978241,-0.0008824149192063,-0.0091275595546477,-0.0020372162915599,0.0013500791623841,0.0044595138
2025-07-23 00:00:00+00:00,0.0132596469285634,0.0020028750938872,0.0065554913795726,0.0102516328146251,0.0024101504008585,0.021372557963792,0.0111876131888541,0.0099230769287463,0.0011420532207759,0.0024684382373602,-0.0084463869413739,0.0057143485027909,0.0002675174563855,-0.0026970997776979,-2.9985492098025003e-05,0.0144661923
2025-07-24 00:00:00+00:00,-0.0026485994030969,-0.005942972300211,-0.0038273385082893,0.0096910078776429,0.0011243532355494,0.0045399194760346,0.00198763849277,-0.0035658515068468,-0.0078005206960755,-0.0051796901195404,3.258793539564534e-05,-0.0019780966306634,0.0020755528300935,-0.000842038224154,0.0004821158245587,0.0084296983
2025-07-25 00:00:00+00:00,-0.0113373862382987,0.0050476392604236,0.003972646335137,-0.0048338727384577,0.0065181682772741,0.0041153657642056,0.0076261341134263,0.0027733837384836,0.0103488802912228,0.0015542092347222,0.0036286887506979,0.0015399134872243,0.0016569965628791,-0.000422550682511,0.0015919582649146,0.0019451860000000002
2025-07-28 00:00:00+00:00,-0.0063761419938265,-0.0010284858415312,-0.0031654506301003,0.012772830451894,-0.0085178052804682,-0.0060885234168456,-0.0056343757888851,0.0035867871425681,-0.0181081493920863,-0.0126412050427698,-0.0073083094720312,0.006448364887959,0.001951752476159,0.0008764806821357,-0.0011004943787975,0.0007046866600000003
2025-07-29 00:00:00+00:00,-0.0110234777962663,-0.0054182022725487,0.0025072094703164,0.0092913516860709,-0.0079894891335207,0.0020123287535711,-0.0106827958007082,0.0048006610582878,-0.0023400670849885,0.0144505775216057,0.0057680642111264,-0.0021354192672457,0.0038412420825528,-0.0025855629258083,-0.003222136331045,0.007084212000000001
2025-07-30 00:00:00+00:00,-0.0058527513633886,-0.0100651176797461,-0.0046983322199038,-0.0106928374815513,-0.010769761879204,-0.0113436676767768,-0.0155959572999927,-0.0044091880442461,-0.0182650472015255,-0.0206686963141439,0.0021350493610319,-0.0012448267465766,0.0093223214385421,0.0011698755743764,0.0064180668918946,0.026753046999999995
2025-07-31 00:00:00+00:00,0.0027709797260295,-0.0019261288913261,-0.0114891716654296,0.0004259754237558,-0.0023040109941567,-0.0242601270594988,0.0078369066022651,-0.0086457960069105,-0.012208021291838,-0.0151719713383285,0.0031998783486247,-0.00482119534061,0.0014783164357423,-0.003448142288655,-0.0024034754130917,-0.013973243
2025-08-01 00:00:00+00:00,-0.0124432600908631,-0.0063096800414222,-0.0036826551494419,-0.0201345262200808,-0.0147772224614992,-0.0002622252964093,-0.0146589395333488,-0.0141609314343781,-0.0100772760499679,-0.0069722325893622,-0.0020251185680362,-0.0073595735919852,0.0023939457083808,-0.0003581131787006,0.0007617029647341,-0.0060860557
2025-08-04 00:00:00+00:00,0.0129410884688598,0.0197120338212434,0.0117263586386305,0.0023794451784228,0.0150711674617078,0.0145701514584667,0.0086303248380517,0.0167867906578155,0.0080599511743839,0.0098944525934451,0.022064239698785,0.0016209630325847,0.0040686375214951,-0.0003771763910585,0.0006517448926737,0.015542778999999998
2025-08-05 00:00:00+00:00,-0.0054712214671754,-0.0044570664860621,-0.0016987500591144,-0.001105814358729,-0.0033036723711424,-0.0072871118831401,0.0032618984109171,-0.0157310551631877,0.0020907743158313,0.0005994282183814,-0.0127256827253613,-0.0007154260708417,-0.0034286609192911,-0.0016795062989566,-0.0001932734703165,0.018701591
2025-08-06 00:00:00+00:00,-0.0038165269697791,0.0095249713902503,0.0055141534039901,-0.0095743251751692,0.0059443424397905,-0.0159339817174399,0.0008082212245473,0.0061442759756666,-0.0133713714446635,-0.0066979752185496,-0.0093605226350221,-0.0036715159724521,0.0006887181840267,0.0032394375083786,-0.0001093814150304,0.009616941
2025-08-07 00:00:00+00:00,-0.0104390491681944,-0.0018811784649415,0.0131984489009695,-0.0029794115713407,-0.0097505276441678,0.0120432686027131,-0.0020889608881465,-0.0066827964849953,0.0113392484886952,0.0057807878765344,0.0082348057018897,0.0011040206185757,0.0031640053044454,0.0003944192491073,-0.0007714362452086,0.007639768999999999
2025-08-08 00:00:00+00:00,-0.0059740790287905,-0.0041565850505589,2.3474828391189428e-05,0.0005122678517306,0.0061892475335502,0.013686951305291,-0.0001210762064192,0.0040904412946574,0.0062475022701943,-0.0094476631607172,-0.0024658011567017,0.0015297649621125,-6.640901376567489e-05,0.0017662141714934,-0.0032272993810182,0.0012795909999999996
2025-08-11 00:00:00+00:00,0.0053579744771373,-0.0027083860929724,-0.0051871257027397,-0.0060465510081892,-0.0005000029369984,0.0002023979080495,-0.0032858194307602,-0.0066723266450181,5.178937917240131e-05,-0.0070539847366802,-0.0040257830360426,-0.001084981010318,0.0015034690085149,-0.0007639998871445,0.0001613182351818,-0.0009145180000000002
2025-08-12 00:00:00+00:00,0.0190160432390155,0.018256641130998,0.0134683805899509,0.001060289275488,0.0085835590924954,0.012598438729853,0.0151960532420003,0.0142088909993746,0.0093967480469924,0.0058322566281456,0.0127661874477698,0.0116347123964392,-0.0021895303425722,-0.0011571039176541,-0.0013988286742725,-0.002259309
2025-08-13 00:00:00+00:00,0.0232707374096167,0.0227507642941725,0.0015163469016637,0.0063726252565704,0.01129222697918,0.0118669514569398,0.0129081747158015,0.0093345878646681,0.0173187637108912,0.0066939703239865,0.0040775786533066,0.0016258531516519,-0.01091007694795,-0.0021711778425813,-0.0001716602992234,-0.00017963800000000003
2025-08-14 00:00:00+00:00,-0.0035898475356158,-0.0071591848469965,-0.0159066229439502,0.0021145535478842,0.003902867076571,0.0008781128658471,-0.0079964595978767,-0.0090051761166929,-0.0066320123915351,-0.0077385756470879,-0.007186903648848,-0.0039307704423498,-0.0028931566904652,0.0029771968085828,0.001595328687313,0.006235043197
2025-08-15 00:00:00+00:00,0.0008786211033501,-0.0013296577036274,-0.0042112803620704,-0.001628779310497,-0.0066724852336165,0.0008374158389444,-0.0042972846170178,-0.002766665939197,-0.0045756041822758,0.0080986895249304,-0.0073907045619095,-0.0042285155003599,-0.0016890667199499,0.0019124626655741,0.004484944084674,-0.004355063
2025-08-18 00:00:00+00:00,-0.0020773134777896,0.0012118811879533,-0.0001712218063325,-0.0069899093226976,9.770776038800405e-05,-0.003598459623195,0.0030407654385205,0.0047546460558303,-0.0062317322409258,-0.0042383836523693,-0.0028839557781527,0.0014915452824051,0.0001894068893854,0.0008811791250254,0.0019866988279321,-0.012769385
2025-08-19 00:00:00+00:00,0.0032328801603678,0.0093872303603332,-0.0011790877319257,-0.0042048609469879,-0.0016942807632443,0.0060981322060483,0.0060849731859044,-0.0005989723767377,0.0049903933498998,0.0061995028364406,0.0034272991856869,-0.0032689526156054,-0.0062396273953625,-0.0037976609340869,-0.0063885761524072,-0.0176501466
2025-08-20 00:00:00+00:00,-0.002794983527751,-0.0088310664357022,-0.0002175440458851,0.0104590395470294,0.0051294641456816,0.0064468288392621,-0.0055134818785729,-0.0009338021003783,0.0005815917692124,-0.0006994687525111,-0.0032519272043465,-0.00528617288677,0.0035098102309512,0.0005971901689791,0.000152810497582,0.0018247339999999993
2025-08-21 00:00:00+00:00,0.002024203076922,-0.0019545017876882,-0.0053731859725356,0.0063364953332848,-0.0043688751247124,-0.0078487544271543,-0.0040540406815234,-0.0035689799196552,0.0057573734315957,-0.0031038959061864,-0.0104633125685762,-0.0021097870253161,0.001094264606654,-0.0003921399413089,-0.0002428206447902,-0.0028953346999999996
2025-08-22 00:00:00+00:00,0.0199855800926309,0.025489816175165,0.0189624649274373,0.0152335520120759,0.0190958710013446,0.0147763941710002,0.020595283636566,0.0143119396534375,0.016559345721539,0.0220717840357649,0.0209436245869716,0.0156348792955068,-0.0062546556360103,-0.0022726065685098,-9.37528205565136e-05,0.006883906
2025-08-25 00:00:00+00:00,-0.0014663092980049,-0.003413702915385,-0.0141593621454124,0.0065650016241241,-0.0064048919112563,-0.0126740327233063,-0.0112852541700245,-0.0035666823417441,-0.0063858756718204,-0.0047678291387539,-0.0120825266608687,-0.0002474064763507,0.0029290485838863,-0.0017022880211302,0.0004835587011412,-0.0034408146
2025-08-26 00:00:00+00:00,-0.0070094784894011,0.0013221687327672,-0.0041687643632219,0.0004997060572949,0.002080580668315,0.0044342504241892,0.0053016370081129,-0.0005632312406424,0.0038806450567213,0.0005829029072698,0.00274589243063,0.0022355365197642,0.0053558502686184,0.0012728170407522,-0.0005678323099963,-0.0012097954350000003
2025-08-27 00:00:00+00:00,0.0048519475601182,0.0044168886721604,0.0021138468198685,0.0094257986793878,0.00056987898218,-0.0035827186179179,0.0021290225464729,0.001717534601573,0.0019835874523558,0.0031565027867728,0.0013588069380725,0.0001555298737463,-0.0027010419426062,-0.001504669934652,-0.0013632453810236,-0.0076979745499999985
2025-08-28 00:00:00+00:00,0.0030593456845211,0.0007665456018165,-0.0081430117261406,0.012660134895139,-0.0008751250672581,-0.0028489703236363,-0.0037392823368415,0.0127115713006213,0.0009376155583079,0.0020178132037844,-0.0061301371011036,0.0006442390338857,0.0051551000308978,0.0001761555675051,0.0023826697007152,0.0007836300000000001
2025-08-29 00:00:00+00:00,0.0030030320965023,-0.0018866559096429,0.000743210161614,0.0005810619675662,0.0017307181050942,0.0029068817419037,-0.0059844579929291,-0.0071494531865398,-0.0006624401935727,-0.0004317176407262,-0.0031902400143844,-0.0022232843951108,-0.0057181526475798,-0.0012000336638668,-0.0013705985634591,0.001540951699999999
2025-09-02 00:00:00+00:00,0.0010504270465294,-0.0039849322320422,-0.0114277914330627,0.0040517121957877,-0.0092903357309178,-0.0049136706343155,-0.0131428480423087,-0.0097017192144214,-0.0098872550602551,-0.0182215444731437,-0.0094755325465347,-0.0045848334112801,0.0018919382915599,0.0015168274570551,0.0006693274606958,0.0034829685999999997
2025-09-03 00:00:00+00:00,0.000856796264548,0.0034602665998777,-0.0013432469127095,-0.0203448527208573,0.0004833597850037,-0.0003940375899817,-0.0025123267113199,0.0040607127093319,-0.0050132688242558,0.0019048218816789,-0.0024010915660237,-0.0009671166815101,0.0021371043397585,-0.0006596565605144,8.987529960954178e-05,0.0004848012999999998
2025-09-04 00:00:00+00:00,0.007964611730902,0.0066798777753749,0.0059086771069383,0.0097573970846783,0.0061259690234673,0.0093350113722414,0.0099956443130311,0.0136391219295031,0.0005922357393309,0.0093236982222784,-0.0025775354393131,0.0046331083780909,0.0056382028236067,-0.0028165415524229,-0.0029938052105093,0.0029029500000000005
2025-09-05 00:00:00+00:00,0.0100881224327492,-0.0049439497194132,0.0050053301243182,-0.0166042060220643,-0.0133890518243504,0.0064091088528847,-0.0008398579594586,0.0081962705165069,0.0059619710878803,0.0075022438599784,0.0004985821623387,0.0011973397088294,-0.0030489221296419,-0.0026323169300132,0.0021834331968497,-0.004875342999999999
2025-09-08 00:00:00+00:00,0.0011023472309214,0.0006660105261422,-0.0037836947428626,-0.0018323010106297,0.0029776335040117,0.0020880345014287,0.0017637696461415,0.0056071922761624,0.0010004030078039,-0.0017350476962228,-0.0095465009401341,0.0006878917397507,0.004348374051938,0.0006243022988363,0.0011241905253023,-0.0011806560999999998
2025-09-09 00:00:00+00:00,-0.0079577642817517,-0.0103563110965383,-0.0015272001363023,0.0047263519425159,0.0005311835936607,-0.0011708881348169,-0.0103515136052789,0.0006324679565185,-0.0162350254154616,0.0026701682677403,0.00594614660313,-0.0014003767263543,0.0040804023796497,0.0032641732840028,0.0039897365239102,0.036202462
2025-09-10 00:00:00+00:00,-0.0157447928550853,-0.0080975015479446,-0.0028741886005844,0.025081105967251,-0.0018783857903588,-0.0088836854247122,0.0053496174013497,-0.0046509672154921,0.0064003540369635,0.0045476659191131,0.0141708300967395,0.0001925590014919,0.0067398925527121,-5.000090933911736e-05,0.0021866935104203,0.0104250369
2025-09-11 00:00:00+00:00,0.0323298448632221,0.0171363858957701,0.0074661484348884,-0.0030820326322321,0.0157808759982304,0.0175484272896305,0.0137626675749432,0.0146112366663191,0.0178085265760047,0.0108245864725205,0.0067735369227688,0.0018740346257393,-0.0028422916359562,-0.0037161044652082,0.0005370047002396,-0.016396543000000003
2025-09-12 00:00:00+00:00,0.000341001045767,-0.0092592376744849,-0.0065509850748497,-0.0040380438671381,-0.0036237818796684,-0.0130283974631124,-0.0093250741824539,-0.0116109673351533,-0.0067708854398052,-0.0020331241100585,0.006290954947187,-0.0010797703420969,0.0016996056594799,0.0024230961569117,0.0005480524258141,-0.008945358
2025-09-15 00:00:00+00:00,0.0054358408718204,-0.0041813574664107,-0.0081457396879221,-0.0051192314849656,-0.0069902452539635,-0.0053666496189066,0.0005906214216278,0.0018899147140258,-0.0051050782812675,0.0023701793363834,0.0031795446940334,0.0031254741169718,0.0035582961069786,0.001179230297085,0.0022729056841607,0.003547397999999999
2025-09-16 00:00:00+00:00,-0.0077043673425961,-0.0036812307498008,0.0094016105273131,0.0168925830068209,-0.0061712104270405,0.0002770633055262,-0.0025215418488544,-0.0014036041322479,-0.0010880289518205,-0.0026767759520452,-0.0138179596400966,0.0022415390363469,-0.0022489921133167,0.0020486131265297,-0.0002959892683334,-0.001826966
2025-09-17 00:00:00+00:00,0.0075803593209677,0.0008923746200198,0.0017414574280889,0.0022056381244139,0.0094917945822817,0.0002024638810712,-0.0021827284067773,0.0063087117735222,-0.0025040494232994,-0.0030167711739942,0.0025357358583143,-0.0002312208564849,-0.0009978704002115,0.0017445366652943,-0.0008338367805325,-0.015706432
2025-09-18 00:00:00+00:00,-0.0024810705115191,-0.0036143532406484,0.0028666508721979,0.0014537322231484,0.0029096890856156,0.0093268720391734,0.0083337995457185,0.0157484606648426,0.0018601912562428,0.0067344186253317,0.0067228682055256,0.0064488145386636,0.0033967169170119,-0.001200614187055,0.0011180983595415,-0.0116757804
2025-09-19 00:00:00+00:00,0.0028292651086418,-0.0036234450025118,-0.0024710809681481,-0.011581329384896,-0.0017649684016589,-0.0046088377338696,-0.0038826740809518,-0.0003575628538032,-0.0002617912754784,-0.0011793883615858,0.0052711072685806,-0.0012097051786067,0.0030029337480479,0.001444418142465,0.0010342518113349,0.0004463171999999998
2025-09-22 00:00:00+00:00,-0.0004601499412378,-0.0069335360441856,-0.0127341782801592,0.001209033781234,-0.0005558347351547,5.827088939644034e-05,0.0017320593960898,0.0107181606522886,-0.0008933978436188,0.0034979816358495,0.0050124985539842,-0.001836672397972,0.0009560970636076,0.0002514101585902,0.0037390136198106,-0.010901632
2025-09-23 00:00:00+00:00,0.0017281234673506,0.0023221691012053,0.0011027688192718,0.0267033137311202,-0.0017514772937781,-0.0010236067300944,-0.0021496215865715,-0.0020274268937515,-0.0018740763838964,0.0034851131606928,0.0061529019123345,-0.0023621550646031,0.0002329425123423,-0.0008215514802078,-0.0008301225315736,-0.005814264000000001
2025-09-24 00:00:00+00:00,-0.0097376566953057,0.0037782576981917,-0.0027677691076561,0.0138948723850974,0.0010001477975237,-0.0071901442409986,-0.0033341228158926,-0.006068274717902,-0.0055654978012139,-0.0093558872680336,0.0044851232679206,-0.0061325745327508,-0.0042891577870227,0.0015682294516879,0.0028106421116745,0.002270778
2025-09-25 00:00:00+00:00,-0.000830178978981,-0.0082882110848087,-0.0157654037892047,0.0076611004816213,-0.0052014345033188,-0.0173022091121296,-0.0058046504027265,-0.0041912132184,-0.0132221548821277,-0.0070937280112751,-0.0139539456366083,-0.003325095883618,0.001181206140749,0.000966190708561,-0.0011895938527401,-0.006846549
2025-09-26 00:00:00+00:00,0.0099812122332507,0.0136424993570833,0.0063403226111604,0.0123186853235184,0.0082999665058994,0.0103451269392342,0.0088017809977845,0.0072142538533381,0.0133557979754338,0.0073690686732186,0.015696521569332,0.0001573025207271,-0.0004772611013087,-0.0023716766146559,0.0011177963427671,-0.006487211600000001
2025-09-29 00:00:00+00:00,0.0090238061610601,0.0027457128433633,0.0034524183068467,-0.0125855309376953,0.0060188202794159,0.0022027172907753,0.0040372499359819,0.0025395865295005,0.0010330430349664,0.0043159444222994,0.0072065024315809,0.0004794828073057,0.0013759424636019,0.0003784229976934,0.0031038958733219,-0.007933171000000001
2025-09-30 00:00:00+00:00,0.0013218046144904,-0.0073185478227139,0.0030532888326891,-0.0106929211235374,-0.0079907495144555,0.0196811601221437,0.0046963366225321,0.0023191712283173,0.0041704565943126,0.0006681985980445,0.000640227839241,-0.0006205059983581,0.0020973713357313,-0.0012252664376015,-0.0008956529683005,0.0028681196000000003
2025-10-01 00:00:00+00:00,-0.0215897555483615,0.0006518745071473,0.0060143917390116,0.0095376621952882,-0.0048458341089604,0.0207019227211845,0.000532408579699,0.0041199283817968,-0.0088248394694183,0.0071001496364107,0.0168652991382179,0.005274151753712,-0.001580923311077,0.001378246992865,0.0063073698375027,0.0031473710000000004
2025-10-02 00:00:00+00:00,-0.0057176022383399,0.0035943729131355,0.0015839629142322,-0.013600164521685,0.0045254939956736,0.0026170047691017,0.0042157074603644,0.003574428758829,0.009156906689128,-0.0038903833287552,-0.0012317402927373,0.0020407483931686,-0.0019238076866071,0.0008896535601,0.0026029777291152,0.0005813217000000001
2025-10-03 00:00:00+00:00,0.0028782094279176,-0.0010883641864349,0.0006980709710984,0.0027004921567579,0.0087864845248566,0.0086363807520564,0.0031483840723925,-0.0018269723311156,0.0024144967315388,0.0023039467015088,0.0123742205478924,-0.0007509336455578,-0.0039079941088636,-0.0006491870268598,0.000948776968437,-0.0069654254
2025-10-06 00:00:00+00:00,-0.01236691709233,-0.0046853604966202,-0.0076995277466363,0.004766943942606,-0.0003318214352562,-0.0054629481498971,0.0027954516539075,0.0086474634886859,-0.0018122366911888,-0.0076737245878287,0.0094878690220381,0.0008989834537678,-0.000726604391768,0.0029928591703646,2.1738611179201227e-05,0.024937695500000003
2025-10-07 00:00:00+00:00,-0.0013145524340213,-0.0164517245458379,0.0004033274212992,0.0021003694273075,0.0023788064926266,-0.0031559340023533,-0.0054649289527513,-0.0135955537727006,-0.0013966110554094,-0.0022682830724347,0.0003029696063081,-0.0053375141699641,0.001422232181226,0.0017123613124273,0.0012406348194148,0.0019386470000000004
2025-10-08 00:00:00+00:00,-0.0114487100732004,-0.0037804257199763,0.0024932654947211,-0.0032430413926098,0.0018797081413326,0.0010876018690452,0.0099774025465135,0.0162156871283047,0.0070868973317909,0.0013404730586625,0.0112180003583219,0.0022745167102575,0.0011166124960717,0.0013638475560234,0.0063374202056934,0.011270577
2025-10-09 00:00:00+00:00,-0.0155895833406491,-0.0133059191137199,0.0011317922706973,-0.015854927403532,-0.0039280417444342,-0.0053519072148382,-0.0137526665522139,-0.0102721358876912,-0.0082411235552318,-0.0028522359288436,-0.0037605875179646,0.000188845158007,0.0013453124439834,0.0026544848233791,0.0008374939983283,0.005142484
2025-10-10 00:00:00+00:00,-0.0206871674962197,-0.0212695826658994,-0.0225278834825747,-0.0385695557764698,-0.0316030697186215,-0.0242360296494517,-0.0251443343777056,-0.0330389998921895,-0.0264726206529037,-0.0245401551311127,-0.0201283939272135,-0.0137739031001798,0.0001977210057207,0.0005118543658029,-0.0055689315037804,-0.002538168000000001
2025-10-13 00:00:00+00:00,0.008520467710887,0.0136094744608795,0.0168033770056802,0.015147053459139,0.0134686226468086,0.0103183474063917,0.0101533967655548,0.0204718874062413,0.0182029949380329,0.0178763676581116,0.0187591978065522,0.0101766480756636,0.0040182567550329,-0.000929808461345,0.0036705436528632,-0.006992042999999999
2025-10-14 00:00:00+00:00,0.015909971344954,0.0188826813950876,0.0148641605214083,-0.0045513548010989,0.011617440763165,0.0084263627359502,0.0132388226732144,-0.0028859213822506,0.0084605782596073,0.0041141859892468,0.0069594579430126,0.0026128589674364,-0.0017303228013021,-0.0023537823147747,-0.0049019409001177,-0.004147175
2025-10-15 00:00:00+00:00,0.0006592113714059,-0.0037922721652584,0.0094770964149663,0.0052777320686044,-0.0070185079652083,0.0024963151350825,-0.000533770726258,0.0032356022694163,-0.0046061769640664,0.0136289938251042,0.0175348610718616,0.0039618087643473,0.0031423278934906,0.0004029458978399,0.0024191357574059,0.003105259
2025-10-16 00:00:00+00:00,-0.0129146399101155,-0.0113722435424293,-0.0050554846928181,-0.0179119010217363,-0.0323545118216135,0.0010543461227624,-0.0080642931868372,-0.0055793517936679,-0.0110385930661105,-0.0046972272960293,-0.0101084755088895,-0.000209885435036,5.645251675511776e-05,-0.0008010531525337,-0.0004852658724095,0.005810947
2025-10-17 00:00:00+00:00,0.0090008271998293,0.0094663998989014,0.0136401986592882,0.0067080001933789,0.0096552487722675,0.0085072745237806,0.0042162576746365,0.0069283434690716,0.0006277644669369,0.0046029976308042,-0.0016864706091771,-0.0005581053961562,-0.0021878604624895,0.0016478685562881,-0.0011083576677749,-0.0075673872
2025-10-20 00:00:00+00:00,0.006820627382554,0.0061030694881383,0.0039327411509542,0.011103357744375,0.0104442511049476,0.014128669017012,0.0131738440672444,0.0093334710106755,0.0102515229183865,0.0097972383632461,0.008630461909511,0.0043562719994406,-0.0027502634561135,0.0014044321159522,-0.0002486555202239,-0.0026713690000000007
2025-10-21 00:00:00+00:00,0.007109383881692,0.0176509033299873,-0.0066137765327521,-0.0033250247890482,0.0027000611772182,0.0084020395212696,0.007319445797514,0.0059032819136956,-0.0051232749054528,-0.0049095866269347,-0.0081927996250625,0.0039547001643747,-0.0046319799697068,-0.0019215894420164,-0.0041469926860455,0.0014088134999999998
2025-10-22 00:00:00+00:00,-0.0022301089442985,-0.0048510686843863,-0.0010957886658387,0.0144378348429919,-0.0066986634135959,-0.0041994649472541,-0.0154519861384768,-0.0085153079168162,-0.0045073031896222,0.0027065158679628,-0.0044104297781783,-0.0028329369293301,-0.0006473642559613,-0.0001442731720841,-0.0027313179854439,0.002523971
2025-10-23 00:00:00+00:00,-0.0061238522170217,-0.0028998615191052,0.0051944318336776,0.0213334976151454,0.0030014885121371,0.0083049501831757,0.0114955545406269,0.009886037825615,0.0221238113508875,0.0069509018986483,0.0054060760154394,0.00551050616069,0.0068512635677259,-0.0014198925256017,0.0059844637937393,0.0029453381
2025-10-24 00:00:00+00:00,-0.0024109003265238,-0.0021229649510371,0.0047963418444638,-0.014301713986237,0.0085011186083899,0.0042383773520978,0.0007130164449916,0.0004018801223875,0.0053684645499636,0.009760983889325,0.0129395998769288,0.0037851359315444,0.0045216291375739,0.0011711265656231,0.0028984438744035,0.002164739
2025-10-27 00:00:00+00:00,0.0139549752041455,0.0042219857524161,0.0083269022044812,0.0018573978629376,0.0014240175846159,0.0043511486856317,0.0036653955031068,0.0082630200198227,0.0011407627647117,0.0019290122691904,0.0058581950185504,0.003030715027801,0.0004086036898271,0.0035563864590422,-0.0006772708136812,0.0003060317999999998
2025-10-28 00:00:00+00:00,-0.0093656941953394,-0.0106316365443932,-0.0112269362531766,-0.0123367516602206,-0.0085602327085507,-0.0085519379983954,-0.0069756740127467,-0.0027573829663827,-0.0002652182327038,-0.0237011853810227,-0.0163171914231312,-2.491440648156489e-05,0.0011835536416225,0.002271227006142,-0.00118110143304,0.008856582400000002
2025-10-29 00:00:00+00:00,-0.0115131477908995,-0.0284697590476932,-0.0132592860060987,0.0057372130365235,-0.017090233721903,0.0023367368262895,-0.0006499673690315,-0.0090655550999505,-0.0148451881940125,-0.0199652992405919,0.0002249982913051,0.0028469737133543,0.0106409847278107,0.00169804478311,0.0005486584249973,-0.00016471600000000035
2025-10-30 00:00:00+00:00,0.0018223304744102,-0.0048405092927734,-0.0107283266855862,-0.0061512952226257,-0.0046146265404531,-0.0108655880619679,-0.0084124368508806,0.0039702422087796,-0.0169066127623321,-0.0104957115906931,-0.0148610128521719,-0.0033471097733774,0.0025431147470036,-0.000495723679095,-0.0031588976690918,-0.008003264
2025-10-31 00:00:00+00:00,0.0030038686503417,-0.0015847738353864,0.0054648466302078,0.0088464638303173,0.0061537414353132,0.0043006469175196,0.0065403047702208,0.0037470638983459,0.0001532448830425,0.0069445959442372,0.0012183959284213,0.0018177206381775,-0.0026535648768984,-0.0002796474616215,-0.0014030390158975,-0.010112519
2025-11-03 00:00:00+00:00,-0.0159609973931431,-0.0056931162791221,-0.003931971618154,0.0055379258902017,-0.0025565156461549,0.0037339560140352,-0.0056896405556834,-0.0030954201857448,-0.0065543984456692,-0.0002706890078145,-0.0016571325215266,-0.0004886276435252,0.0049890162438439,1.1486615156501457e-05,0.0004348499450521,0.00022278300000000106
2025-11-04 00:00:00+00:00,-0.0036484193503047,-0.0044334752913113,-0.0141452059934356,-0.0174608581649085,0.0037683841544582,0.0023541983706045,-0.0064099690535734,-0.0164603107821116,-0.0017399506717686,-0.0092203645625038,-0.0151724293373299,-0.0097053226181747,-0.0030206487422618,-0.002052603378887,-0.0070180328302344,-0.01133308
2025-11-05 00:00:00+00:00,0.0048046808793707,0.0044666216752105,0.014406187605735,0.0100903989417561,0.0071091079786318,-1.5024307108775372e-05,0.0081117832466763,0.0124621500994885,-0.0019265386002966,0.0101545224479263,0.0117080670701205,0.0050320338314582,0.0053023278961116,-0.0014223567067953,0.0077816867446104,-0.0066410784
2025-11-06 00:00:00+00:00,-0.0089355718546862,-0.0079823600021915,-0.0109318004853281,0.0173610274713881,-0.0079887220595123,-0.0013036066503745,-0.0084280866979974,-0.001598605857183,-0.0027363120769448,-0.0125468227657822,-0.0120532506875737,-0.0031522000311322,0.0023213419484241,-0.0026731611487766,-0.0046823160389828,-0.01908358789
2025-11-07 00:00:00+00:00,0.0070468469736465,0.0146894545560354,0.0159901920409032,0.011961426601502,0.0099063034631897,0.0023215208736996,0.0054141680894407,0.000813363247307,0.0071271549947697,0.0149293823416548,0.0105044389550205,-0.0009027738318172,0.0009955063661337,-0.0025753946074997,0.0025034509778622,-0.0003906360000000001
2025-11-10 00:00:00+00:00,0.0031305399624193,0.0044048305093996,0.0055534812295358,0.0120717840087747,0.0038087303063429,0.0046115377432278,0.0028514441991599,0.0093120513465896,0.0099217783102625,0.0039390983942483,-0.0007091174473256,0.0014168499691176,0.0075006898820967,0.0005059363982897,0.0007624130312604,0.004395636000000001
2025-11-11 00:00:00+00:00,0.0053376687409296,0.0054470359876105,0.0052761080349109,0.0154573729972107,0.0061671234217724,0.0202769654787379,0.0011218083961788,-0.0011183545403334,0.0093071147496038,0.0058023237160614,0.00074475799695,-0.0040730037006805,-0.0064842876737495,0.0007807106391336,-0.0012082421099255,0.0036603489999999994
2025-11-12 00:00:00+00:00,-0.0017419038993259,0.0040297219348089,-0.0012890990480507,-0.0144821529507952,0.0055147743226795,0.0084609207069783,0.0011344729042611,0.0033475806449125,0.0036981704143336,-0.0095770388261852,0.0010633063946694,0.0009298333933958,-0.0003188074817509,-0.0007237163059298,-0.0015902082593613,-0.012251848400000003
2025-11-13 00:00:00+00:00,-0.0107682375201983,-0.0081780132749603,-0.0106424955735147,-0.0038313452916893,-0.0117776503959094,-0.0080646588966604,-0.0116151197028465,-0.0195066299192387,-0.0012764490878555,-0.0210260876030157,-0.0134540116834563,-0.0059112289970232,-0.0087419627680278,0.0016913786495056,-0.0027569057247496,0.0046037864
2025-11-14 00:00:00+00:00,-0.0079426395297307,-0.0050185184736818,-0.0026756511430651,0.0179282336556705,-0.0049974930132981,-0.0084585818907992,-0.0037773344276517,-5.263163068247609e-05,-0.0059912665575112,0.0047783922606655,-0.0011052570422067,-0.003269843148291,0.0030557764200654,0.0008334401382055,0.0028377263526841,0.004666000000000001
2025-11-17 00:00:00+00:00,-0.012167009801747,-0.0169272896420028,-0.0143975612842397,-0.0188255453537785,-0.0193177229077276,-0.0091236408976621,-0.0134554234089459,-0.0156872232683536,-0.0135220911146786,-0.0099373246800619,-0.0019013328644313,-0.0082951412361323,0.002614132229251,0.0004473253890572,0.0016499733169237,-0.0026639009999999998
2025-11-18 00:00:00+00:00,0.0070062615299398,-0.0023737931950478,0.0056278599463337,0.0052294013245418,-0.0011012474312305,0.0038689783919414,-0.0021331356380529,-0.0097117367000027,0.000876721492352,4.303951926244352e-05,-0.0028217308357215,-0.0002225427028793,-0.0012211934266483,-0.0019053471576416,-3.030332902908183e-05,-0.008417724
2025-11-19 00:00:00+00:00,-0.0081231667013523,-0.004540944531835,0.0016948585117638,-0.007985336725841,0.0045659733582108,-0.0011401963018557,0.001621937216268,0.0054461996360878,0.0039123915019983,0.0029032994462742,-0.0069998019115913,0.0062420413234454,0.0093205245741116,0.0017966536577705,0.0019188799339426,0.009145809000000001
2025-11-20 00:00:00+00:00,-0.0091312942561015,-0.0044315864079468,-0.01408869319873,-0.0249700399621306,-0.0100471268981298,-0.0097606988946754,-0.013881592714324,-0.0255177653797961,-0.016785270094357,-0.0215159417140133,-0.0190753634561835,-0.0066925676456598,-0.0110735969453,-0.0028517177077212,-0.0106632584385194,-0.0022902758200000007
2025-11-21 00:00:00+00:00,0.026715210517901,0.0309006096992555,0.0217551336401434,0.0080497155079842,0.0119333183974082,0.032310868794577,0.0201115992676074,0.0217539541579337,0.0178129952259001,0.0122694142840812,0.0146390338591605,0.0101388278200483,-0.0059553524079918,-0.0036930665610519,-0.0021198714115291,-0.0101797145
2025-11-24 00:00:00+00:00,-0.0013048362827426,-0.0079280301617759,0.0075723654801044,0.002816754421514,0.0046583493337479,0.0108878056617556,-0.0001622858279756,0.0092248222930712,0.0041766815901932,0.0114962753341686,0.015986789922605,0.0062980143257299,0.0101911040976133,0.0013098641807415,0.0040524147239972,0.004298056999999999
2025-11-25 00:00:00+00:00,0.0074744889097518,0.0323043247697017,0.012529110473921,-0.0050113145903562,0.0117901437922065,0.0223162943036812,0.017141154132253,0.0099042167155035,0.0200654040600896,0.0071473497326833,-0.0032086382991626,0.0023556965341228,-0.0024063380363174,-0.0015404705876938,-0.0018356126965739,-0.0010882029999999994
2025-11-26 00:00:00+00:00,0.0037805377534059,0.0051577852614371,0.0182313161146659,0.0127390189209208,0.0085469654399018,-0.0006786476451,0.0056488237178466,-0.0002581432882275,0.013549632418787,0.0105741300798957,0.01879238905541,0.0029119826958004,0.001763478705921,0.0015355855062275,0.0043878274554279,-0.0012065060000000002
2025-11-28 00:00:00+00:00,0.0029568204445707,0.0006394604135239,0.0074126264325925,0.0163029817437539,0.0062873418071844,-0.0029408931720326,0.003323716720537,0.0075642322322639,0.0040463349227505,0.007386978976743,0.0098648929162108,0.0010670410055151,0.0007198523739043,0.0017178410364527,0.0030919941516613,-0.0051778061
2025-12-01 00:00:00+00:00,0.004364486891098,0.0015252552428685,-0.001605044918089,0.0089105179933717,-0.0073700599153644,-0.0132130099534133,-0.0086964449177982,-0.0014003806654522,-0.0024645297562054,-0.0127221089760214,-0.0201598100398357,0.0034524313870627,-0.0022115097959439,-0.0010123572342858,-0.00220828160475,0.00022176500000000012
2025-12-02 00:00:00+00:00,0.0009367631457592,-0.0046976091006538,-0.0036367204499225,-0.0108511267477702,-0.0021909116082091,-0.0039784380266205,0.0056916841297188,0.0071232861859798,-0.0141395988222113,0.0013263721191635,-0.0048884915942552,0.0043301824099018,-0.002402987800078,0.004020672869709,-0.0006807011802833,-0.012668657
2025-12-03 00:00:00+00:00,0.0023183410870972,0.0062893106271611,0.0033020936165455,0.0197169071381359,0.0107765701442902,0.0065205189052272,0.0111885582216712,0.006414418199377,0.0062233142028993,-0.0015830024948543,0.0038011565351759,0.007244162685602,-0.0044323000905728,0.0021567757126029,-0.0028247774727038,-0.003311498399999999
2025-12-04 00:00:00+00:00,0.0082041657494963,-0.0061622620257846,0.0034300929458159,0.0083775563424154,0.0045778257977273,0.000930438268451,0.0024800120798967,0.0038102371268225,-0.0081785174842582,-0.0037238880119172,-0.0022422647953072,-0.0007007153899809,0.0047092198283252,-0.0025230798478549,0.0032507100530468,0.001006929
2025-12-05 00:00:00+00:00,0.012103382256688,0.0079372730314737,0.0060363593716829,0.0019144852669308,0.0002270019345392,-0.0023187126652779,-0.0014912536379554,0.0082441206650186,0.0010873229841825,-0.000704394014528,-0.0022082429114191,0.0029118879536387,-0.0003532163914097,-0.0010757020651935,0.0014525428278456,-0.0003870098000000002
2025-12-08 00:00:00+00:00,-0.0060991118601675,-0.0095917651457731,-0.0025533510107435,-0.014343193130088,-0.002827752654565,-0.0118270257071436,-0.0047915406883999,0.0017810189703003,-0.010652024351101,-0.0045279975507185,-0.0115305780677879,0.001763198065497,0.0046954698652681,-0.0012738622797081,0.0009377628775773,0.005967997900000001
2025-12-09 00:00:00+00:00,0.0016939002334252,-0.0056989511774313,0.0013763363653607,0.0034483085180392,0.0052226034058286,-0.0078913207696034,-0.0084334196324237,-0.003349415328709,-0.0077102287426944,-0.0011428247445,0.0057136014255168,0.001866714393925,0.0001673195331258,0.0002214633514386,0.0015280576050393,-0.003920348
2025-12-10 00:00:00+00:00,0.0111371842738964,0.0143885030987018,0.0170588749951757,0.0051006582861242,0.0101450308161038,0.0202354204290726,0.0190549533075291,0.0092704493255131,0.0210454977824548,0.0064824067194275,0.0021396206350573,0.0103914432240197,0.0001725135958361,-0.0027773758456429,-0.0050044547940466,-0.013981818999999998
2025-12-11 00:00:00+00:00,0.005395533589493,0.0184298782401313,0.006987447455047,-0.0065644761144322,0.015364149267329,0.006193449044223,0.0111409943232155,0.0059165201382758,0.0168437729280416,0.0058605308426874,0.0050502666599902,-0.0018857884444823,-0.001297103403194,-0.0020747669106603,0.0023042769534466,-0.0064224958
2025-12-12 00:00:00+00:00,-0.0080699183526749,0.0013716816466454,-0.0092426305998301,-0.0150513328616463,-0.0020102938019859,-0.0052442552962136,-0.008433887643195,-0.0207725775062989,-0.0016312016870272,-0.0096689928817685,-0.0095863047475451,-0.0082291278841409,-0.0079584766344905,0.0012987409634908,-0.0022392488386584,-0.0051964939999999986
2025-12-15 00:00:00+00:00,0.0020462753510012,0.0096378991970517,0.0004214508400031,-0.0106086421099442,-0.001830259611772,0.0067815072271352,0.000795424350414,-0.003370100463273,-0.0024245882429568,-0.0011855597341794,0.0038457652097624,-0.0019638562303024,0.0016639253419443,-0.0010552136464297,-0.001983137746693,-0.0043709310000000015
2025-12-16 00:00:00+00:00,-0.001313597528886,-0.009138263760537,-0.0022607890302339,-0.0321252062066833,-0.0020156860768611,-0.0143119792284603,-0.0067651237008834,-0.0077989128430996,-0.0054418020512368,-0.0036967677118469,-0.0014646057184339,0.0008098802321585,-0.0008453024648944,0.0030687481401674,0.0025021674282044,0.00455730595
2025-12-17 00:00:00+00:00,0.0033844495515661,0.0014315457076078,-0.0038033581842215,0.024026670484376,0.0001079544734875,-0.000868852293065,-0.0093875403926331,-0.0019855316269567,0.0045136166873301,-0.001710786250074,-0.0077495289826314,-0.0040265740019661,-0.0040578894225246,-0.002778529894329,-0.0029690080491942,-0.010991056
2025-12-18 00:00:00+00:00,0.0014588704941912,0.0006631724724174,-0.0002168924805823,-0.0172112704096981,-0.0016090271787304,-0.0009186419332971,0.0028469673445508,0.0011114156974683,0.0028057872112075,0.003384868101689,0.0086084368059231,0.0019916929417138,0.0050842606648547,0.0009042747412026,0.003438352362072,0.011779623
2025-12-19 00:00:00+00:00,-0.000240851713292,0.0008086526747445,0.006438984600862,0.0034360484629102,0.0075681518584438,0.0092725748471149,0.0076672195849017,0.0114927477677824,0.0028808420376197,0.0035579788082998,-0.0066453344624676,0.0040880774838508,0.0064318122922219,0.0005681804509201,0.0030571754888834,0.0037894861999999995
2025-12-22 00:00:00+00:00,0.0057380894690432,0.0030565821445577,-0.0012845534521398,0.0086149929975088,0.0105178871504544,0.0065658515602329,0.0109258980479197,0.0052605136112908,0.010511437961215,0.0072060870039898,0.0050589014492053,0.0012746340927968,0.0004210032821567,-0.0010618692841714,0.000293205045087,0.00011701499999999983
2025-12-23 00:00:00+00:00,0.0026522163497312,-0.0076709417896938,-0.0091576465578394,0.0050737987649302,-0.0015806497251633,-0.0041405279850554,-0.0023339754810551,-0.0012786673420042,0.0036182880084492,-0.0029307483563239,-0.0003242572284888,-0.0020310263556115,0.0028454377878797,0.0009849041322623,-0.0010633616675796,0.005043053300000001
2025-12-24 00:00:00+00:00,0.0067390805148314,0.0040599683700778,0.0065266767160918,-0.0048471596864119,0.0034599501950605,0.0039932675190927,0.0026742355974719,0.0008102562148129,-0.0004239584118051,0.0086649259964622,0.0043341611456578,0.0005204052435909,-0.0001169206342097,3.946039652048961e-05,-2.6648879305515457e-05,-0.0013698739999999997
2025-12-26 00:00:00+00:00,-0.0006866850983604,5.781483920985609e-05,0.0002932887085746,-0.005189019760032,-0.0014914312437118,0.0016421925542101,-0.0007063950608014,0.0031260999590031,0.0072288073044799,0.0003580514551459,-0.0012944686037232,-0.0007867798139887,-0.0007581490690134,0.0001041519954792,-0.0006596104475291,-0.0012220907000000004
2025-12-29 00:00:00+00:00,-0.0002875505871357,-0.0036926054891171,-0.003575900134577,0.0098902990951938,-0.0032540414134631,-0.0022274508755393,-0.0018728921045916,-0.0024482964796821,-0.0051531702322908,0.0022734463265962,0.0010507182753696,-0.0026340979575432,-0.002163968055562,-0.0001392099184407,-4.523956623251003e-05,0.0013085469999999995
2025-12-30 00:00:00+00:00,0.0010416668157243,-0.0031709026640188,-0.0024800347555133,0.0079307879581733,-0.0047927196574191,-0.0015380862235831,-0.0036851941840847,-0.0030257993785316,-0.002915586916454,0.0005635169624051,0.0020257020354819,-0.0002959517760459,-0.0017536992309888,0.0003747215535422,-0.0001963372281757,0.0032680040000000006
2025-12-31 00:00:00+00:00,-0.0078329226551183,-0.0073818162677101,-0.0081336782946526,-0.0078974043248588,-0.0087922010439667,-0.0077132710963329,-0.0093342038321104,-0.012148039225832,-0.0062970435843058,-0.0111811884751509,-0.0067048795810636,-0.0014276316909345,-0.0008065328341698,0.0007352642572488,-9.142957456833793e-08,0.00151300849
2026-01-02 00:00:00+00:00,-0.0045621111882246,0.0018450859427538,0.0161895810059614,0.0221760800298869,0.0007651524889691,0.0084707034765215,0.0123023811901601,0.0011498212959158,0.0196573795304056,0.0064325698669037,0.02129278183932,0.0108295198762251,0.0062975769084339,-0.0015396891399099,0.0005178876182486,-0.009632076
2026-01-05 00:00:00+00:00,0.0052502384947438,0.0055140721515556,-0.0001815994742587,0.0196191133203702,0.0233200687413644,0.0131037903973223,0.0132931368467294,-0.0028700242164322,0.0050405100855905,0.0044222444225265,-0.0031396152728284,0.0060844417832397,-0.0028800849451257,0.0018565864603756,0.0005278527900649,0.00013321929999999955
2026-01-06 00:00:00+00:00,-0.0030144453119101,0.0108055070006076,0.0114495671187278,-0.0199609252594037,0.0040283314493241,0.026181437390782,0.0112817629022656,0.0210253935360741,0.0160665873965959,0.0165526304661301,0.012254086388881,0.0074135731081169,0.0028989612668506,-0.0002036917104592,0.0011335881602355,-0.021012435000000003
2026-01-07 00:00:00+00:00,-0.0065310075772646,-0.0070891105435988,-0.0159932574776399,-0.0094640097874227,-0.01014925261139,-0.0025144433099679,-0.0111171878069107,-0.0096701243995397,-0.0140688310056724,-0.0136381223412166,-0.0245232089659865,-0.0068637535940528,0.0012664880582556,0.001343094939523,0.0020126320486349,0.0044864113
2026-01-08 00:00:00+00:00,0.0105038323199219,0.0244176943805436,0.0207139619851912,0.0339134572650931,0.0055990422083266,-9.368172767141988e-05,0.0099233376290514,-0.0018797879617624,0.0192478607915453,-0.0016331039594414,-0.0003733739479157,0.0037505656225726,-0.0091095565682307,-0.0021621340298455,-0.0087111539249002,0.005029989599999999
2026-01-09 00:00:00+00:00,0.0012799845273532,0.0028987846479098,0.0149671693599704,-0.0056698094285833,-0.0034339014722488,-0.0017095196986953,0.0112638831509222,0.0042625730893824,0.0144390350731099,0.00508496343307,0.0169429546421007,0.004217949485132,0.0030777564075901,0.0004979908595569,0.0030956391604238,-0.0031801090300000003
2026-01-12 00:00:00+00:00,-0.0048185507980351,0.0007568477705221,0.0103530863350417,-0.0073965440462785,-0.0040127319131283,-0.0039843677610819,0.0042127646459575,-0.0002433246262974,0.004375647171179,0.0037936330387874,-0.002866874839815,-0.0038905663846924,0.004260372909524,-0.0017304032862909,0.0040290430918158,0.0030360543
2026-01-13 00:00:00+00:00,-0.0031904305270862,0.0006036185512549,0.0143895557634577,0.017056221289131,-0.0125766592914776,-0.0047873608708693,0.003176856783392,-0.0045781262582962,0.0075053179076296,0.0096674688986419,0.0124460177430274,0.0005165772265742,0.0048174095793091,-0.001493336153672,0.0041101107227184,0.007425290700000001
2026-01-14 00:00:00+00:00,-0.0002825930959922,-0.0104720173054653,0.0139051529171027,0.0199757627159835,0.0020659467975062,0.0046121997624911,0.0009738096050339,-0.001439656632142,0.0060530765890845,0.0048229511818087,0.0054180087098993,-0.0005714755884114,-0.0042833333578874,-0.0025414477206656,-0.0027567534628792,-0.004667651700000001
2026-01-15 00:00:00+00:00,-0.0024154879971283,0.004806639513041,0.011545869655854,-0.0129791258014209,0.002035812566647,0.0070302644451817,0.0089314513927432,0.0094388760242921,0.0037425936002296,0.0108877025185971,0.0124142030383061,0.0041324388841463,0.0050165310546518,-0.0019001269419906,-0.0017212651436835,0.005093142999999999
2026-01-16 00:00:00+00:00,-0.0172086276111821,-0.00928836696183,-0.01047374752591,-0.0001449144204893,-0.0021393169368681,-0.0090840512108905,0.0053902609829172,-0.0034391714863392,-0.0057274850280936,0.0139321399007043,-0.0017723231314662,-0.0024555386873173,-0.0004362014998106,0.0027626502281959,-0.0007430849824324,0.00035439307100000003
2026-01-20 00:00:00+00:00,-0.0188810477419205,-0.0210845382857627,0.0013910155868923,0.0005604953958654,-0.0187374838082617,-0.0117928966196437,-0.0186104388587946,-0.0218357644303626,-0.0080682632929019,-0.0146770385282436,-0.0132326846485287,-0.0065082552242885,0.0045511346318378,-0.0006600896603964,0.0043815035945523,-0.013140319000000001
2026-01-21 00:00:00+00:00,0.0120047582292128,0.0199029494674661,0.0068861026694553,0.0333074589074854,0.0119379323357857,0.0225241391551514,0.0191374172479213,0.0177415451285701,0.0210974583645678,0.008515481983465,0.0117601832227181,0.0073085883924477,-0.0007994249603691,-0.0002059175340765,0.0022317000268537,-0.009873971
2026-01-22 00:00:00+00:00,0.0063514050052809,0.0022676281117757,-0.007233169667,0.0004605069600489,0.005413411922445,-0.0018569665147676,0.000240325355782,0.0036694526532359,0.0039794461314257,-0.0094355923672481,-0.0091834246349537,-0.0025515320346173,-0.0043318041709822,0.0003145481091488,0.00069600539198,0.014051095
2026-01-23 00:00:00+00:00,0.0028815850445627,-0.002266217882737,-0.0004766099799467,0.0074085680046425,-0.0100484786179641,-0.0116552780601527,-0.0067305077973463,-0.0059578838113435,0.0152980975379109,0.0012917301872935,-0.010261433789839,-0.005675758169677,0.0002675419806878,0.0014621118387927,0.0010222258824946,0.009557044
2026-01-26 00:00:00+00:00,0.0013420831069396,1.3009206903837078e-05,-0.0030663320524361,-0.0015265652786332,0.0013188545150633,-0.0006559135038005,0.0010434904542685,0.0143595858397541,-0.0016238631043658,-0.0040244964129304,0.0061277256539724,-0.002479205328702,0.0027427819335377,0.0004073032582186,-0.0030889334585954,0.0024882426
2026-01-27 00:00:00+00:00,-0.0127009556108087,-0.0038464851382667,0.0150956480117185,0.0098806468256756,-0.0116486882406825,-0.0053447642733127,-0.0038444503167167,0.0134073583222995,0.0003260030332725,0.0076899581821763,0.0132605563702212,0.0030472840978001,0.012085490913884,-0.0008155761754244,-0.0023926906495742,-0.009335661
2026-01-28 00:00:00+00:00,0.0012993541989866,-0.0120262634301751,-0.0112592077404505,0.0091695888466095,-0.0003883270520813,-0.010600154859507,-0.0047830749584107,0.0023156763436966,-0.000829622734819,-0.009381318926853,-0.0023131789597672,-0.0005376359501917,0.004619190136215,0.0005613666040813,0.0013006462267486,-0.011295748199999997
2026-01-29 00:00:00+00:00,0.0085555531751423,0.009151576006452,0.0019203851259477,0.008091472508892,0.0008450772806979,0.0002204942363989,0.003394028251993,-0.0202814056988328,-0.0009174302300876,0.0088480739843456,0.0007112317095761,0.0045263482543365,0.003605620812857,-0.0013416764822269,-0.0038229717129189,0.0013965730000000003
2026-01-30 00:00:00+00:00,0.0079561005339729,-0.0040974626463948,0.0056145976752387,-0.0002490724350337,-0.0026938139308134,0.0021558885514179,-0.0045004394834095,-0.0042974673738488,-0.0075244728322034,-0.0096573809577424,-0.0128053206260611,-0.004717961044203,-0.0052909040934945,-0.0005229216833127,-0.0073779384028299,-0.0009470487000000003
2026-02-02 00:00:00+00:00,-0.0026310841465647,0.0136312110154755,0.0174970090199661,-0.0186589641798535,0.0028747276036336,0.0091853488570762,0.0112069092938317,0.0192868018909659,0.0094109052803733,-0.0052037336590643,-0.0079109002648694,0.0057414005631428,0.0089654324286032,-0.0008767496670938,-0.0029782783159978,-0.011609932
2026-02-03 00:00:00+00:00,-0.018386990836806,-0.0065908632678466,0.0161692539190319,0.0295367350733994,-0.0224327805360013,-0.0089918038463026,0.0036605717562379,-0.0236314981573075,0.0231545957717753,-0.0062247337347924,0.0094059136322543,-0.0010445217454926,0.0090966443520053,-0.0043759559096034,-0.0034602667189962,-0.0045540020000000014
2026-02-04 00:00:00+00:00,-0.0013844395916253,0.0129139904777318,0.0176235282605833,0.0195963887437463,0.0071265191887846,0.0100036982601649,0.0103397273562164,0.004896485973688,0.0253382876992408,-0.0019292616079447,-0.0055304718189751,0.0092333101307669,-0.0154269816373552,-0.0033746580016031,-0.0100163150831205,-0.010273578
2026-02-05 00:00:00+00:00,-0.0123302507808672,-0.0094089977814124,-0.0179494635575018,-0.0187771440446631,-0.0175479215578725,-0.0028097346771366,-0.0090583284020579,-0.0032247678728899,-0.02275571533815,-0.015179522291334,-0.0173718152187345,-0.0115230739303708,0.0026130071847215,-0.0063116954201077,-0.0097008147461189,-0.033001867
2026-02-06 00:00:00+00:00,0.0038314408552843,0.0143275144029141,0.0305432527992207,0.0324653326835585,0.0185832263408644,0.0153746369257431,0.0237864899087473,0.0198218501957425,0.0212944966553057,0.0327821810710386,0.0275009798698955,0.0120495206617939,0.0082157149619329,0.0026119204434766,0.0120732738791594,0.016235729
2026-02-09 00:00:00+00:00,0.0130946451568879,-0.0060422260419135,0.0045527544864314,0.0074247304463664,-0.0072514972352183,-0.0069890811517134,0.002636417414401,0.0035591420079289,0.0097437701195909,0.0128967400151464,0.01015022085227,0.0019788827914193,0.0030617502755881,-0.0001090450875089,0.0049703322629543,0.018395575
2026-02-10 00:00:00+00:00,0.0226770627419517,0.0108568886306498,0.0002147276215199,-0.0033497104127876,-0.0076024585863124,-0.0042596644131747,0.0040711348987238,0.0090797817180011,0.0123317190385463,0.0074476612085759,0.012748584406951,0.0035151391865169,-0.00650826927007,-0.0035308554859523,-0.0048988135104723,-7.829090000000026e-05
2026-02-11 00:00:00+00:00,-0.017974415461262,-0.0086263325713812,0.0160137063357121,0.0283353984499364,-0.0148133078668616,0.006149251668785,0.0019325244521234,-0.0105373851711379,0.0148157326129086,0.0032555112123658,0.0114841927925737,0.001029999714626,0.0044835070048839,0.0017757614667056,0.0009366797762545,-0.012744808800000002
2026-02-12 00:00:00+00:00,-0.0340470973068298,-0.0121211657040221,-0.0040627379599446,-0.0175402410600649,-0.0174465497920344,-0.0205122407650161,-0.0171766942358558,-0.0091870791349681,-0.010613462260611,-0.0128084742935277,0.0055652265732354,-0.0096382640011274,0.0027206778208836,0.0003350461877968,0.0008904190323643,0.0081622468
2026-02-13 00:00:00+00:00,0.0079909707505499,0.0045937385701316,0.0038617833957768,0.0170758336224846,0.0057383246072553,0.0119414689952399,0.0115081746193294,0.006966137416426,0.0057316331516742,0.0135006737119944,0.0317719195704487,0.0003568187371018,-0.0023072734905076,-0.0011584405376585,0.0043321649028915,-0.017469696
2026-02-17 00:00:00+00:00,-0.0023635387999499,0.0001792614650469,-0.0130075578710559,-0.0095354950015615,0.0093363700279838,0.0004053370147981,0.00143682909243,-0.0146554398324115,-0.0123004179276304,0.0114715103282032,0.0014139047863056,-0.0006183776063499,0.001491661526373,-5.181611670244246e-05,0.0034167251077732,-0.0031541740000000005
2026-02-18 00:00:00+00:00,0.0092966470517945,0.010437183824244,0.0075624199047227,0.0190306352736343,0.011559728632685,0.0106761266743426,0.0039311304819925,0.0084194012672062,0.0024845845544564,-0.0039570198576397,-0.0112956685614435,0.0031750898732904,-0.0004131468213041,-0.0001339771608773,0.0023851039397697,0.003262554
2026-02-19 00:00:00+00:00,0.0049637506599339,-0.0104896843571114,-0.0005929472589537,0.0164608338453393,-0.0077125370725089,-0.0033297901856213,0.0019227094263673,-0.0083024919632939,-0.005806420941653,-0.0002436340387145,0.0112440693664114,-0.0024144678781977,0.0030418822987471,-0.0012290570071003,0.0039687509650124,0.0028994700000000003
2026-02-20 00:00:00+00:00,0.0106031037095149,0.0073380178419351,0.0063889224238203,0.0031150943766164,0.0055100111096676,0.0015955672249508,0.0041974060084678,0.0047827931473999,-0.0077298144891255,0.00580133655233,0.0053630342655085,0.0015767437316909,0.0035593386912338,-0.000589434404014,-0.0012247436906623,-0.009006889
2026-02-23 00:00:00+00:00,-0.0209560181291911,-0.0191329021645713,-0.0007528532303637,-0.0075054824783844,-0.029366146585608,-0.0012277023768649,-0.0161634797607973,-0.0132750268273411,0.0104553302156468,-0.0021033106745521,-0.0049406354114165,-0.0105181512242748,0.0052555580190782,-0.0005623069664779,-0.000111867914866,-0.0028085107999999996
2026-02-24 00:00:00+00:00,0.0124331893306055,0.0108102962517845,0.0161855274826384,0.0058393744184391,0.0084156325864174,-0.0007673745102183,0.0128067946475764,-0.0006065368928269,0.0037935493348633,0.0047785840659994,0.0173231490204677,0.0046065313703408,0.0001490102954438,0.0002247134042259,0.0030579959232088,0.0045831582
2026-02-25 00:00:00+00:00,-0.0135736097967739,-0.0050829222565518,-0.0096939041421588,-0.0056299000701212,0.0174222301382396,0.0022423882144912,-0.0077281312964648,0.0084306716466576,-0.0087403542550213,0.0031440147547975,0.009577908601868,0.0007074806184069,0.0013004953122748,0.0048367436059736,0.0029788036196698,-0.008301070800000001
2026-02-26 00:00:00+00:00,0.0277053235720687,0.0108241860204008,-0.0002328630830188,0.0094238447471003,0.0127696969008314,0.0003953880019002,0.009472513152114,-0.0014476024343277,-0.0025113588501629,0.0009648136757962,-0.0019457103052793,0.0011892306424601,-0.0072349482184526,-0.0044945693895586,0.0032165366077931,-0.0054438533999999995
2026-02-27 00:00:00+00:00,-0.0007759693569922,-6.945383346458958e-05,0.0010015460080275,0.0188072283907287,-0.0161366056100303,0.0038476544200741,0.0061529644543514,0.0069524765248624,0.0104459191744954,-0.0048062119887663,0.003014451869459,-0.0127644627656782,-0.0037226910135519,0.0010520902778136,0.0061676252418948,-0.006127544
2026-03-02 00:00:00+00:00,-0.0017567250332715,-0.0172801241962669,-0.0177245312646635,0.0232603551817159,0.008541060886351,-0.010378688722288,0.0070485295544333,0.0053804662220225,-0.0006733634984843,0.0036273964225432,-0.0143811979196022,-0.0055026874574646,0.0018760551987716,0.000788740234425,0.0028216432318019,0.0030511279999999993
2026-03-03 00:00:00+00:00,-0.0018819756819894,-0.007062421224086,-0.0219827937456053,-0.0101074066362496,-0.0058472712691198,-0.0146743785351675,-0.0118108265746028,-0.0080251995006237,-0.0193240260746525,-0.0132741797532965,-0.0121223393789693,-0.0033396099865405,-0.0102648218799547,0.0019483532839956,-0.0024107963065306,0.0050032060000000005
2026-03-04 00:00:00+00:00,0.0099228141032281,0.0009750162973736,-0.0012914700506424,0.0019399787209973,0.0083082968497818,0.0075702409085502,0.0005580191247597,0.0045780264242233,0.0028375072535553,0.0169306747629368,0.0189093032618952,0.0054451189834585,-0.00014423378248,0.0053626730934059,0.0044666101687346,0.012791501000000002
2026-03-05 00:00:00+00:00,-0.0020808835025116,-0.0004445832437306,-0.0172176432146226,0.0054951837465082,-0.0045533636578452,-0.0223952917759064,-0.0143349740937254,-0.0056332872184847,-0.0138905939743445,-0.0093359805023149,-0.0098932457646092,-0.0001481688572003,-0.0105053729245654,0.0039085762066162,0.0013527726271279,0.0031993046
2026-03-06 00:00:00+00:00,-0.0089194913303813,-0.0143199611252852,-0.0118574886921174,0.0053197515752662,-0.015919504365009,-0.0207387995287445,-0.0117698862027931,-0.0139270933647935,-0.0156500894686371,-0.0206011487574197,-0.0104043413804369,-0.0130067348169933,-0.0064365761198637,0.0002962008533628,0.0033875934573518,0.0018457549999999997
2026-03-09 00:00:00+00:00,-0.0028317416076418,-0.0047242651341126,0.0038990698238732,-0.0142619900393727,-0.0057670363338446,0.0111545081055736,-0.0014545456328056,0.0060970244114925,-0.0042713801431555,0.0098080014848343,0.0080062554151993,0.0052183258906071,0.0103880969280435,0.0015757094753768,0.0016512243541802,-0.002972985
2026-03-10 00:00:00+00:00,-0.009806000624629,-0.0053153277835093,0.0038731764151488,-0.0076637905058622,-0.0064558401614458,-0.0131804838329588,-0.0115822303438244,-0.0024569942639238,-0.0033436912842164,0.0042010738973971,-0.0007017497021753,0.0034556322280572,0.0099359758618325,0.0032088056821072,-0.0019538336288287,0.0097473218
2026-03-11 00:00:00+00:00,-0.0123229167176713,-0.0146300520569627,-0.0190497655188516,0.0233468177422031,-0.0165483807017813,-0.0049828630407083,-0.0123529129448827,-0.0086350531700576,0.0012539938585422,-0.017736888165094,-0.013307404451531,-0.0013183864959792,0.0013697586950091,-0.0006955460828815,-0.0016220021441502,0.0021176940000000003
2026-03-12 00:00:00+00:00,-0.0113293978973156,-0.0145136566666909,-0.0184921729744072,0.0056481323655063,-0.0091339298568709,-0.0202335171289589,-0.0164352396297061,-0.0054262990624562,0.0065555973925473,-0.0069871139246277,0.00139757496254,-0.0111612668567462,0.0021346910241672,-0.0009910558509367,0.0025600822661423,0.004631614
2026-03-13 00:00:00+00:00,-0.0026538361176938,-0.0032387921631176,0.0026898285801927,-0.0032724169672237,0.0012829143299181,-0.003972314563842,-0.0027814572867618,0.0018032125788004,-0.012970416847148,-0.0045246595655666,0.0100144393281481,0.0008230291866357,-0.0016210148000235,-0.0006359532298712,0.0001090357221778,-0.0183932759
2026-03-16 00:00:00+00:00,0.0035483593932648,0.0071569723508649,0.0087491091920578,0.0027613741373951,0.0071852492744617,0.0094603501115651,0.0062415573897077,0.0102391696270298,0.0002368246565406,0.0133437942074235,0.0114072140709722,0.0053789949229093,0.00218478687664,0.0027586051371043,-0.0010371986943498,-0.004126957999999999
2026-03-17 00:00:00+00:00,0.0005924185163422,0.0063571755903433,0.0045140997132776,0.0146158743673558,0.0078983846397452,0.0066969517824267,0.0041660844588435,0.0035738844225539,0.0020638795138755,0.0070648260357059,0.0037569605011161,0.0051418117034195,0.0005709075107619,-0.0002035441632375,0.0017597458543672,-0.005901372
2026-03-18 00:00:00+00:00,-0.0191484833588609,-0.0211247225971084,-0.021290980788155,0.0030911773644516,-0.0135989820243839,-0.0151208181533847,-0.0133915109367698,-0.0142159576827085,-0.0229573248373236,-0.0135892663346808,-0.0047112640392102,0.000561434857707,0.0020257494409611,-0.0001043142753835,0.00121809555131,0.005465536500000001
2026-03-19 00:00:00+00:00,-0.0016087986047847,0.0018144765572596,-0.0047011707404026,0.0202248977348835,0.0025373738312822,-0.0019611157989825,-0.0008367071899474,0.013446704922628,-0.016402155487853,0.0023057375741796,-0.0064158057441986,0.0024415893461936,0.004857998484091,-0.000541370537152,0.0012143305352596,-0.0026347059000000005
2026-03-20 00:00:00+00:00,0.0039312202415633,-0.0112294594501668,-0.0115110933521714,-0.0037472473581672,0.0023096653267605,-0.0039932113372247,-0.0085212273891568,-0.0101829506915651,-0.0106436774517419,-0.032090915287309,-0.0397669399363463,-0.0006541397212255,-0.0056250967500055,0.0001332615533158,-0.0081432660601942,-0.006829807
2026-03-23 00:00:00+00:00,0.0081199123794766,0.0140332816492838,0.0072364747110437,0.0084521846841247,0.0022513846691694,0.0013323130851167,0.0018852884445486,0.0061374436180464,0.0136730150944524,0.0025926562094496,0.0086005349044812,0.0074041762058359,0.0016891906465542,-0.0017105171595882,-0.0024073926396474,0.013946046
2026-03-24 00:00:00+00:00,0.0031721785482781,0.0012615165204679,0.0024976253939073,0.0135262265745061,0.0045118331756483,0.0086605763015172,0.001879217230985,0.0129804584132732,0.023193492118772,-0.0031482350331513,0.0061977056339839,0.0060201340204247,0.0128287198972311,-0.0039180101044361,-0.0051454622789814,-0.016106059
2026-03-25 00:00:00+00:00,-0.0037592299309624,-0.0035593467396533,0.0010205700327294,0.0056275692418806,-0.0079582470486178,0.0022053837559865,-0.0018107981440045,-0.0038962329369867,0.017099227722088,-0.0071589614964526,-0.0004724386014814,-0.0001223195584462,-0.0006734459412924,-0.0020571122468108,-0.0003732494460473,0.011309628700000001
2026-03-26 00:00:00+00:00,-0.0127600687442216,-0.0054026906411735,-0.0050046728421291,0.0171320771763028,-0.0041392485873364,-0.000886277468562,-0.0121985448030714,-0.0104349274279266,-0.0030276376138149,-0.0062413793734313,-0.0028827262156634,-0.0046926856182888,-0.0099562547225621,-0.0011250344936844,-0.0039278512696351,-0.018431032
2026-03-27 00:00:00+00:00,-0.014901454620287,-0.0272777478204052,0.00077940950941,0.0110924654160249,-0.0257541509098263,-0.0286691133587411,-0.0193990940532451,-0.0224881135643522,-0.0078647905278279,-0.0155657910138397,-0.0056683830840213,-0.0060304052599994,0.0044236021934402,-0.0028610976516114,0.0009207544197211,-0.006169883
2026-03-30 00:00:00+00:00,0.0073668039983283,0.0019614514249031,-0.010592320705964,-0.0171370824759219,0.0093882502043921,-0.0015548162987193,-0.0047045870520249,-0.013040116747427,0.0073588334566112,-0.0027930967029309,0.0015198974980296,-0.0059731675026814,-0.0124196142780385,0.0019983446642014,-0.0042913999694744,-0.0026415699
2026-03-31 00:00:00+00:00,0.0237502161535364,0.0225757293493392,0.0171163285143513,-0.0164157402789624,0.0246948589314033,0.0233059139436487,0.0260316984854153,0.0367775830231694,0.0151704235233007,0.0269301189729259,0.0183697585862938,0.0152358483938642,0.0088829194758813,0.0028981958554817,0.0014078636020914,0.016381261
2026-04-01 00:00:00+00:00,-0.0038705578071194,0.0020580185270736,-0.0025156237937724,-0.0352990763683474,0.0008323358583176,0.0087913127246261,0.0073190199786796,0.0073503297093153,0.0066391763425652,0.0035597910960189,0.0069535308390047,0.0030899342056275,0.0090572715658436,0.0007299075956302,-0.0004590735231801,-0.004303601200000001
2026-04-02 00:00:00+00:00,0.0002113068422166,-0.0027131777457049,-0.0012942736775974,0.0071691803421201,0.0070220697441653,-0.0040411822330606,-0.0020655879625196,0.0126082146134924,-0.005286573303057,0.0196903055280488,0.0020922156910232,-0.008253480278676,0.0014697095619898,-0.0008888950702135,0.0052154713782535,0.0026186108000000007
2026-04-06 00:00:00+00:00,0.004468438481014,0.0104205229733107,0.0114414436803998,0.0044257620275062,0.0055839758922159,0.0061198157882329,0.0027043943718343,0.0010726961736441,-0.005437474590104,0.0029419544470043,-0.0015067417123479,0.000192558659586,-0.0006812241403766,0.0005749081069915,0.0019409407166682,-0.0027017626
2026-04-07 00:00:00+00:00,0.0210877101338996,0.0043702974341869,0.0057092806953453,-0.0354688096484723,0.0181059700103792,0.0092244693375498,0.0119996085652185,0.025020992258498,0.0048619358750131,0.0215647605546989,0.0185349186402886,0.0098644315686876,0.0058247105491906,0.0022216799061802,-0.0013359124281629,0.0139354886
2026-04-08 00:00:00+00:00,0.0016186300659919,0.0102186972237379,0.0088198074334017,0.0173345027834421,0.005691890036564,0.0139592174147466,0.0089711612022268,0.0036628971317512,0.0257823647503658,-0.0007326421220054,0.0017764101452043,0.0098862734818139,0.0065417609337879,-0.0040627874348716,-0.0083478635499863,-0.005173854
2026-04-09 00:00:00+00:00,0.0078865617613749,0.0034702957542707,0.0159058761182907,-0.0188463282862219,-0.0022990661061972,-0.0013526476693809,0.0025340092782244,-0.0044404966070852,-0.0032208867554399,0.002776633829438,0.0115172127389411,0.0086882010003958,0.0048444632774275,0.0006542728710584,-0.0091788090834965,0.0009031880000000006
2026-04-10 00:00:00+00:00,-0.0065334766677598,-0.0109469518889044,-0.0015663463088515,0.0046482005357648,-0.0133197625500093,-0.0083398943316101,-0.0083536812730517,-0.0141675921076729,0.0034386262130159,0.0073103625218778,-0.0001444236244389,0.0081987195540902,0.0039028608484712,0.0012755987775782,-0.0015047547080214,0.015956899
2026-04-13 00:00:00+00:00,0.0097017469650877,0.0074124827004312,-0.0049138790782813,0.0109691437793378,0.0249854278304989,0.0089668852223731,0.0114193880356045,0.0229619823498538,0.0061202664852238,0.0085114328723647,-0.0006257543429843,0.0012551891187797,-0.0069011158754708,0.0011773411603901,0.0080608450781349,0.005980287199999999
2026-04-14 00:00:00+00:00,0.0101834016967643,0.0095181540069794,0.008295614241918,-0.0139826686740747,0.006451687053875,0.0081814362634319,0.0025083879199233,-0.0112976230823234,-0.0020408130902459,0.017035190449643,0.0140141880921678,0.0085364463645511,-0.0010782291325575,0.0031498718731222,3.047030664200274e-05,0.020965050000000002
2026-04-15 00:00:00+00:00,0.0037058483653626,0.0065450555209514,-0.0061198135276115,0.0061317259502298,0.015063682224387,-0.0055562519121554,-0.0076261930349629,0.0030924736844898,-0.0077266350464442,0.0068112552445691,0.0019425830308512,-0.0047032594187538,-0.0087762587338349,0.0051511397834113,0.0095171711036991,0.0037931250000000005
2026-04-16 00:00:00+00:00,0.0080204836282981,-0.0050789264656338,0.0039836457127085,0.0111490499483931,-0.0013834107524341,-0.0050561858301786,0.0018541537072018,0.0195312655742283,0.0075668723261432,0.0067799203652394,0.0048781017524583,-0.0039591441243366,0.0013235559380738,-0.0013826270329082,0.0044612600317074,0.006291811999999998
2026-04-17 00:00:00+00:00,0.0128031823697683,0.025918536072938,0.0223880762476226,-0.0157812543313517,0.0069299766190531,0.0175997344874803,0.0145676669957773,0.0094659787977752,0.0029367997402128,0.0197019713176482,0.0038826221257078,0.0147074384341824,-0.0008923775573425,-0.0014444828210406,-0.0078016728672115,-0.0049652568
2026-04-20 00:00:00+00:00,0.0033065350920671,0.0017226961606945,0.0019249118402789,0.0064220991448102,0.0046301437556311,-0.0029271835588256,0.0039560703532235,0.0103800194148472,0.0050613830353619,0.0045093312754375,-0.0037244009991327,0.0024104979666534,-0.0019564633020837,-0.0014332435007133,0.001028757895761,-0.006849356000000001
2026-04-21 00:00:00+00:00,-0.0072143658594697,-0.0069103400272842,-0.0087299980142199,0.01501229088178,-0.0005789466792597,-0.0076624426066337,-0.0082071417548669,0.0113038094581279,-0.005714621057999,-0.0178401806964005,-0.0199247341704401,-0.0011365817343759,0.0010890295009431,-0.0019854984682158,0.0010154107156533,0.012556008000000002
2026-04-22 00:00:00+00:00,0.0003382678762024,-0.0176583815445879,0.0021743025202651,0.0139019091511927,-0.0040111639354087,0.0005336336976101,-0.0080855188513317,-0.0040462851649641,-0.0006175894757087,-0.0052771348665389,0.0016289668930533,0.0036840038823763,0.0036544499206003,0.0038827918366899,-0.0020266147585522,0.0089789673
2026-04-23 00:00:00+00:00,-0.0044512426200214,-0.0074686933785272,0.0078682394462976,-0.009340182273204,-0.0092569215878948,-0.0074631515174096,0.0105659417487768,2.320579902789232e-07,-0.0017910531818411,0.0098871019689931,0.0091633122599142,-0.0059914764331976,0.0097631219911636,-0.0004534680013832,-0.000941364774823,-0.003117695000000001
2026-04-24 00:00:00+00:00,-0.0194355980088204,-0.0055274348652552,0.0052428466569343,0.0124512145281391,-0.0072521725537698,-0.0067378543551988,-0.0085262209838078,0.0063406416466387,-0.000925495605511,-0.0015247297868627,0.008846816172877,0.0083171781531564,-0.0033928199844963,0.0033279992669332,-0.0026679998651814,0.0051738339999999996
2026-04-27 00:00:00+00:00,0.0013655697949362,-0.0079263772436807,-0.0087841742375419,0.0006329450510568,0.0052218948309167,0.0030803867096199,0.0017851113048918,-0.0044373540820548,0.0012663264666233,-0.004177171607409,0.0012740266461802,0.0009894046019911,0.0015581070514942,-0.0004999584016708,-0.0015499317797654,0.006077695899999999
2026-04-28 00:00:00+00:00,-0.0051392752703222,-0.0061952911197763,-0.0045167193379027,0.010989054894381,0.0015568800910947,-0.0107476973561539,-0.0060665223636347,0.0023898385913471,-0.0057380217222072,-0.0002062972626801,-0.0101319535605363,-0.0090932343053127,-0.0029677574237901,1.6332426424599565e-05,-0.0011606376571589,-0.01324960812
2026-04-29 00:00:00+00:00,-0.007914528130853,-0.0048105115065025,-0.0144405900611195,0.0072667829188809,-0.0090805302269124,-0.0139246938543296,-0.0042520730997199,0.0061690364588797,-0.015112098554828,-0.0103926114587872,-0.0150582201456161,-0.0059741289877299,0.0033749016972781,0.0025422850442984,0.0046199544192807,0.00704061
2026-04-30 00:00:00+00:00,0.0199223363164031,0.0107739293201373,0.0233201761457412,0.0206268848608353,0.0133680770952301,0.0187212019497229,0.0188005947107181,0.0139539091425565,0.0174407342067737,0.0225751623562675,0.0239340085760614,0.0058932409059014,0.0020888604602669,-0.0015620338442279,-0.003457323816487,-0.021274460000000002
2026-05-01 00:00:00+00:00,-0.0002023189293036,-0.0071741609510213,-0.001481543331459,-0.0174357549363785,-7.829059344009066e-05,-0.0054827098557793,-0.0093902379654601,0.0001968174052465,-0.0067215410024215,0.0071531407269179,0.0017129469568421,0.0003131140691079,0.0032964494064229,0.0029535322463958,0.0065280115201666,0.0006495444199999999
2026-05-04 00:00:00+00:00,-0.0074300333327595,-0.0231672604319926,-0.006887868834331,0.0094810856779283,5.5769846414486786e-05,-0.0034557913260457,-0.0121583572545924,-0.001661115238771,-0.0135494980593639,0.0009084681609214,-0.0012577396345523,-0.0034110036436266,0.0015088788214042,0.0003518708578822,0.0061865194488385,-0.0015130571
2026-05-05 00:00:00+00:00,-0.0019157843602916,0.002061751636476,0.0193222324914378,-0.0059239578938178,0.0017133632926977,0.0119504517821174,0.0031485761259144,0.0225855943384578,0.0158742636391682,0.0117981690377123,0.0052461876617377,0.0093263917185075,0.0069406784071008,-0.0013745728212757,0.0010389063441973,-0.008819108000000003
2026-05-06 00:00:00+00:00,0.0172193794699827,0.0173670671321562,0.0166190599772732,-0.0261879570774089,-0.0022508880183153,0.0051068273287681,0.0139957413132016,0.0053775658518854,0.0180376382246308,0.0155080297680943,-0.0062516588514323,0.0127942307654983,0.0014154796808775,-0.0019466763463961,-0.0066451525401824,0.002181623999999999
2026-05-07 00:00:00+00:00,-0.0103292207231442,-0.0094393296477816,-0.0073275860298822,-0.0187796235799232,-0.0048591811141828,-0.0028444468552388,-0.0057991353044582,0.0063152820844359,-0.0204491480353603,-0.0084546557355724,-0.0154334541598952,-0.0106861190695299,-0.0069760867267553,0.000853908722108,0.0057493229161146,-0.005626277000000001
2026-05-08 00:00:00+00:00,-4.36328179100744e-05,-0.0046726575981673,0.0070859332411584,-0.0048498220225679,0.0026748791133178,-0.0028830483115728,-0.0052128828381138,0.0145393275735224,0.0004854131000699,0.0075957976433162,0.0019252559118313,0.0053556748733746,0.0044304553873409,0.0015401589825128,0.00611874199459,-0.0008281460000000004
2026-05-11 00:00:00+00:00,-0.0082881858158686,-0.0174266767223529,-0.0141218918452507,0.0114036393215629,0.0023091984908,-0.0115957158934699,-0.0024714019856757,0.0010067737447129,0.0044526673230481,0.0098117257301983,0.0043677303603993,-0.0061252394865941,0.0134087270386785,0.0010959208293481,0.0064311371481453,-0.016337803
2026-05-12 00:00:00+00:00,0.0016927145194752,-0.0034904148635109,0.0030433967258246,0.00286233003436,0.0013573874548516,0.0168069399688837,-0.0016114313266808,-0.0133480805527899,-0.0009469238329289,-0.0052233311943882,-0.005560101096564,-0.0047441820107762,-0.0021499235820905,-0.0006194571273965,-0.0030483000695399,0.010200323
2026-05-13 00:00:00+00:00,-0.0023797959638816,-0.0076653829255418,-0.0006548932939847,-0.0143051481384649,-0.0117546936746068,-0.0060726080596313,-0.0091020190842364,0.0201046807565086,-0.0064132102207125,-0.0077035924991231,-0.019126005218741,-0.000737154784553,0.0097723057070035,0.0017361951634555,-0.0039434102064661,-0.009232510000000001
2026-05-14 00:00:00+00:00,0.0035458755726803,0.0029122727529014,0.0013590928988827,0.0129894288854059,0.0074471671933989,0.0023504911863641,0.0052741466724685,0.002926225280158,-0.0069578792148125,-0.0075814558129022,0.0084394234066416,0.0033228069428517,-0.0027629911323244,0.0004629509282633,-0.0030796318363159,0.015839501
2026-05-15 00:00:00+00:00,-0.0156061646976109,-0.0087401173598569,-0.0171955368873669,0.0102867681451128,-0.0031336297529013,-0.0153688378795477,-0.0091233496757813,-0.0055611984355654,-0.0231414801407088,-0.0172427970276011,-0.0301248596709771,-0.0106986634210042,-0.0062233184065395,0.0013412210892179,0.0011459218562482,-0.010395043000000001
2026-05-18 00:00:00+00:00,0.0113268407698988,0.006224420463101,0.0047106041054321,0.0170477250441618,0.01297720846596,0.0071863589180018,0.0060446318314716,0.0145974669498657,-0.0007571115809475,0.0087132948922881,-0.0007386060349115,-0.0070079259150161,-0.0114332423090696,-0.0004254508343933,-0.0004901415308326,0.0014613580000000005
2026-05-19 00:00:00+00:00,-0.0109229227948497,-0.0040948629880843,-0.0063445645298808,0.0027802527605177,-0.0092783824746115,0.0040312615066749,-0.0128986316210557,-0.002142948469852,-0.0215219085232169,0.0004830064814735,0.0043130050067635,-0.0058906943905945,0.0018706811497782,0.0005847805436748,-0.0006252136035018,-0.009500985
2026-05-20 00:00:00+00:00,0.0035585572445713,0.0176555365249329,0.0098386165535981,-0.0028287872895734,0.0051439521638387,0.007417130687829,0.0068158534987534,0.0060369154498551,0.0154345453860277,0.0149055270584503,0.0179064437936109,0.0153795352049989,-0.0013067650203268,-0.000987434150104,-0.0026750614693325,0.0011866696999999994
2026-05-21 00:00:00+00:00,0.0131177277630823,0.0128984949540516,0.0092813707558443,-0.0065981673060323,0.0040504082641398,0.0048530161317717,-0.0005573248688063,0.0147496090399422,0.0039075043145963,0.0056694754957014,0.0157835625529591,0.0038823993850659,0.0023381570393442,-0.0003261431141497,0.0029359380390769,-0.0025166220000000005
2026-05-22 00:00:00+00:00,-0.0041143106320303,0.0034879350666693,0.0021448574087073,0.0111414257589985,-0.0017891119780936,0.0041795655117372,0.0064326030812485,0.0256172334651559,0.0019706440765319,-0.0024072827348928,0.0057965005175486,0.0010864698436024,-0.0016892378357502,-0.004369730999418,-0.0018508208696037,-0.007782431000000001
2026-05-26 00:00:00+00:00,0.0074332633484454,-5.8457797097013e-06,0.0018170199749334,-0.014205276413585,0.0006419852110666,-0.0018192449013193,0.0075262893920563,0.0134306555395352,0.0100951161688889,0.0088656623652055,0.0111971724057471,0.0126811115281724,0.0089956238658933,0.0001384805509357,-0.001877545248052,-0.0054320244999999994
2026-05-27 00:00:00+00:00,0.0117852763794717,0.0146219191146861,0.0158484248234213,-0.0072892852536216,-0.0083433281358969,-0.002530492700714,-1.554438501754165e-05,-0.0107990964403326,0.0100969900060625,0.0002584414991016,-0.0002462324832508,0.0048814178995194,-0.0058804496271188,-0.0005387205292221,0.0007751096583554,0.0022167719999999997
2026-05-28 00:00:00+00:00,0.0016804208523002,-0.0001955706415468,0.0122938185810667,0.0138360880661224,-0.0018337366329861,0.0121998391729632,-0.0018833809197656,0.0127825329060814,0.003299263152677,0.0029486860663705,0.0046061779252992,0.0092705911142766,-0.0045771526836293,0.0007326742541703,0.0048261517515118,0.0186372802
2026-05-29 00:00:00+00:00,-0.010901584795854,-0.0054235190856174,-0.0116901118665292,0.0020074349548862,0.005785148854995,-0.006838182774397,-0.0015456171787119,0.0109899038677648,-0.0055302167721005,-0.0033493351408921,0.0028241583130425,0.0025980025466801,-0.0100112403382314,0.004096844983532,0.0032167556158074,0.00950101
2026-06-01 00:00:00+00:00,0.008964707241904,-0.0011913846401518,-0.0153154723987632,0.0155080634275615,2.5869830995297316e-05,-0.0102666786462838,-0.0040634999058235,0.0338886762395904,-0.0078776584332564,-0.0130917215096028,-0.0245299769280174,-0.0055055099421253,-0.0051972735898326,-0.0035007184739429,0.0068652482723729,0.00032300399999999913
2026-06-02 00:00:00+00:00,-0.0099425818535542,-0.0099670707441366,0.0031836530571189,0.0088738330207631,-0.0033493358030227,-0.0046213483846743,0.0041620563961069,0.0163340738069275,0.0097178317809197,0.0051287157237351,0.014720508956534,0.006974947732232,0.0125322855702149,-0.0011198844304355,-0.0072798492955532,-0.018253915
2026-06-03 00:00:00+00:00,-0.0196678166688854,0.00157762203448,-0.0003241551330393,0.0018829275416148,-0.0187156191092602,0.0156337978395609,0.0006624415568523,-0.0167117645603466,-0.0022823714649109,-0.0006950172977306,-0.0112360581365544,-0.0030436960087033,0.008274932238884,-0.0003122177465442,-0.0070949821094778,-0.024298904
2026-06-04 00:00:00+00:00,0.0031550727615743,-0.0026888770536081,-0.0033517131700177,0.0071575760462131,0.0236322379721322,0.0214900957994922,0.006864815091398,-0.0022921754478166,-0.0017857611739174,0.0198059907906021,0.0066399613013084,0.0026390689806079,-0.0039057657955785,-0.0002992781957713,0.0020563200645536,0.011658269
2026-06-05 00:00:00+00:00,-0.003164020615719,-0.0005800077281364,-0.0028152838051487,-0.0364589420063902,-0.006414476801142,-0.0043826469788898,-0.0090133824006008,-0.0298720592237457,-0.0169465774087103,-0.0114049890754961,-0.0134492599867981,-0.0110920860223931,-0.0053702122060201,-0.0052242247059961,-0.009249695623939,-0.006172157199999999
2026-06-08 00:00:00+00:00,-0.0006453518060248,-0.000637003385785,0.0087021557746687,0.0155911012465632,-0.0025119623280749,0.0013634712007836,-0.0019900508839774,0.0060086872121925,-0.0141299297130533,-0.002463619023711,-0.003343920466413,0.0091195467654785,0.0041719544331266,0.0032974569342239,0.001252955948665,-0.008774751
2026-06-09 00:00:00+00:00,0.0080593943944797,0.0153794101651111,0.0143848775622653,-0.0132626403954294,0.0020034007157654,0.0202430441746762,0.0125645216154665,-0.0037335002783671,0.0144663114901784,0.0096724174261256,-0.001115186088413,0.0026157293127132,-0.0039956941315756,-0.0039736231979761,-0.0099930943396254,0.001655208
2026-06-10 00:00:00+00:00,-0.0062020359699263,-0.0122641087276949,0.0019739637583628,0.000627497337327,0.0026066668181642,-0.0166550064521448,-0.0260832604137555,-0.0183309168051441,-0.0201405525257435,-0.0059503367076183,-0.0153435688488896,-0.0150401798652319,0.0031595312892795,-0.0019467469749203,-0.0012782357100717,-0.012164023300000002
2026-06-11 00:00:00+00:00,0.0107901053428302,0.023397951999389,0.0250310517487643,-0.0071848499430798,0.0108229971032588,0.0141552045377061,0.0215174920799607,0.0117876813548334,0.0308647775206462,0.0092429639345943,0.024974712750794,0.0193262728865028,0.0124686548728954,0.0033113446563838,0.0014772462653903,-0.012698583
2026-06-12 00:00:00+00:00,0.0017531042668395,0.0063862706828573,0.0096485882693949,0.0087536638162437,0.0141324367734645,0.004344747972445,0.0042734283553609,0.0032141339777341,0.0191654153482011,0.0099495731966434,0.0102017741977558,0.0015403256557887,0.003097528726134,-0.0007190872416668,0.0009892970934584,-0.0035697109999999997
2026-06-15 00:00:00+00:00,-0.0105715232959774,0.0056549300936321,0.0069419522353966,-0.0168570044869125,0.0022969812332686,-5.56166528995947e-05,0.0050976959778843,0.0011759356693973,0.0049935587281482,-0.0024328984405389,0.0186872558326925,0.0115911550232556,0.00313995563377,0.0057091825582479,0.0007026114085884,0.012207938
2026-06-16 00:00:00+00:00,-0.0059369582321289,-0.0006345236960441,-0.0051678087244391,-0.0079290750549995,0.0071140589153878,-0.0009822960305629,0.0041939432287687,-0.0076624412608271,0.0028705838901085,-0.0050510586432445,0.0014716222400757,0.000726139490768,-0.0052054733324992,0.000147030420127,-0.0057579079739581,-0.004121537999999999
2026-06-17 00:00:00+00:00,-0.0193080315686527,-0.0188834057199985,-0.0192002735233227,-0.0175088543315222,-0.0081525354416523,-0.0138015150016875,-0.011883975032586,-0.0163169264861346,-0.0130560539983884,-0.0199998618418922,-0.0098427346175713,0.0031494597540448,0.010129377688025,0.00180579826124,-0.0009747888090126,-0.003029278
2026-06-18 00:00:00+00:00,-0.0013812871893988,0.0063008040882807,0.0094310649301004,0.0020111846179286,-0.0070660331230793,0.0030353362270772,0.0013293156885801,-0.0017941777906372,-0.0042059346938382,0.0032137953047562,0.0155442390137658,0.0131365042087273,0.0018166251659408,0.000732333397314,-0.002409239516068,-0.0024265257000000004
2026-06-22 00:00:00+00:00,-0.0125341186933625,-0.0135092002710674,-0.001165712320393,0.0137306952835654,0.0026473314299355,0.0007931662569502,-0.0007689710538621,7.800312753410806e-05,-0.0027717791294137,0.0065578696464421,0.0071498400287307,0.0049092392732357,0.0101878571535738,-0.0027147460787323,-0.0014643404420394,-0.0266753933
2026-06-23 00:00:00+00:00,0.0065706416236651,0.001932330688089,0.0035766910409515,-0.0035303143532786,0.0001651967582454,0.0077407423228377,-0.0110139225799839,-0.0064975703450412,-0.0119190190026429,0.0055960770680912,-0.0042799755414064,-0.0126079555833437,-0.0085508268761476,-0.0030148428310496,-8.862631036271757e-05,0.002686218
2026-06-24 00:00:00+00:00,0.0006684682574503,0.0162098613999688,0.0118450922615873,-0.0070861014585252,-0.0037115636531286,0.015584933457786,0.0126214689126435,0.0132376806696216,0.0020461037472285,-0.0001745755653663,0.016279919667798,0.0069301508219649,0.001137577118962,-0.0050366320927154,0.001857171478944,-0.007843698999999999
2026-06-25 00:00:00+00:00,0.000823382059543,-0.0064479937366012,0.0095803018605068,0.0182423151710295,-0.0079409668280134,0.0203767409393608,0.0149559192134184,-0.0022044893875172,0.0130109420505392,-0.0009869378225905,0.0040155544138867,0.0067419704031733,0.0014201247682644,-0.0025075728918603,-0.0097884479120358,-0.015831293000000003
2026-06-26 00:00:00+00:00,0.0074006401695442,0.0072896682370007,-0.0011466945340562,-0.0016633885636489,0.0106250330859107,0.01172475495678,-0.0033025574359978,-0.0022568813848682,-0.0028992607475671,0.0151653901322459,0.0067767169425938,-0.0108329455948265,-0.0158670594624311,-0.0008893692391576,0.0078341959593618,0.013317338000000001
2026-06-29 00:00:00+00:00,0.0112425224656323,-0.0013532012981015,0.0004498397670035,-0.0033800711679956,0.0040983547056427,0.0010626827864811,0.0029417445364435,0.0083996119653128,-0.0176267520921982,-0.0014512831243622,0.0004164757061879,0.0028429396920212,0.0053838160639152,0.0021164399069699,0.0028282435505287,0.0033466400000000006
2026-06-30 00:00:00+00:00,-0.0098890976793496,-0.0028470515286752,-0.0142363073415802,-0.0060070599217645,-0.0007713088005035,-0.006699761854022,0.0081819153682249,0.0076202171435548,0.0001160899672803,-0.0186730096921278,-0.0098470747017372,-0.0004814590867266,0.0062237245921331,2.060494790888422e-05,0.0030732163298724,0.0054920179999999996
2026-07-01 00:00:00+00:00,0.0174789155897078,0.0020708524960482,-0.0014572329540524,-0.0146227482609872,0.0238893284251404,0.0090176458425546,-0.0008495135794082,0.0012186880137589,0.002643232678238,0.0029005174026755,-0.0133813621730381,-0.0070640581946217,-0.014438948904487,0.001555616637316,0.0026461558388456,0.014589743999999998
2026-07-02 00:00:00+00:00,-0.0011296603919294,0.0074651204046282,0.0014767162003533,-0.0056695855238186,0.0151627676204716,0.0192842276699684,0.0077255821314442,-0.0038405579528349,0.0202032248312116,0.00449230074592,0.0071945872720464,-0.0106137984176806,-0.014495106325777,0.0016538344166444,2.426226721288875e-05,0.0064349531
2026-07-06 00:00:00+00:00,0.0032271144331735,-0.0078365910356159,-0.0075382380932029,0.0042927007477951,0.0110490336425919,-0.0021808623031544,0.0053940054446499,0.0031433566750393,9.592551551107564e-05,-0.0069516768303988,-0.00377975773006,0.0035474042521436,0.0047580510432094,0.0005112565628193,-0.0003258914428681,0.015756838
2026-07-07 00:00:00+00:00,-0.0037152901936693,0.0032283122188748,-0.0047021846280177,0.0150102819123105,-0.0012685203129968,0.0022712724162777,-0.0084936291752242,-0.002633125886277,-0.0050204769591871,0.0025739430298092,-0.0048810593258657,-0.0137545066306136,-0.0079112750167242,-0.0002792327504315,0.0013053006765185,0.0070958110000000005
2026-07-08 00:00:00+00:00,-0.014380707923513,-0.0116351546453976,-0.0061379838840544,0.0088062658742592,-0.0139972199336984,-0.0135938058950558,-0.0088021884629185,-0.0050151788190335,-0.0222557421710585,-0.012441826553195,-0.0036641742560787,-0.0069733806460044,0.0108901601276727,0.001691104371987,0.00742098366155,0.007063552000000001
2026-07-09 00:00:00+00:00,0.0067573939604254,0.0065877716654126,-0.0001950377782188,-0.0022296966871417,0.0119222754234631,0.0062250143291476,0.0011197505794881,0.0134418804834376,-0.0004643723064783,0.0050227427536817,0.0032585852664859,0.0102038868075728,0.0044018140101063,-0.0001564951680753,3.614822624143584e-06,-0.0027787559999999994
2026-07-10 00:00:00+00:00,0.0012516034071223,0.0094797245199794,0.0112987917366528,-0.0012830522178137,0.0020455800212258,-0.00200105668995,0.0048852364496703,0.0037678284440817,0.0119550689151865,0.0015606045664051,0.0014494918648344,0.0004193516576875,-0.0019359030623841,-8.661398239411543e-05,-0.0043419238453455,0.008473907333
2026-07-13 00:00:00+00:00,-0.0012653814347683,-0.0073164411148115,-0.0064752811113701,0.0194807940033931,0.0045374749668643,0.0020113418664218,-0.0006636400798535,-0.006313558116688,0.0002219102442351,-0.0009526487455937,-0.0053331143356078,-0.0113544156669016,-0.0074405446092016,-0.0025444974779055,0.0012243786676385,-0.001098209
2026-07-14 00:00:00+00:00,-0.0048606756516723,-0.0024723776450839,-0.0045189649121001,0.0056411892828154,0.0002655106970392,-0.0139938588949685,-0.0024329177884263,-0.0048915844772956,0.0025148794645027,0.0024449886238694,0.0102319048186914,0.0074781012113367,0.0110992942382585,0.0026984652539901,0.0009838557541865,0.0033956338
2026-07-15 00:00:00+00:00,0.0113464168495511,-0.0013349770297114,0.0030548602589092,0.0007580970974809,0.0025662096482175,-0.0001411982895581,-0.0043687404136369,-0.0118068494007877,-0.0027460618250218,-0.000777323991006,-0.0112899100663295,0.0083491201381709,-0.0096658415266506,0.0033505063950704,-0.0088537793908882,0.0091259483
2026-07-16 00:00:00+00:00,-0.0004827318296557,0.0130740969432879,0.0117622744521883,-0.0031381166292517,0.0027527305762333,0.0128548816894729,0.0126312662684079,0.0159459275642599,0.0063499048418291,0.004186098371456,-0.0153563441635326,-0.0066002180134067,-0.0136208506853831,-0.0056129194710012,-0.0098227650513202,-0.0109966703
2026-07-17 00:00:00+00:00,-0.0112565451924487,-0.0065364536678674,-0.0110322645568635,-0.0001966806786099,-0.0032538552496271,-0.0048252044529266,-0.0061942997788029,-0.0041973464117259,-0.0020836365721661,-0.0024014816536243,-0.0110586572495215,-0.0091154078530698,0.0055000709859002,-0.0032041352040912,0.0049054992589318,-7.667166999999952e-05
2026-07-20 00:00:00+00:00,-0.0051328704305135,-0.0048438135252353,-0.0010105341800181,-0.003046403096919,-0.0018606934371293,-0.0095206025397675,-0.0047142146872538,-0.0076640927809798,-0.0083552805881519,0.0008029680424963,-0.0011431594706698,-0.0042125238338834,0.0007226240960572,0.0019053101587014,0.0068879566954908,0.008365873
2026-07-21 00:00:00+00:00,-0.0025624774629697,-0.0005105161548511,0.0063629774633029,0.0211092678760347,0.0019398399066702,0.0057657448296282,-0.0032887120288438,0.0018182394549654,-0.0008142135928845,0.0092735792457135,0.0138790202168241,0.0074778172060869,0.0142772504102978,0.0012586538787026,0.0069489782800615,-0.007138527899999999
2026-07-22 00:00:00+00:00,-0.0055322008440478,-0.0062272323013392,0.0036365237123409,0.0145722339993713,-0.0071311954907847,-0.0070366656604031,0.0030160819266437,-0.0032510665238321,0.0157316397948911,-0.0074170988680183,0.0162246816247603,0.001016868957744,0.0034247266466671,-0.0004523956467204,-0.0060865915950721,-0.0041641230000000005
2026-07-23 00:00:00+00:00,-0.0259371216934464,-0.0139975534107806,-0.021010851208445,-0.0116747549425248,-0.0045795333497918,0.008277079530925,0.0095667557423409,-0.0038843248641379,-0.0113852750803721,-0.0076682609440783,-0.0028307359682503,-0.005475482158052,0.0033550718473329,-0.0024867646221423,-0.000741671057531,-0.0012380310000000001
2026-07-24 00:00:00+00:00,0.0057570355925449,0.0142635022891836,0.0020898190219308,-0.0002753169079382,0.0075391979396294,-0.0001416296363471,0.0061683517659732,0.0190101148727776,0.0175822411416703,0.004327794163499,-0.0086545169007502,-0.0001109797007481,-0.0137032474466748,-0.0041601329592831,-0.0086808103417166,-0.013150617
2026-07-27 00:00:00+00:00,0.0133990119359357,0.020430174545464,0.0157638200718831,-0.0176533985322715,0.0094732273884993,0.0068137625846041,0.0072852725616907,0.0141546494437695,0.0034098671729561,-0.0001782476352448,-0.0093669946784946,0.0041277182628745,-0.0140147432588829,-0.0001483321910802,-0.0013015705178991,-0.007751165
2026-07-28 00:00:00+00:00,0.0191056951115375,0.0234705729570797,0.0137668639722863,-0.0060933933254116,0.0116301715861944,0.0276963648085046,0.0034657798904003,0.0153444423203328,0.015981214240848,-0.0023012678034599,-0.0079710863461053,0.0001278026731496,-0.0137598701419907,-0.0036881314701096,-0.0050887314567899,-0.005513288000000001
2026-07-29 00:00:00+00:00,-0.0151039732657328,0.0001177017974749,-0.0083909810173805,-0.0038416588329765,-0.013004545029866,-0.0021501273316185,-0.0248501051396863,0.0051269386004337,-0.0098682745130738,0.00068884277037,-0.0247363253657202,-0.0084415430677106,-0.0137886234725366,-0.002064406884789,-0.0013973209761825,-0.012620049
2026-07-30 00:00:00+00:00,-0.00601995167102,-0.0031744155521933,-0.0021449126651148,0.0221319168490034,0.0036317160033936,-0.0023418217808773,-0.0026224293803612,-9.850201786723827e-05,0.0047142958157609,-0.0006702536244574,0.0140036630346265,0.0081233102586369,0.0243479100030623,0.0061596482539708,0.0087828524061546,0.028439414800000007
2026-07-31 00:00:00+00:00,-0.001999766562582,-0.0075856293911829,-0.0127071851570106,0.0121336912501667,-0.0033182772269975,-0.0036532724022201,0.0073535218713798,0.0012469650330819,-0.0158475962182743,-0.0092205395526308,-0.0151344919179316,-0.0038664431048498,-0.0033407705211148,0.0011106574223044,-0.003715081417274,0.0166174847
2026-08-03 00:00:00+00:00,0.0234191268971636,0.003889025145558,0.0132764331161168,0.0052213507839554,0.012594811621219,0.0110069415888771,0.0151387858072956,0.0104176581886787,0.007148870809169,0.0150903689810111,0.0184368564712301,0.0124656983492503,-0.0002138594195467,0.0013372758435383,0.0061561646524605,0.036148722700000004
2026-08-04 00:00:00+00:00,0.0132252604868678,0.0032633791642799,0.016767056635963,0.005248197861302,0.006778007461742,-0.0001346581020848,0.0176563886500729,0.0436245565625204,0.0164693307355267,0.0043018826093372,-0.0020997091284974,0.0063387741382814,0.0008240288997407,0.001231523171344,-0.0016796453091071,-0.0022546902000000007
2026-08-05 00:00:00+00:00,-0.0067900465556741,0.0056359660386775,-0.0063682047201915,-0.0242582538095785,-0.0010299084710593,0.0028114005503715,-0.0005537324113807,-0.0030790395735941,0.0049929996083212,-0.0080336990635333,-0.0144462282668658,0.0013177258022976,-1.886419133687593e-05,-0.0024398373775093,-0.007391322138869,0.0012895090000000003
2026-08-06 00:00:00+00:00,-0.0025237354988259,-0.0018205594629677,-0.0115204480360289,0.0014741330952224,-0.0058320836507415,-0.0048252886276808,-0.0043714080558596,0.0158782886746024,-0.0022930054427991,-0.0170710189321948,-0.0136697487327837,-0.0081979829336559,-0.0020565247057337,-0.0002415172208245,0.0001857798925896,-0.0026042719999999995
2026-08-07 00:00:00+00:00,0.0047197826083591,0.0075918572561464,0.0087673764505033,-4.783271148617211e-05,-0.0001990959557319,0.0109766452787058,0.0040564710018081,0.0039719391718854,0.0084229816545252,0.0083925369240363,0.0116755781694041,0.0057422235620828,-0.0041065800151238,0.0019314794295567,0.0019271673755296,-0.0011118932999999998
