,Communication Services,Consumer Discretionary,Consumer Staples,Energy,Financials,Health Care,Industrials,Information Technology,Materials,Real Estate,Utilities,Beta,Momentum,Size,ResVol
2018-11-20 00:00:00+00:00,-0.021827017379889152,-0.016752880361891893,-0.013665335058367888,-0.03851820379311625,-0.019448148462999228,-0.008323201210661683,-0.0210701682656583,-0.009940840932885168,-0.022160230450545344,-0.005579811765809053,-0.0010531680703012602,0.0040640682638469405,-0.002146254981362448,-0.0010316404164389184,-0.001133290070341398
2018-11-21 00:00:00+00:00,0.011209605534544451,0.011679742616441398,0.002875829371440643,0.023014872202600987,0.00788009085984654,0.0028484622315397556,0.009241484721090064,0.0047262032374756355,0.007244027044642045,0.005841279851663483,0.0015894441639003514,0.0061267924659082745,-0.001012522016792139,-0.0028391437703443136,0.002586429777224418
2018-11-23 00:00:00+00:00,-0.002249537148353745,0.0015780644551464332,0.002734279634329888,-0.03445052410339251,-0.0026109369628601053,0.0016806736215589449,-0.005168047827051006,-0.0012041334697768576,-0.008937122739756692,-0.004210727350775579,8.198297786600155e-05,0.0011817499500570102,0.001373516596706816,-0.0019433436167479155,-0.0012458485914051292
2018-11-26 00:00:00+00:00,0.007833175765484804,0.01576625978431221,0.010821104518712125,0.018278586235694876,0.019480178183175274,0.009912337599403478,0.010154100265624341,0.008531624600712568,0.005768806808419263,0.015425030618633368,0.02306296825760646,0.00815349863345493,-0.0005871273757504193,-0.0003220430679625585,0.002997551404268557
2018-11-27 00:00:00+00:00,0.005104999207872175,-0.0009449768836999276,0.004129284193233063,-0.0030731982039143377,-0.0013334397505497223,0.007194317370547957,-0.001831075922029369,0.0017901359225317196,-0.011249024009362438,0.007249645933510579,0.00823726598726933,-0.0010982932727200234,0.0023036560436993196,0.005800486320892925,0.0012386955880830193
2018-11-28 00:00:00+00:00,0.015457433273692346,0.022117419340663497,0.012010166216060162,0.01140336057579324,0.019480015618222,0.02498419802100048,0.02208184188588198,0.020964900851495792,0.019844884235868415,0.01703853534496392,0.010808730274492081,0.007553306396793112,0.0014532795163298869,0.00014915166275452155,-0.00014833363224867752
2018-11-29 00:00:00+00:00,0.004832868937993778,-0.007962372681048137,-0.0011986182529879214,0.012483451723216393,-0.006105381218753927,-0.0010143991631038475,-0.002121754607222748,5.182371196112926e-05,0.0054113592488934156,-0.0032860045206324173,-0.009169160944432202,-0.0019159148174107865,0.005265870460941975,-0.0012526031658854882,0.002431908257206375
2018-11-30 00:00:00+00:00,-0.002108822016454151,0.00035739878484582715,0.0009735625195621498,-0.008515985317022613,0.0055041293603521725,0.005453362995761146,0.011027732765139726,0.012477356316377756,0.0003392578127258717,0.008282263911533482,0.012016120143324613,-0.0012082749847948365,-0.0010198701825022633,0.0022486226233816055,-0.0016235188550879284
2018-12-03 00:00:00+00:00,-0.002482849241902141,0.016456121979617135,0.014468571262465183,0.024106234433080274,0.007736923401204881,0.010456336865848534,0.005375295629108188,0.013522807608835976,0.012864895034734345,0.014295686126442116,0.022716234300167143,0.0061602642419504245,-0.0008752900768071942,0.0005384674796237963,0.0023260515244580776
2018-12-04 00:00:00+00:00,-0.028576113982078197,-0.03521823064394235,-0.03679615222478981,-0.024349769805292642,-0.03808108012984975,-0.02624796849780494,-0.04155389917680322,-0.02724698613145823,-0.026730092631723632,-0.029270634846108215,-0.019127296866919618,-0.01202684498980432,0.004317114959169529,0.0009588793432909574,-0.0011098232407437195
2018-12-06 00:00:00+00:00,0.006190851956877092,0.0004017256904902246,0.0028804624219080322,-0.019694132969160092,-0.01010752563864799,-0.00435838500406622,-0.004652809765956011,7.71271000053713e-05,-0.014753698059597437,0.030829938370592478,0.005251136174111217,0.002349858137883505,0.0007226538282945975,-0.0001212893303219316,0.0017500179643018068
2018-12-07 00:00:00+00:00,-0.018432518879421926,-0.03150471728520877,-0.023106502110275706,-0.004094813713732459,-0.019432462095764234,-0.026669552961537432,-0.024290571972612026,-0.02816335419292256,-0.020181662615192168,-0.026253612979528315,-0.012182608172773123,-0.009312859404904474,-0.001442151482339683,-0.0020604052868072147,-0.00122053252669789
2018-12-10 00:00:00+00:00,-2.4694902214764037e-05,-0.0026783624607946395,-0.006190891678458588,-0.015501742701240825,-0.0051423897004467135,0.004756081177783164,-0.003853931835015898,0.010864543337821726,-0.0011715564260296716,-0.002390362338462461,0.002192226362988439,-0.0011277404695312142,0.003649468405793777,0.004142073717708349,0.001456306509176701
2018-12-11 00:00:00+00:00,-0.0021400233533498767,-0.002697104980421388,0.013409508545608472,-0.0005050819510106917,-0.008759367790208725,0.0026482740169855106,-0.010162454731352405,-0.0025009751339212316,-0.004183628118750496,0.0023120307441412804,0.006788055114213378,0.002022093675767501,0.0005089177350044004,0.0009909516939239401,-0.0007725649622136791
2018-12-12 00:00:00+00:00,0.006906354161147585,0.014896530597763564,0.007831991444423292,0.00830385619896442,0.007408776645124557,0.007403138193378964,0.004567971402519298,0.008007328671488149,0.00381263430236449,-0.012133617891358228,0.006047399217952184,0.005581188512914275,0.0006953197127157664,-0.0007823700241370458,0.00025105707743442937
2018-12-13 00:00:00+00:00,-0.005121674321624918,-0.00718618145231352,-0.0031395322243704055,0.003490776111985882,-0.0062527523014609026,-0.0034870533751525435,-0.007234456356166432,-0.0019228648288561123,-0.008822432700646386,0.0006724771404931657,0.0001905134571120893,-0.0044616575970938335,0.000829506793428966,0.0009369268278514864,-0.001618221164757177
2018-12-14 00:00:00+00:00,-0.01145766736717877,-0.00877736829571544,-0.012876994505100324,-0.027489017360342868,-0.013945666772618817,-0.026567546947034726,-0.014816205190986906,-0.019024361830751003,-0.004510566401867471,-0.004508259821624826,-0.005378397975482074,0.00030316352300124687,-0.0009923611731444321,-0.00027410560307914063,-0.0023512760629967357
2018-12-17 00:00:00+00:00,-0.01087782322123521,-0.018613604729957683,-0.02269868392935992,-0.024698870217284737,-0.014042793097670925,-0.021620646916420225,-0.012350402863255647,-0.024444202665006843,-0.02200111485335547,-0.03761352854813251,-0.03332728933208377,-0.0018287127853099903,-0.005802566173376361,0.0016115154062619104,-0.001961276714312377
2018-12-18 00:00:00+00:00,-0.003337481358720195,0.005729843961712452,-0.0071644647816613595,-0.02138001090775449,-0.005650190594642069,-0.00753765916037161,-0.0024687735704427317,0.003660050173935022,0.004706034882068198,0.007793217436085374,-0.008099521825573518,0.0035477509375837516,0.0014020440243955436,-0.0024975774572709485,-0.0023538380545429153
2018-12-19 00:00:00+00:00,-0.00998818522663312,-0.018798051026416938,-0.01324743033521783,-0.007868868683604362,-0.012873015123201327,-0.011776033751612562,-0.01311104463544083,-0.015333732328388016,-0.018907583159115872,-0.012706889296480117,-0.008602094743101762,-0.005497854325463593,0.0005409492584095184,0.0016068386151793547,0.0014822993184599401
2018-12-20 00:00:00+00:00,-0.015881293671129774,-0.019386989373090018,-0.015346274796530222,-0.027880124202345764,-0.010106246015304559,-0.016462350492394057,-0.009854962938670301,-0.011256819288821638,-0.009661011724131828,-0.013714581224129021,-0.003856926943164743,-0.003432567582276769,-0.0014545230825810836,0.0033646938134607486,0.00030618009560896657
2018-12-21 00:00:00+00:00,-0.028062654062212485,-0.018170445277826627,-0.015986390300511577,-0.017318670858200914,-0.020611419670537073,-0.01383127206898881,-0.01894076864876126,-0.02206413750593491,-0.009947277893218809,-0.02370631798880903,-0.023210390087312464,-0.005614410602334146,-0.00032853948483346253,-0.0025392070677912396,-0.0037507314092282557
2018-12-24 00:00:00+00:00,-0.026057980813358198,-0.019952567824175496,-0.023846461731534253,-0.043154089680954306,-0.020962112252640677,-0.025449509711717784,-0.02843345858763007,-0.030144412247628975,-0.02281401055196869,-0.03354127846856375,-0.034243963577948525,0.0032933215128475,-0.0020265914426657265,-0.001978617939896267,0.0018498806637158626
2018-12-26 00:00:00+00:00,0.0388373810193238,0.05010599547771208,0.041627116817912216,0.0691712511427303,0.050108286916213954,0.04493387994145207,0.04351016344188011,0.04365605528574851,0.04757871458992583,0.04828366542047477,0.03713497369868551,0.011207590086786241,0.0024497392376368124,0.00452431263867616,0.002041016102249032
2018-12-27 00:00:00+00:00,0.005922711914583483,0.0031938378814407534,0.006253232655420113,0.00585470156345237,0.010961875895334653,0.008048231013067746,0.01135483693686164,0.01234394812949255,0.00901649506793689,0.00015957088919407725,0.0042768880872009266,-0.00013075302714058085,-0.00037636134025517817,-0.0002153171372263011,-0.001835263196791392
2018-12-28 00:00:00+00:00,0.0023419035266070845,-0.00029011501611226655,-0.0008823085279617208,-0.004629371155710974,-0.0016890135690089416,0.0017129576957399428,-0.0030288261987175594,0.0047130906221336775,-0.00530757813763204,0.0017012520476029612,0.0016813771098126568,-0.0016371863021079505,0.00036542360617910493,-0.00010454903725561245,0.0020748759524276054
2018-12-31 00:00:00+00:00,0.007461822624087889,0.00942536191507829,0.006735634068171835,0.005725920868271845,0.00823175181747332,0.013201365433175136,0.0069774509581905465,0.00951546411086414,0.008550062560949173,0.00045213019443335074,0.005430011402547363,0.0023661333942922077,0.0014385949420392934,-0.0006364862868424043,-0.0021397873715780177
2019-01-02 00:00:00+00:00,-0.0014990348209060816,-0.002226083290205308,-0.008316112237577571,0.017821059017958496,-0.0022504697324032233,-0.014794649878773684,0.0005605947868900314,-0.012502025097297979,-0.002288985469861562,-0.02421002887970939,-0.019580105800885757,-0.002177194936378743,-0.006093964761307389,-0.0025320925988122625,0.0023945233546357387
2019-01-03 00:00:00+00:00,-0.0038668704568111047,-0.01788408741044982,-0.0061428700061408985,-0.0014054156248196996,-0.016915951190524598,-0.0206491024113442,-0.019505953155100904,-0.029022497170813018,-0.01958424143523002,0.004367759770664375,-0.004243113199666771,-0.00588375359428471,-0.00011898426421899123,0.003254311399304875,0.0023475017133893017
2019-01-04 00:00:00+00:00,0.038221009728607765,0.030586715828897,0.028534087248706118,0.03501963470205065,0.03430158504792784,0.031351428323384424,0.03626527379141658,0.03476896561074793,0.04177808653605247,0.017359490454930043,0.02077405633592444,0.010076732487937234,-0.0007270433443374788,-0.0011555435762656274,-0.0016635188751715681
2019-01-07 00:00:00+00:00,0.009909635042537874,0.01927630760385967,0.013980353076013214,0.01641831682224942,0.005877367518248921,0.006615334408301671,0.00568637819363469,0.008437336848411303,0.0077015697697904026,0.017051015748865146,0.01423287546994962,0.006052242270139186,0.0013388861137897346,4.7686016596595535e-05,0.004874110133629747
2019-01-08 00:00:00+00:00,0.012384958148936049,0.016433081675618022,0.01572202529571339,0.015073343842670131,0.0031517115795220408,0.010281588669875222,0.008581547462619672,0.0071994459497672384,0.009205630222376394,0.019377844064931236,0.014354747227374186,0.004872687456323617,0.0019891135242973024,-0.003304976187017021,-0.0019087711681079781
2019-01-09 00:00:00+00:00,0.004702582894354747,0.009565818382920782,-0.002512918740503854,0.01167557202734957,0.004432726524934794,0.010326501520323985,0.008354851043775185,0.014269148268705312,-0.0009820124037579012,0.001436413794516366,0.0004559752522607168,0.0025782036605343337,-0.0029835691102922217,-0.0019465793235099232,0.0001844636650945291
2019-01-10 00:00:00+00:00,0.00587572204568117,-0.002143223766547276,0.007575569579824885,0.0018306024982882125,0.001656373196277561,0.00851851376561596,0.008909137256517333,0.0097352703398441,0.00836819900175249,0.013592823264270493,0.01286416514230822,-1.51222170569316e-06,-0.0004172751538953932,-0.00019261124487083214,-0.002376821938101656
2019-01-11 00:00:00+00:00,0.0026649741116570977,0.005236138795692149,0.002663372266136273,-0.00464937841275509,0.00027907944316310496,0.0027033820333536925,-0.0006844354847650362,0.0022478841863361396,-0.003009590593786748,0.0044077016798266585,-0.0006385613465403628,-1.760596714735598e-05,-0.0012875892788729792,-0.0002270449736998881,0.0008486017789429779
2019-01-14 00:00:00+00:00,-0.00546834089869128,-0.00599179101815101,-0.006436084262589972,0.0022261210869034963,0.004327720653658291,-0.010058856444209384,-0.002909028386347846,-0.011856208472878875,-0.010707794950777191,-0.003776225958504768,-0.016484003528090773,0.0005195682018234515,0.000775424901404558,-0.00018792899043605996,-0.0013161222979102185
2019-01-15 00:00:00+00:00,0.007657789798672977,0.008560169851592468,0.008959180320701296,0.009745928111691544,0.011240310625865717,0.01462953398170721,-0.0006705058017784093,0.006913848604143527,-0.006276090281356535,0.011615132554508443,0.008295812426487205,0.004767588824695645,0.005574226232678496,-0.0003966453946491781,-0.0018509908080458883
2019-01-16 00:00:00+00:00,-0.004441800793431811,-0.004577508890840411,-0.004968174335464665,-0.00686909036101379,0.014778426993831957,0.0027396501467730067,-0.0005311150966287436,-0.001309451926744382,0.002414735372637072,0.008704856838597536,0.012431587811210223,-0.00016494099335855554,-0.003946824426377504,0.00011434932032307289,0.0003909311536902805
2019-01-17 00:00:00+00:00,0.002361935565907334,0.010160215213595104,0.009148711403540101,0.014202654779563012,0.004622204965429413,0.007412351964170355,0.014035976339028687,0.00453617500393579,0.016337848435289706,0.00714412446367621,0.0041947196645833375,0.0038596618197268492,0.0015838599514200538,-0.00015648374990247238,-0.002042885061685132
2019-01-18 00:00:00+00:00,0.014117586972676106,0.012837753587635062,0.01843581297386368,0.014732827264052105,0.01397392731212339,0.015509377845070022,0.01775734273911049,0.018074760686818146,0.013831473200287346,0.008756297559913587,0.013605417707020015,0.002482674878100212,-0.0055576241323379485,0.00025714579126695156,-0.0019348137591279737
2019-01-22 00:00:00+00:00,-0.017534350125871987,-0.010806053569182815,-0.018205457264395607,-0.019966040303456556,-0.011697077551355888,-0.006104754106495349,-0.018501029097256743,-0.01599402454266635,-0.009327436323321893,-0.011021014518968163,-0.011389030773447014,-0.007224650378812095,0.0014597942318843723,-0.00010304853322671594,0.00018729880348403866
2019-01-23 00:00:00+00:00,0.002738929037682419,0.003133178350531433,0.0046831653657815895,-0.009801288615842247,0.0030191561803306925,0.0007693232393297194,-0.0021522114601760824,0.005561896221659701,-0.008400557804527413,-0.003309798931576663,0.009419843701399176,-0.0009907905941817113,0.000824015279453569,5.8874261916243894e-05,-0.0007366454856130777
2019-01-24 00:00:00+00:00,0.0052513420334329725,0.004500675950805336,-0.009326937259179078,-0.006564535675048337,3.233330403645861e-05,-0.0024961288117530014,0.003185966819438719,0.020110149347157373,-0.010599568367956466,0.01046652867806976,0.015055134283630487,0.0023835726623505278,-0.006263846474299886,-0.0007982087073347584,0.0002470602031268087
2019-01-25 00:00:00+00:00,0.010960980918998008,0.01119926965781827,0.007496365894563229,0.013294732371327469,0.009200544824299117,0.005323176455628643,0.01044217432610148,0.013447922746260783,0.02061026192341177,0.02065946028022967,-0.002564541135814525,0.007394212550499312,-0.0017412962327233083,0.0009863928167820005,-0.0001552470688246533
2019-01-28 00:00:00+00:00,-0.0023125149551735807,0.0010594845497286873,0.0013487140439450086,-0.009290252469334296,-0.007383873068226315,-0.00733707840400409,-0.008571797399201185,-0.0048944018217382135,-0.00201110048515606,0.0026533134290311596,-0.01261221781807499,-0.004241428599973978,-0.0017278464028196753,-0.0030832436438929128,-0.003023034749640182
2019-01-29 00:00:00+00:00,-0.0025781650713804704,0.00046316299167970687,-0.003495305098717141,0.008846984693333865,-0.004332634078674541,0.0028804889594845626,0.014174324281613953,0.0008548224451648367,0.009584279655555123,0.005251769872920047,0.0027241406151377653,-0.004796947834508686,-0.0012481719756530464,0.0012383796374578373,0.00015128454947910518
2019-01-30 00:00:00+00:00,0.007141831230232482,0.013374869676958065,0.013161637006036984,0.011152813922122983,0.0024714931372473836,0.014496791086561156,0.01110209294491404,0.01604106165748926,0.008573017036459341,0.0161823335300537,0.01818408287404243,0.005688376956746241,0.0002786799784450251,0.000901613148282741,0.0019512080633627303
2019-01-31 00:00:00+00:00,0.015453408205986237,0.003973113435458814,0.01606528801757459,0.005802066861245012,0.005605878527447107,0.007801025727183776,0.0051726852220254915,0.0030169581010354996,0.010629032789916537,0.008691011224315981,0.01899099193092068,0.0018463641723701837,0.0028350987442733446,-0.0007684206275503141,0.001431204547628479
2019-02-01 00:00:00+00:00,-0.00145062572870257,-0.0010362453902786738,-0.002929356782357253,0.0073726564229852,0.008104146598362614,0.002565209165363349,0.0024962535215118614,0.008346154180936798,0.004509690532778884,-0.0027373431260223685,-0.0014520941960377877,0.0007530154102959402,6.796766974532869e-05,1.297596890375164e-05,0.0010699023429339813
2019-02-04 00:00:00+00:00,0.005387969815385125,0.005045093202618636,0.006345778630164882,0.007459615767877462,0.005817002003008804,-0.0007276233538120391,0.010277704246765851,0.008361804699681894,0.0024768616182381793,0.0072775262084449205,0.0018112163477385541,0.0009860668312365755,0.0009696824166266532,-0.0015802573097263295,0.0001448805499984049
2019-02-05 00:00:00+00:00,0.00924514010898997,0.007528194907481617,0.00037144069144340384,-0.0041573843556323336,0.0012133915297109956,0.004533906962071486,0.007883439085944107,0.009162284854686608,0.004232036461466352,0.0061893467660808,0.004690704482183204,-0.00032885744780339636,-0.0015695187778350024,0.0007780870321401059,0.0009348675848589475
2019-02-06 00:00:00+00:00,-0.017878828999295063,0.0036513966926336595,-0.0011202878343879443,-0.009902077129381272,-0.0037194281375981515,0.0013292592049125918,0.001097146155367785,0.009560849458201352,-0.004083660608571006,-0.009545693842653868,-0.006732787649049964,-0.0018412574714373358,-0.001663578105644816,6.855490767169146e-05,-0.0021076004112813287
2019-02-07 00:00:00+00:00,-0.0038188260816100074,-0.0070875921780483775,-0.00690412588176534,-0.019222408708747876,-0.004256527817555546,-0.015474376710224466,-0.006229179871088541,-0.006854964622206573,-0.013260810116777816,-0.00033286531267223826,0.00028568205472515864,-0.00601208318489318,0.0034082668410930395,-0.0014562894328268034,-0.0012661994829247275
2019-02-08 00:00:00+00:00,0.003044071847640698,-0.0045742001541199985,0.002763075876705121,-0.004840651680223341,-0.0021203642776132237,-0.0038277148271632986,0.0031411842011569813,0.006200720831588616,0.0014887015070049806,0.002600105469131794,0.005085029949420098,0.0002967452203927793,0.003287390161670017,-0.0007515790030098654,0.0013902049775511211
2019-02-11 00:00:00+00:00,-0.008068039495876924,0.003213084311193739,0.001915836886704263,0.006324975757860837,0.0029675873592509925,0.0004615729784272352,0.006295608555329085,0.004284203450013206,0.0014612126588862736,0.0039040144751337448,0.003984070910808461,0.0005110671268223088,0.0014963691582406192,-0.0008326380030029934,0.0032157056184078806
2019-02-12 00:00:00+00:00,0.010158766782421579,0.01410193218406886,0.009576748392427364,0.008871878941322365,0.013034802041981207,0.01356241375292527,0.014388284393324463,0.012283148187721825,0.01740579293640173,-0.0008379624149043394,0.011643042227172301,0.0037070043956859903,-0.0020443445819327364,0.0007213991021631887,0.0005017147890310231
2019-02-13 00:00:00+00:00,0.0001720500464988111,0.0027372891027171906,0.003595366234314617,0.01378509211327221,0.0036250163742618143,0.005385942408942803,0.004264002819207828,0.0024789267394217784,-0.0015491881527437798,0.006079260474747541,-0.0032915299392253074,0.0007542666050050701,-0.0017375148841669962,1.6369669369282677e-06,-0.0014411565987958608
2019-02-14 00:00:00+00:00,0.006377769673117906,-0.002296819632590451,-0.003718799377718831,0.005458759966161307,-0.007087978380049744,-0.00023028469538809604,-0.0041560463339964625,0.0024475247916903265,-0.0015278355222590049,0.0041944598794424115,0.0029035081554263445,0.002236989670296995,0.0023248495996473968,-0.0006574615696100837,0.001604743302708081
2019-02-15 00:00:00+00:00,0.01261024552685532,0.00991599385646045,0.010227100881894324,0.01613686750130446,0.018147923732541395,0.015455814378015865,0.012091016038828959,0.006148666831710234,0.006695354301555919,0.005694001869022336,0.004182390520948913,0.0007948185900032347,-0.0005413825386052168,-0.0015804821569923343,-0.0006534577361771545
2019-02-19 00:00:00+00:00,0.005101627967126193,0.0009143480362968133,0.002375681956895914,0.009495456292999277,0.003220653841305658,-0.0007647041802492684,-0.0008456988603138906,0.004266166134463415,0.009762891716448634,0.002721473119558624,0.010987712713188028,-0.001912689388842076,-0.001620792141346419,-0.0003198388130321168,0.0038006739343649804
2019-02-20 00:00:00+00:00,-0.0005829344311621251,0.008093368543538867,0.0021378662883968845,0.0009303212326965378,0.003976518900941393,-0.0007875271696628868,0.0020094170863366088,0.002175621678131846,0.018639032176849358,-0.006655080821149149,0.0037732436829358068,0.0013718579671852806,-0.003078485357118046,-0.0006681129368982727,-0.0036714533458486243
2019-02-21 00:00:00+00:00,0.004495820962956146,-0.0052920443901628865,-0.005960559028093802,-0.013402862718090934,-0.004414979691566867,-0.008605452460419941,-0.0005331091890264125,-0.0006916615124824394,-0.00705580505129149,-0.0015401419441861326,0.007804105596999598,-0.0006772421705540649,0.004053466845669834,-0.0025796467508246686,0.0009405830340147346
2019-02-22 00:00:00+00:00,0.015620114071473968,0.008799065849620683,0.0013903932549348555,0.0008881354546159345,0.006230983212878392,0.005009895931225582,0.006333509759928985,0.010538592798547483,0.0041345956242265745,0.00927509326197304,0.010475498404017534,0.004298610580868222,0.0012949171404150642,-0.0006214712317392582,0.0016021017367253386
2019-02-25 00:00:00+00:00,-0.0011746426967127236,-0.0048320664599789355,-0.0016353451222881608,-0.0016978662864699176,0.001563644246522837,0.00228899791636472,0.0005401969389447961,0.003460928099393962,0.003743332003146193,-0.003651387622276418,-0.002889658702148055,0.0027288085191047866,-0.0008801355326943758,-0.0001155509531801666,-0.0002817885460960144
2019-02-26 00:00:00+00:00,-0.004244007736623566,0.0048299923301868,-0.000874109610681891,-0.006725926870249885,-0.00586339794326931,-0.006651807488635438,-0.005004577475298142,-0.0005885182304754147,-0.00758761858711307,-0.004057670836850351,-0.0052729982553878065,-0.0013308759838248402,0.002527685441849256,0.0017353637443746133,-0.0024036203455862224
2019-02-27 00:00:00+00:00,-0.004024189992666817,0.0033922993407643166,0.005380267754517402,0.004397534348084718,0.0028905468156328207,-0.000716689740641259,0.0007136926211017728,-0.007977158890924922,0.0014350044575108095,-0.001722649689512077,0.0015801724301566036,0.00304856451171698,0.0017442015281216344,-0.0006795112357140939,-0.0023407978948340254
2019-02-28 00:00:00+00:00,0.0025693626255007367,-0.0039825469767558516,-0.0009124122952338721,-0.012076913517123287,0.0020097428939548612,-0.0004904711328467598,-0.002212867866168832,-0.002822537360415614,-0.009966315405126993,0.0001705753119579559,-0.0015514490163569283,-0.002312132967386591,0.0008813412876214034,0.0006768214821696438,0.00033914751841051
2019-03-01 00:00:00+00:00,0.010673258551410499,0.0014560676288398124,0.0025888788908168003,0.018931868086466772,0.006091397927882153,0.012812977114983323,0.0013255307341118164,0.0042674655253741684,0.004411418158614387,0.0011631425218375166,0.00842684186863965,0.00216715786047366,-0.0014226047229675767,-0.00047242712785615436,-0.0003670860147180977
2019-03-04 00:00:00+00:00,-0.006330803981926904,-0.004343152563728117,-0.004114918582336126,0.0004994512407447862,-0.008603863404022916,-0.01453815958273153,-0.0036542261942925924,-0.003931785602108591,-0.0002380768850968297,0.0011479724964966675,-0.006012357000778598,-0.002658404799151925,-0.0016044404829655165,-0.0006469060514896847,-0.0014947142825585528
2019-03-05 00:00:00+00:00,-0.0008492734837881535,0.0032625837431688514,0.0035315220337164433,-0.007201337178531978,-0.003736069766736151,-0.0036201610059338795,-0.0055250418795270905,-0.007151848944915896,-0.005128931262696477,0.0021683015495517844,0.0006308368300531163,0.001961092111103291,0.001609172433927118,0.0003022616411152506,-0.00135485783891082
2019-03-06 00:00:00+00:00,-0.0013835770711831431,-0.00045337081175283875,-0.0030258759826393175,-0.01464186049969299,-0.008826245122050692,-0.018246838056522538,-0.007144053232213586,-0.006242328137402384,-0.004626408058786144,-0.008078417519483887,-0.003508700316495623,-0.001108954926365514,0.0008103259380131621,-0.00032284694569633315,-0.0020456654184408053
2019-03-07 00:00:00+00:00,-0.004467432000868759,-0.006357644676366949,-0.005329898610763682,-0.0056864806188905055,-0.011538078153893653,-0.007342557454346439,-0.006043136445024463,-0.008218588198891529,-0.012522954975924264,-0.0036985011096289035,-0.0017508781875709154,-0.0027021872284526626,0.002244474688576313,-0.0006195949199300603,0.0015046089268050194
2019-03-08 00:00:00+00:00,-0.00227347499791475,-0.008079446207727147,-0.005816278957076451,-0.021674622285618002,5.3474576774114116e-05,-0.001939296195620857,-0.0017246794319750666,0.000838098922018614,-0.0031713831080743752,0.0027426352736665636,0.004564606321348941,-0.0014012545682578477,0.0004953788403204398,0.0004049377401699793,0.002871843094162933
2019-03-11 00:00:00+00:00,0.018837399048962856,0.009781214121410626,0.016664428369181805,0.014880967533044137,0.011775665059809542,0.012500199396739797,0.012989534639429087,0.018661592225382335,0.014548700386547434,0.02116536763587719,0.017585232711878156,0.0046624481659843404,-0.0019426312604465547,0.00010678509602054208,0.0014672751600157577
2019-03-12 00:00:00+00:00,0.0034341572311204055,-0.001456477321918508,-0.0008756876202369048,0.009034480608397089,0.002779751526801823,0.00786883248053165,-0.0020212785547330434,-0.0014657505617759812,0.002607002409084683,0.0038662424906077517,0.00935419257078138,0.0007416273259181348,-0.0004261279819153279,0.00020519701578565691,-6.0295058886136016e-05
2019-03-13 00:00:00+00:00,0.004344498515885405,0.0025443306256006898,0.007255001673334575,0.009522487279056385,0.007461527020856914,0.010726613416637013,0.007526208820783859,0.0038598988160476622,0.0021127527755452273,0.008857057602275743,0.00642851180287981,0.0017133795969603287,-0.0017139225739912622,0.0007793851109081278,0.0006371685955038417
2019-03-14 00:00:00+00:00,0.00018274561381721952,-0.0029510458538815924,-0.006493167408175701,0.004261576310827205,0.00305941126413768,-0.000978170805347346,-0.0034705690477622236,-0.000622949690608074,-0.008598056973148306,-0.0024432514422033573,-0.006415294220103032,-0.0012988758995602354,0.0014382443581638553,0.00036523845373758,-0.0012334391287154823
2019-03-15 00:00:00+00:00,0.0021463365352304164,0.002177856151730762,0.007987151595494799,-0.005362508974668489,0.006851137540418125,0.005965183365542765,-0.0025391311931449046,0.009610979968100578,0.00047095647084264257,-0.0009249124069213722,0.008894095620405884,0.00254167193835974,-0.00042297590327481423,0.0001499789472062063,-0.0006510901419330429
2019-03-18 00:00:00+00:00,-0.0003248137192719583,0.008373552193274778,0.0048736927042114485,0.015724809400616373,0.005910140233649285,-0.0007097921456024555,0.009362427291458648,-0.00012702921329662284,0.004584533256715391,-0.004505885953527164,-0.0014621336666317897,0.0020341822161347423,-0.001790273355418882,0.00013888960691229267,-0.0021372133965856686
2019-03-19 00:00:00+00:00,-0.030279892603165277,0.00034878954748452924,0.00024655682658811327,-0.0009833875292082049,-0.007128947747147854,0.005329263272914767,-0.007458672428805893,0.0001602892309586347,0.0011748641107632404,0.001494166350121279,-0.0028956789399814447,0.003874993955322924,0.001875971776625853,4.695428118434673e-06,0.0021716169476509017
2019-03-20 00:00:00+00:00,-0.0019022275771107887,-0.00519408529207184,-0.0062342162076594035,0.013771685578564693,-0.01651943307462823,-0.006305855124486118,-0.007113327202788709,-0.005468372013032148,-0.005851429094094647,0.0040446471721595646,0.004978095504387193,0.0011363320034209756,0.0009954105703258768,0.0008984370606949085,0.0005844220574884361
2019-03-21 00:00:00+00:00,0.017346604790355012,0.013483025280528395,0.01738144920781778,0.0031718980961059186,0.00520610908003203,0.005563690601171658,0.010600591214555328,0.02260802776742872,0.011306017663621746,0.020931034336655673,0.01486323538209688,0.002820362043258637,0.0005199547170425482,-0.0012423524317237465,0.000824729173968872
2019-03-22 00:00:00+00:00,-0.018921349328397095,-0.014833846556492381,-0.009604388003836336,-0.024194565167529575,-0.024947344234373506,-0.019509826178936145,-0.02317746713231896,-0.020472703463183927,-0.029334274594286548,-0.014418156272056039,-0.009675631850629085,-0.00876530886795397,0.0004324620156398963,8.874070909823707e-05,-0.0023402661407134987
2019-03-25 00:00:00+00:00,-0.004977723821009219,0.009337575604956646,0.002374986370807986,0.00683880774781482,-0.0025319138371313033,-0.0014060433519206125,0.0014092055062802141,-0.005459872880267479,0.003013872490261943,-0.0008199766679882966,-0.0013049350164353233,-8.049660192506057e-05,0.001914936767420616,-0.001348147305723425,-9.956800284662524e-05
2019-03-26 00:00:00+00:00,0.0008327887000820299,0.0026685125327237467,0.0074075079247357045,0.01448557484976938,0.012755234610208173,0.005908567298848995,0.007596945303292408,0.008039451991353693,0.005643492970586401,0.006324195414507191,0.003271632765928281,-0.00040184951833815784,-0.0003108044374967024,-4.7905924054585883e-05,-0.0009260440729800424
2019-03-27 00:00:00+00:00,-0.007848416806591665,0.0038909006774162863,-0.0044180869893801576,-0.0035197532641163295,-0.003390682853672944,-0.007245601532525259,0.0020093577190826947,-0.007121156104202305,0.004629615329549901,-0.006721224404829632,-0.012686887896092933,-0.003177015291961682,-6.768697069390391e-05,-0.0010293679524240001,0.00013284593840971965
2019-03-28 00:00:00+00:00,0.0008053279269755965,0.006711535723806897,0.010111123293443694,0.0002606632227634253,0.007214582701485168,0.004377619506695302,0.00903032679895677,0.001128058973378186,0.007585127388146629,0.009806402339360925,-0.00594778335400495,0.00353986565452795,-0.0005869285837649203,-0.0002670580125085382,-0.0007323817217995557
2019-03-29 00:00:00+00:00,0.0041199345740666445,0.005270684776673395,0.007522254463907661,-0.0014194127903475896,0.0053546240225117725,0.010264044551105127,0.008330737727173214,0.012595711772269967,0.007626651134414139,0.001038581039736412,0.010226536993853995,0.0021927532192657522,0.0007450751776866562,8.433995675961436e-05,0.0011938858297935013
2019-04-01 00:00:00+00:00,0.013977715207041988,0.01151385803147181,0.0033025149109402697,0.0045783744568137,0.01773731773889238,0.0027860620773011075,0.015872116485363463,0.015409432991250888,0.015506640227245624,0.006324234130830569,0.005894710082578589,0.007517814842727177,-0.004319637437105823,2.050574121876224e-05,-0.002695465276036313
2019-04-02 00:00:00+00:00,-0.004761792937625818,0.00023342549470782787,-0.004023353696646641,-0.005643831860125725,0.00029836660090743036,-0.002582282065708736,0.0001377357431551244,-0.0012340352305638016,0.00025980371339378623,0.008737300668344472,0.0023449382853614814,0.0014077122843234337,0.0017085479995728224,0.0013276054461880634,0.001150478528121917
2019-04-03 00:00:00+00:00,0.0003616238656649292,0.008167120181643998,0.0014156147026669636,-0.01829143211796341,-0.0014373020683056486,-0.0019115545236671452,0.0026013858138779463,0.009873950026352211,0.006525796667499457,0.006040704131299021,0.011133577163343823,0.004975974415588873,-0.0017397016992287283,0.002248871218645714,-0.00041785624940921494
2019-04-04 00:00:00+00:00,0.003437810843826754,0.007657228575266729,0.005622293511959019,0.0010080029172666951,0.000559615113288149,-0.0015921996484444378,0.003523666043292142,-0.0038065378625179317,0.0028420673500285424,-0.0033895666840157873,-0.005417665767407784,-0.000819105257786316,-0.0055800322474583355,-0.0009132485798804381,-0.0014707798987073969
2019-04-05 00:00:00+00:00,0.0037288987974700813,0.006124316968834408,0.0031138520013217195,0.022882875436853117,0.00272248057989448,0.00780736148179514,0.004655905100204283,0.005971185136952835,0.003128206639416028,0.008843640233813354,0.01228477576571251,0.00013754931609716325,-0.0012852899811030439,-0.0003658173499286482,0.0013482757029643876
2019-04-08 00:00:00+00:00,0.002645013862116918,0.001678162905172332,0.003966444774583544,0.0018406314126064433,0.00034530492864058316,-0.0012123958404709088,0.0002423946400806455,0.004605507095933556,-3.5864844589977804e-05,-0.005274973631200264,-0.005857856614102101,0.0008889060248371897,-0.0009865977341921095,-0.0010568354289423646,-0.0009306522469396637
2019-04-09 00:00:00+00:00,-0.004638546721111745,-0.009623393800753919,-0.006172736203801912,-0.003513587206427083,-0.008339283021349553,-0.0021075614830340793,-0.01413829050526343,-0.005173864191167556,-0.009181003964726688,-0.00893488648670288,-0.006566336028426483,-0.0031590494891135757,0.0033079501758281698,0.0010618315142003247,-0.0006672462147064078
2019-04-10 00:00:00+00:00,0.003691801891474821,0.006966132398956631,0.007948774537547049,0.007450411410132782,0.006092607408719353,0.003687780261072673,0.001337843145998747,0.008445756344275013,-0.0005564601412483239,0.011392076886028715,0.0025342188619798226,0.0028438845736392716,0.0014914084356667588,-0.0016119168368796217,0.002154106256637901
2019-04-11 00:00:00+00:00,0.004595344842380526,0.004092830647537609,0.0032801832107955324,-0.001165245933166668,0.002433406908872471,-0.00898350881077205,0.008874295875144954,0.004042182674100024,4.6374827930105875e-05,-0.003133663488755874,0.004404699575721728,0.0006738273382947412,0.000926974784629343,-0.002158121100338877,-0.002158888703962085
2019-04-12 00:00:00+00:00,0.009938446912749092,0.0074970996300341985,0.0004029536145969141,0.007490060179907638,0.013614032467784191,-0.005078006619631591,0.010130973728968267,0.009774347691596486,0.006663313916541345,0.0061720356545504175,0.012769414691063895,0.00023987533978423695,-0.0023030013483694494,-0.0002284457809711548,0.0007478734641618856
2019-04-15 00:00:00+00:00,-0.0006483814292033669,-0.0010618088202222946,0.0023153930833606133,-0.006080358180340227,-0.0037537940688914325,0.0006717559646606383,-0.0012613976312527825,0.0024695538505740944,-0.0022807440791883355,-0.007071052055028665,-0.005358313772202308,-0.0038560330875836548,0.00032412942528738673,-0.00013632757031006317,0.0015580080913187673
2019-04-16 00:00:00+00:00,0.0015802019456275548,0.003431920018030476,-0.0015583183473590837,0.0011407487452147831,0.012559228594644796,-0.023361362196133356,0.0046537701059026935,0.007749504874478353,0.0019622677713747264,-0.0159263243244575,-0.0072935374165756855,0.0024138599932629137,-0.002252544945807322,0.0023135108079467073,-0.0006642346130983096
2019-04-17 00:00:00+00:00,0.003868091289380507,0.00023263868028486256,0.0018337362142669938,-0.003964887164826239,-0.002026900536065712,-0.0350025822769153,0.0012950596034539625,-0.0047961496211322745,-0.0065661948569665125,-0.013595863090323432,-0.005968487864451256,-0.0012365013251468618,-0.002973336790457433,0.0023848762526205544,-0.000868762161693603
2019-04-18 00:00:00+00:00,0.005558606266307479,-0.0004767974796598283,0.004326182683162719,-0.007820768881264616,0.0008323326052370791,0.004517919296313359,0.007064453414790548,0.0015988940565030891,0.003458209552545328,0.008770997138962483,-0.00012452714314224733,0.0010778889747234978,0.0014111460130529115,-0.0020790816189791054,0.0005174881738353046
2019-04-22 00:00:00+00:00,0.00020068945481993217,-0.00800632014050822,0.0023650763222526207,0.02423833212610212,0.0016521323938732814,0.0010497878181394131,-0.0035286737852790787,-0.003688899609921115,-0.005441676190021507,-0.009907001233709549,0.0029763695845655405,0.001453068161386525,0.004056855196916832,0.0011789936044421193,0.002287302866698054
2019-04-23 00:00:00+00:00,0.004334862900475286,0.012204844490813545,-0.0008802798719697766,-0.004407402078866492,0.006925100036975182,0.01732651677001275,0.009131717734851962,0.012387725947916109,0.0015252627592965205,0.011756582936298526,0.0029989589607460434,-0.001029131212263361,-0.0013144507757101066,-0.0005993588463777009,0.0001941761364379277
2019-04-24 00:00:00+00:00,-0.0037350284402052633,0.003601666303068693,0.0022771689402807088,-0.015211849770798265,0.0007384191974994382,0.0009895178587697178,-0.0016606949783298987,0.0023890334594796015,-0.0030526574752552634,0.008369513173957385,0.006601120385714559,0.00029569886490914143,0.0011487809217541544,-0.0009352250849308031,0.0008907473729232902
2019-04-25 00:00:00+00:00,-0.004635568601111976,-0.0064501291030975814,-0.008012686322095997,-0.003553230457827838,0.004182536656272631,0.009016890121378249,-0.01693305972923819,-0.013635375380148324,-0.014792618945043207,-0.005375062372194552,-0.0019712370069806234,-0.003094580286097779,0.0020235882841319313,0.0008224426557331107,-0.0009480375107193987
2019-04-26 00:00:00+00:00,0.012101960247325098,0.00365958886057635,0.009318099211714217,-0.013012850456562794,0.008675537447390429,0.011471386399203268,0.007699171481717865,0.0021670463315854763,0.005991017236129016,0.010541140093044236,0.006893993558646694,0.0026018924758174364,0.0005138080971279274,0.0005849357144867297,0.001568920740528181
2019-04-29 00:00:00+00:00,-0.004527413579964775,-0.0023657528923748195,0.0037027946061512404,-0.004587409148970643,0.006321883346060122,-0.001726682245235884,0.002597552513535682,-0.00296958810894112,7.435089950229725e-06,-0.009565535786170476,-0.004981487581917847,-0.0002291682039846705,-0.0002761870623472113,-0.00045037406638361857,0.0012168587145948003
2019-04-30 00:00:00+00:00,-0.005545065772450831,0.0003736580501895212,0.01086179829717382,-0.005347861102993109,0.00398299544068304,0.006254846875327205,0.003507410006867391,0.01158080920380377,0.005303732366250454,0.010848940005744961,0.010636048360694362,-0.0005303959431953463,0.0012476375093609235,0.0017852833889502476,-0.0013515617757934412
2019-05-01 00:00:00+00:00,-0.004567019659800598,-0.007422678061726304,-0.018964840303644672,-0.02095165827941087,-0.011335458807758035,-0.006068509533980002,-0.009723876372782237,-0.01263561969506611,-0.017723590729931234,-0.00534725998685851,-0.01622717235020195,-0.0017500905518579098,-0.0013034716944408974,-0.001890789828423253,-0.0018162773840659156
2019-05-02 00:00:00+00:00,-0.0036074899795790426,0.00044426783409309356,0.002931546149735554,-0.012929949336696807,0.0031952523388796695,0.009813150334439812,0.0030100614119007475,-0.004508613062601705,0.009927865085554212,0.003919476782791065,-0.00031595489050325264,-0.0003848493855393539,0.002546346640253455,0.0005377264216896859,0.003092828930651579
2019-05-03 00:00:00+00:00,0.012432671546646271,0.009694638763043849,0.01096010162881218,0.00851804496797565,0.010402104106912035,0.010174990902368756,0.01334499658018233,0.006466470154968991,0.010857097929117076,0.012624357808082779,0.016475755272983027,0.005797385908038685,-0.000789814981557778,-0.002074858653194573,0.0014901566017863658
2019-05-06 00:00:00+00:00,-0.0057517061063606595,-0.008487736554189405,-0.0057491961574438364,-0.0030156377345958493,-0.0008526320528089008,0.007012792591357899,-0.009898469399117635,-0.010421647086981171,-0.012190501210477938,-0.008671721915226431,-0.013163862165280683,-0.004811387303544626,0.0006919466089888924,-0.002154429804878036,0.0016803371404461882
2019-05-07 00:00:00+00:00,-0.015587351642826118,-0.015561498028032885,-0.01320704808685708,-0.0013674276240961173,-0.01461864567462193,-0.016674657172980015,-0.013021702954874622,-0.014777232400997889,-0.01741266479036538,-0.021792829592148656,-0.01046467953812425,-0.005307041892024793,0.00017606227609378048,0.0012592301923442413,0.001210132941258454
2019-05-08 00:00:00+00:00,0.0052543950890139605,0.0010832606465709836,0.0029370021452089683,-0.0013069286748080458,9.103209913112448e-05,0.0016322923380193046,-0.0024351789013570195,-0.006857201314062015,-0.00017028712702351408,-0.00020673031839875405,-0.016160299436143555,-0.0003437991673045038,0.0018538489242423497,0.00023204158844210453,0.0014598467018697805
2019-05-09 00:00:00+00:00,-0.005808534216150283,0.001608914404998558,-0.0031698878124981015,-0.00659244967082703,-0.00310066062973134,0.0010121058989113764,-0.0014019243942491391,-0.00353174191972929,-0.005181062552709184,-0.0018406554726138396,-0.007421660444678707,-0.0013535105054195617,-0.001166365726347875,-0.0012090738302731826,-0.002946048434784442
2019-05-10 00:00:00+00:00,0.005327416260019334,-0.0013295373059995612,0.004778934313695037,0.00876389392668314,0.007181298229697323,-0.0012803488360870463,0.0035158192536383225,0.010142972044225547,0.003536439547229576,0.005641285868687945,0.006680905044736144,-0.0037848627505339843,-0.0003936939763961153,-0.0001724522673985082,-0.0022190801676804086
2019-05-13 00:00:00+00:00,-0.03058820392786382,-0.03404838396881599,-0.024738951412719604,-0.011779307339988485,-0.02830712305805433,-0.01944746599407366,-0.024368870523671423,-0.03436199424169469,-0.019156641908496034,-0.013475839830565765,-0.012801271559319408,-0.01230687209033622,0.0017538549209745523,-0.0006062896282659595,-7.458758112321648e-05
2019-05-14 00:00:00+00:00,0.012877179368551954,0.012042588689629073,0.008306001083659606,0.017888638617571097,0.016512361263104826,0.0039030763407775634,0.00889417903595754,0.010276278359766489,0.008602952600174869,0.012197388574607136,0.0049102318687400505,0.00481440079820392,0.003113627343174162,0.0013684592781012727,0.004934042184864826
2019-05-15 00:00:00+00:00,0.011728559487893302,0.003603238776238176,0.006803380242014527,0.005524473140539258,-4.4725469095737856e-05,0.0041368999342338494,0.002280216165161872,0.006871998896779309,0.0001230035458887698,0.006402916681879196,0.00015735246888650886,0.0009433111886495333,0.0013242860787388733,0.00034355222459259366,-0.00021313726087296338
2019-05-16 00:00:00+00:00,0.005510377628401808,0.008013734946731556,0.005114745786463201,0.008909830718509782,0.012886911743868612,0.007380195464965657,0.006815014828324304,0.0025382770015477526,0.007157441840061386,0.005418753346895009,0.006466342669742232,0.0016484419070664689,0.002775954402054857,0.001286812236069212,-0.0023830034344476288
2019-05-17 00:00:00+00:00,-0.0019011322153123765,-0.008356088597043907,-0.010874057892277899,-0.007382894071806512,-0.0051218723371981335,-0.0029306351271380054,-0.009829090536866248,-0.009577064092407788,-0.009017890111841816,-0.011446514544978604,-0.015702552032350946,-0.008734939641683762,0.0012338560069604034,0.0001848474678361519,-0.0008575855532768272
2019-05-20 00:00:00+00:00,-0.0014531165257107577,-0.006146669668078479,-0.006094344965187326,-0.0035874406923777735,-0.000628124794192761,-2.1209530812317745e-05,-0.0031448234251118773,-0.015240247883300969,-0.015012086583861856,-0.019110260401859452,-0.005976968883368296,-0.004757053595535222,-0.0011138795460554107,-0.000315580656905796,-0.0013672963672809908
2019-05-21 00:00:00+00:00,0.006756958894977882,0.010169197162887115,0.0038654481359224535,0.013921093294547155,0.00974668715467651,0.007670436044116298,0.012537380649402855,0.015584416751576817,0.013588904076635617,0.012135438655561673,0.0094051922254921,0.0030584756847559253,-0.0008563581094655592,-0.002021087040052108,0.001771847491409322
2019-05-22 00:00:00+00:00,-0.003196069534121409,-0.0110690973856681,0.0016397180534095546,-0.02111379141859749,-0.0020691757045189652,0.007286706456739144,-0.00863368887391692,-0.005517092075884453,-0.011556751175185459,-0.0024998229842380006,-0.0005582487482194065,-0.0034837259246380645,0.0023022632043890427,-0.0005665555800057377,-0.001683910958230627
2019-05-23 00:00:00+00:00,-0.004217623745805205,-0.014197779559566567,-0.008836596935044825,-0.03307340240980225,-0.01563639665025944,-0.007059288198261352,-0.013985545485094432,-0.010806387435193805,-0.014858375447851076,-0.003712404576135089,-0.0073206136828488306,-0.006600808749006195,0.00020151468477858504,-0.0001981280005337524,-0.0004923131757242731
2019-05-24 00:00:00+00:00,0.002593794676858085,0.0014019654109541143,-0.0014533290753691354,-0.0035813869464428,0.005517049502454248,0.004014199371834838,0.0007869369638343475,0.0019546481053667646,0.001541353236814362,0.0022060306636950086,-0.00140296103249296,0.0011473205688142802,-0.0007084513516501523,-0.0008874955297773855,-0.0014431307105712845
2019-05-28 00:00:00+00:00,-0.0025590438471815645,-0.0093055864426295,-0.01607208239309081,-0.00718981472494984,-0.008425614418302462,-0.011211832759072771,-0.00970373200521827,-0.01083444664159817,-0.004187344902315283,-0.010301149550777157,-0.01639793526326795,0.0010704142980663442,0.004776103518964387,0.0005677529791387002,0.0008662280250754063
2019-05-29 00:00:00+00:00,-0.009444280563664713,-0.008309179456420828,-0.009817886405180451,-0.0060444066254582915,-0.000972930902740636,-0.008776884549976558,-0.004513029899029507,-0.004206982897909664,-0.0040659078167312466,-0.011730130032268317,-0.016152823998115743,-0.0001834077047388831,-0.00114077321629295,0.00017462660387206237,-0.0019481943473715355
2019-05-30 00:00:00+00:00,-0.008642726451382803,0.0043256784923120595,-0.0004354886861431922,-0.009468791872317814,-0.0008364500252974184,0.008036153609437264,0.004239975211030989,0.005043065326189458,0.0019780382339643385,0.0009713410298380939,-0.006707242099568819,-0.0031427108719089027,0.005280784914887139,-0.0016252377913548023,0.0017667613654801751
2019-05-31 00:00:00+00:00,-0.009749878346796099,-0.009413550598359433,-0.012080169946237805,-0.01346210742015424,-0.013557694479223127,-0.004074990894390747,-0.010707629320047759,-0.013823678666337515,-0.005951185828520882,0.0021172573181166823,-0.0032106853835250884,-0.00637747970485736,0.0028523612860821396,0.0020725933374044804,0.0013243519587173179
2019-06-03 00:00:00+00:00,-0.008073658096391653,0.003058334993103837,0.014412893376462437,0.0121346694796634,0.005116543595604966,0.0020901312828025603,0.0072868361126177325,-0.0012787459506575188,0.022967282581372487,-0.002584680794420772,0.007151140716878807,-0.0009982684393125044,-0.0024369419673716994,-0.002950573101215537,-0.0010492970915202946
2019-06-04 00:00:00+00:00,0.024438828529743634,0.02650564934760484,0.020240536354422828,0.010697113976239112,0.02626574369181123,0.017514714794845017,0.02379113319787331,0.021822249966508795,0.028204922290528317,0.012373874483771186,0.02793456099002157,0.012145769172024253,-0.00039783724548012153,0.001277547961594492,0.002769135560616677
2019-06-05 00:00:00+00:00,0.0008668059562122655,-3.987905538398108e-05,0.003107688839896214,-0.007878303670357922,0.007445267296539199,0.0075053404839748586,0.011009626367003488,0.008460577042623875,0.0034213292999101083,0.017304053273638664,0.014417760915972027,-0.005272817318635723,0.004420183241431168,-0.001240276486838933,0.0005509516838171679
2019-06-06 00:00:00+00:00,0.00045730041515367874,0.0021693709202528343,0.009379348149263536,0.018430740886529674,0.0048519668960296325,0.0022950840552632716,1.820396732649999e-05,0.008860292641209626,0.016383145188292505,0.0030242003070532187,0.0074486628323094,-0.0003787305769772026,0.0035203595287571564,0.0010241278314993168,0.002238867801311464
2019-06-07 00:00:00+00:00,0.0109173113395475,0.013232094658069186,0.007184664850675736,0.0028145455723851453,0.003502728193999983,0.012559558932792788,0.009959272003656388,0.009736390856574878,0.006500131540034159,0.004295232944395708,-0.007979626643754295,0.00038912229490965463,0.0022477866073174427,0.001487218881250682,0.00018538872533133306
2019-06-10 00:00:00+00:00,-0.00033651503460087475,0.00643823572976791,0.013113916310010671,-0.00042799381400092254,0.005775143616816741,0.006120840253559486,0.0023028658064923636,0.007745883905499962,0.0016617319065708994,0.006579215200512762,0.0031154135325213005,0.007602493105921275,-0.000968885241042841,0.0006350027478956985,-0.0014640832001395826
2019-06-11 00:00:00+00:00,0.0009328069227735088,0.005118490712873977,0.004874322243430349,-0.0020261671025347304,-0.002079828239291679,-0.0029258748559472052,-0.007084658702328401,-0.003645898175333134,-0.0005785121772681949,0.0034867232828461507,-0.003067959206789374,0.002512826440642692,-0.0025134988979483492,0.0005093370371895894,-0.0025102527109187936
2019-06-12 00:00:00+00:00,0.00028225621078682256,-0.0007232721311094026,-0.0024622571674787546,-0.01368073553465005,-0.003805004527935933,0.007456790471100549,0.0039558827665082934,-0.0043169471290309,0.0032695561180341617,-0.004684932522154771,0.0005852823235233342,-0.005305676907853022,0.004380609349354707,-0.0006045021331296885,0.00010643098339035208
2019-06-13 00:00:00+00:00,0.011243228876471426,0.009290310771671653,0.003923738971120227,0.010970721010242806,0.001941128623504467,0.0011959909233874395,0.00684630396184812,-0.0018024368419305356,0.006570140698075541,0.005905043371594497,0.004124556223406448,0.0023112360479260958,-0.0032578088063090448,-0.0033491188028355132,-4.475423839656045e-05
2019-06-14 00:00:00+00:00,-0.002777150230434728,0.00011512028191451411,-0.007011461565174979,-0.007277482040186114,0.004288849866143925,-0.00527362457703616,-0.00218011905960804,-0.005140599203825856,-0.003314462560458854,-0.0024182770621900976,0.0021642632664678517,-0.005923432475883322,0.0014631023036987627,0.0012592338644363099,0.0023295136782033746
2019-06-17 00:00:00+00:00,0.008425235952371097,-0.0011097639338106804,-0.0031505189705010673,0.00701585597178182,-0.006848899921805117,0.004984988266377402,-0.005702258219065505,-0.0015921137531286116,-0.0046434408731840324,0.013273589637522936,-0.001123055098644091,-0.0007319327779492329,-0.0009446056910077999,0.0011878828848225472,0.0032695249553669234
2019-06-18 00:00:00+00:00,0.010288375255495141,0.010281327251260283,0.003543473069031834,0.0127101106230232,0.01042370937955551,0.010695320164690963,0.0127513475335774,0.018524523935466147,0.009117366980499392,0.008710807449197847,0.01149646706716634,0.0082936402173713,-0.002341846722473939,7.538702207351457e-05,-0.001417947651781661
2019-06-19 00:00:00+00:00,0.008770859253106712,-0.000375297574403775,0.004230281291865137,-0.0002956571085064615,0.0018242090167532544,0.010702477336269054,0.002299238292075497,0.007014472243514744,0.002078271591837036,0.003197002301957228,0.010832324220188705,0.0002442688588551388,0.0014433338593914818,-0.0008415232304286939,0.00010294264182914517
2019-06-20 00:00:00+00:00,0.003647963156681657,0.002893800015340379,0.009266142677111757,0.026200535276944627,0.005949011625625174,0.003235966896160628,0.014934326434778827,0.008195479751524208,0.007977960773718306,0.006168117461370101,0.01569151954480685,0.0026841476023199105,-0.0007657202622056466,-0.000997905481114655,0.00037272036262325304
2019-06-21 00:00:00+00:00,-0.0023051124161270614,-0.005047900816403544,-0.006088929007569036,0.002336859275970899,-0.003926667813487884,0.001285300103015534,-0.006799377730179345,-0.00432808481856054,-0.005322909150131626,-0.009011536492779536,-0.0008290881696115318,-0.0008650938372880629,-0.002208663147932125,0.001406941094097889,-0.0020190244693206404
2019-06-24 00:00:00+00:00,-0.0033126221732577843,-0.0031990013483672334,-0.0003552012723278649,-0.007446214358746519,-0.005271711148372335,-0.004812637235128718,-0.0032237780758177814,0.0025436103709494257,0.0005571627861871685,-0.012897155116097556,-0.008684549699640571,-0.002551511651065481,0.00011374114027989653,0.0007627315230848914,-0.002011321504039461
2019-06-25 00:00:00+00:00,-0.01025480673344358,-0.009218547619122414,-0.005496842518901042,-0.012953710868704305,-0.005321745862148334,-0.006196553093635403,-0.004580144762320926,-0.0085116028570606,0.0017556558205846732,-0.014867042615565344,-0.00875082576391628,-0.0020650696691216306,-0.0020498541416444447,-0.0005498231253926482,-0.0008934314872548295
2019-06-26 00:00:00+00:00,-0.0012019898268465499,-5.3533796382474646e-05,-0.0048838432358703325,0.014316684889029069,-0.004869124299381796,-0.009467160017918615,-0.0036717868858812714,0.0026296883018992966,-0.003866083148274786,-0.014099657146677175,-0.007884480066886744,0.008392588450693015,-0.004287285048161778,0.0006073152912950751,-0.0015893626072272702
2019-06-27 00:00:00+00:00,0.009215910316483795,0.008674038304309496,0.006845993021814407,-0.009730198750905115,0.01270024541998522,0.008953855110009035,0.006071505911127659,0.006827213300186645,0.0029235652949820743,0.017364887617947522,0.010319307279292773,0.003204895665920931,6.821349788529605e-05,-0.0014020658554511102,0.002162471576999652
2019-06-28 00:00:00+00:00,0.008277538917503222,0.008017067768811071,0.004752348647815451,0.01387267714850315,0.008326680301788106,0.009099207574251937,0.010943499509275251,0.0073597334523457245,0.008765710552890958,0.006005587962895888,0.007484804263575421,0.0010744924961201795,-0.0012169076213755894,-0.002595510346594344,0.00018343291570873527
2019-07-01 00:00:00+00:00,0.0018750854562197003,0.005377136347540674,0.008526248622411947,0.00633814559305842,0.011883517373785879,0.00382370461740846,0.0033778374933865363,0.013334942215040564,0.00524326275326123,0.000669595399412656,0.0037744852215290175,0.0035824364615628713,0.0016581354507642285,-0.00037793293013099966,-0.0002466883707058624
2019-07-02 00:00:00+00:00,0.007560456798473888,0.0017908847245339966,0.0001541298537002262,-0.01624063663339166,0.0008222757496591989,0.0017142880033290165,0.0005247606785274217,0.0017434654845947118,0.0020960378447177144,0.010623666885769547,0.00021536206929822165,-0.00544624272214238,0.0035615286293826545,0.002101511915765495,0.0008220197075159756
2019-07-03 00:00:00+00:00,0.0037288170282358743,0.005585581027341401,0.011260689351448154,0.006121577280450628,0.008711244753060112,0.010296042554040812,0.005864933098266124,0.00747905859729848,0.00885443920954087,0.009879327726138766,0.004906110344685334,-0.0009118255819072117,0.0012746547693023849,-0.0011718205100736913,-0.0006222399968767137
2019-07-05 00:00:00+00:00,0.0025871215980967474,-0.0015291052973052481,-0.0020918323656716107,0.00757397279982835,0.003001499234912423,-0.004376959993950604,-0.003439881175530087,-0.0017205657860420776,-0.0038610272983007343,-0.004368963265074877,-0.0008439844292744954,-7.486834138525819e-07,0.0005331760860398243,-0.0005643850266231587,0.0013513957741824298
2019-07-08 00:00:00+00:00,-0.009744333627199415,-0.000993940147766756,-0.003382619973618332,0.00048680848541506365,-0.007602446562486348,-0.009872582452351356,-0.005353160952933025,-0.008117554185323735,-0.00997646312765842,0.0019894046397271885,-0.003586262545733605,-0.002632595184321574,0.0023531761729061744,0.0011580399086094182,0.0011708258178547803
2019-07-09 00:00:00+00:00,-0.0003282636626328027,-0.005441018875017028,-0.004577777183079574,0.010354229988276753,0.005770154948311507,0.0003520893078016598,-0.004038256049495876,0.0044827932131569406,-0.006613755419408896,0.00894761907146173,0.0056729421258447325,0.0009895033827490112,0.002007907681602027,0.0010047118777539825,0.002683092271262996
2019-07-10 00:00:00+00:00,0.005395899036030905,0.00015076421663132514,0.002434137185265971,0.013842780358754655,-0.0021016727899074695,0.0044578523218790364,-0.00421212340598012,0.0028120411609800387,-0.000914835711376354,0.00808698321332983,0.001989678790350393,-0.0003187447786787027,0.0011738093594608223,0.0021487507410534504,0.0011256228973158032
2019-07-11 00:00:00+00:00,-0.0003182648052870391,0.0040482736713966195,-0.002637986593221086,-0.001264438051583008,0.0054584793528319785,0.0007893358111215313,0.0042828238436325595,0.002934639006325402,0.0019416299850961024,-0.01362319958683019,-0.004014217733267092,-0.0012393737899257587,-0.0016714219447271287,0.0016994677250821745,-0.0016610416693294597
2019-07-12 00:00:00+00:00,0.007547763075746208,0.014373212137364678,0.005982063085771637,0.001592194913236727,0.005952293205614441,-0.004043923417860792,0.0178082429175841,0.011524374048452904,0.007288111697036085,0.00014476742649666358,-0.002845955651058811,0.001410382523472988,-0.002291203436833339,2.4775865579014164e-05,0.0007052980471441723
2019-07-15 00:00:00+00:00,0.0017142529801723787,0.003449917422382643,-0.0010383971434798078,-0.010525653758776201,-0.0032569405354528004,0.0013782303654375425,-0.0002267719024376795,0.0022319298877026953,0.0024698010736977838,0.0001533730660920141,-0.001803299483493493,-0.0007166913495081913,0.0012510904791725671,0.0015175768888718182,-0.000491640728767292
2019-07-16 00:00:00+00:00,-0.000841524597154083,0.0010184676293047493,-0.001100163326429124,-0.01821419617808116,-0.0035941218726318514,-0.005585823696247413,0.005116630184293636,-0.0064558597956481025,0.006765730225876029,-0.005388435031929603,-0.008314510309459951,-0.0011076834074347204,-0.0012684126650175356,-0.0006559679745467988,-0.001063684708113637
2019-07-17 00:00:00+00:00,-0.019457954295784567,-0.010840192652117771,-0.004861955922706221,-0.012333698980466396,-0.008113671076626751,-0.0025021076410022963,-0.018397242422992965,5.197253783634508e-05,-0.00798362869171774,-0.007088231543433111,0.001345147337189102,-0.0030765668157596983,0.0020480289906876685,0.00048657975143941504,0.0012156054001081816
2019-07-18 00:00:00+00:00,0.0008534511240419391,-0.00030155180891301074,0.008716887580316747,0.00041373809053590774,0.009152066110578113,0.008807937736709882,0.0010326667616437947,0.008328751105342862,0.0027033604253225386,0.001624576774697695,0.008882845834268566,4.1281705063395356e-05,-0.0007640249303157133,0.0024093407271167004,-0.0005894448605998864
2019-07-19 00:00:00+00:00,-0.010871657157279667,-0.005716814107396254,-0.006757391308272195,-0.002362702315374526,-0.005538935555861789,-0.01079320449638875,-0.0010505915690990418,-0.007105083760823254,0.004371136688507729,-0.01551186963047433,-0.014462564767316598,0.0008740486240946389,-0.004510470648156806,-0.0013175207149698546,-0.000739552571288089
2019-07-22 00:00:00+00:00,0.0030117337041280314,-0.0013342952868787544,-0.0012190289682366077,0.010054611204741574,0.002272917871344506,0.001140951461563742,-0.00034881202761157654,0.005601473523136603,-0.004667923914261273,0.0028261732530122947,0.003343303782576129,0.0031511841850852696,0.0005867646950284649,0.0022462497684915443,-0.00017427637187113817
2019-07-23 00:00:00+00:00,0.0018915172698040078,0.008427658484174828,0.011504881989207034,-0.00485410541134502,0.007860361141978354,0.007881979453596411,0.012898178910662422,0.009099536818535382,0.018746304091591486,0.01584441988954894,0.006909915265376857,0.0068590205953264856,-0.003436541791406306,-0.0008081589918156095,-0.002444583341394937
2019-07-24 00:00:00+00:00,0.014416210595868615,0.004111047886749035,0.0008001411928107136,0.006364477402067075,0.0072213111990848625,-0.001209022282431337,0.006195847376635229,0.005493034737706047,0.0012290878556474242,0.0045863836914671625,0.0034801704853684914,0.0017295108797609384,-3.09078429373981e-05,-0.002505167329482933,0.0018156389694251392
2019-07-25 00:00:00+00:00,0.018927146875140795,0.0011741390430718241,-0.0018593793509471888,-0.017493912813116245,-0.0036233116847993194,-0.005939628649282874,-0.0038169041523182083,-0.003668026317634119,-0.005031645407696619,-0.006308559404991264,-0.005088734372399293,4.7068259854002964e-05,0.002012100896498937,6.725673612599948e-05,-0.00327816037824169
2019-07-26 00:00:00+00:00,0.012413516011668128,0.0005143635252975073,0.009334740051575264,-0.006162799949640896,0.007515719961888476,0.007181982997307263,-0.002063848371522462,0.0024598210127669143,0.0032344934966177345,0.0034750869310815917,0.005296979891279965,0.0007684480191089385,-0.0010868471410176081,0.00102471000051918,-0.0002341824342372
2019-07-29 00:00:00+00:00,-0.0018980638362489782,0.0026588583105029906,-0.0033430946941711355,-0.011342533719751316,-0.009399370146516615,0.004208035947458672,-0.0026170774878149835,0.002422021630449836,-0.004363907419852916,0.0011992174614834006,-0.003911099626035461,-0.0034643486428658403,-0.0005414641814062874,0.001036436518952293,-0.002045764354798063
2019-07-30 00:00:00+00:00,-0.006166930811328145,-0.007950539406454333,0.0015221743944220105,0.01582279742589062,-0.0005479756632616293,-6.171576174096604e-05,0.004365591957790247,-0.0055452357729844064,0.013755648941805882,0.010396020249576862,-0.0008482842928916219,0.0018679948055995471,-0.0024403725597822875,-0.0005584585611557837,0.002167170680216856
2019-07-31 00:00:00+00:00,-0.011069434597993697,-0.0076970943953927895,-0.017680344300436045,0.0047562204489910555,-0.008393146617421103,-0.009945230352919254,-0.011191011088815785,-0.018077184572631817,-0.013367286254901573,-0.008266421837817412,-0.007843396216477868,-0.0022260664456047723,0.0006771758154735163,-0.0023816488392589437,0.000586820848128642
2019-08-01 00:00:00+00:00,-0.008826271319309865,-0.0178085658440126,-0.014212283615714293,-0.017655092066405007,-0.017568011870376876,0.00023009279028481848,-0.016410738195431245,-0.0016356371303252336,-0.012084625177057415,-0.007185353812605777,-0.007560209358379984,-0.009346051533785869,0.004690649579071716,0.0010479464493185885,0.0007461225747634609
2019-08-02 00:00:00+00:00,-0.00395784387079439,-0.009274910518340295,-0.005104708325842141,-0.01605111929686804,-0.002736767499538432,-0.006348690048573977,-0.003141925532739548,-0.015558358253341637,-0.009548766981667452,0.0008664507029519087,-0.00378245385890362,-0.005916732833534344,0.000770899409430944,0.0012535305119878333,0.0025840133074601897
2019-08-05 00:00:00+00:00,-0.030775492292968592,-0.033056638496271905,-0.036707316721857605,-0.040456875861832255,-0.0401296990314273,-0.029878698744251867,-0.03125460298781379,-0.044038498234029014,-0.027346659033444833,-0.03367877875597345,-0.0349093224131353,-0.008387092213823655,0.0016635963034290747,-0.006160994186775879,0.0006920597173756763
2019-08-06 00:00:00+00:00,0.01829031233307818,0.020657760061448593,0.018160942601744064,0.003461048310386466,0.023009661342211815,0.020471272735127215,0.02220507246262339,0.021007110277743112,0.0029915318900053116,0.016729558767172012,0.02019257955049417,0.0041567994345872075,0.005302044872557804,0.004421513313446248,-0.0004570864440608018
2019-08-07 00:00:00+00:00,0.0015848915874672922,0.007983438711851724,0.007262002900014105,-0.009347401022987275,-0.00202173824705335,0.0010559962756823034,0.0026702166821899755,-0.0016911618705361506,0.013376876035010954,0.009808458187461653,0.001508775857025055,-0.001935868754775203,0.003081211964321557,0.0009000141399314043,0.0036296190449048127
2019-08-08 00:00:00+00:00,0.011139378806937644,0.01626681123939026,0.019051724727584807,0.029878106175068996,0.01533495822793255,0.016075519314795762,0.016312178173692383,0.022825452897322678,0.019138305338443958,0.018271465204738168,0.018934509114749865,0.0056198036235497635,0.004232464140347472,-0.0024350190211112413,0.00038393635374942177
2019-08-09 00:00:00+00:00,0.003842671857744376,-0.004561045309490672,-0.009869928601560152,-0.0011794635399815022,-0.004869057865119969,0.0024760295999379186,-0.008263327120243249,-0.009802043876978923,-0.013196134025646103,-0.0028414449953076655,-0.006367137778379852,-0.00357791414723528,0.004393511689610503,0.0005027071734125636,0.0014255609538985465
2019-08-12 00:00:00+00:00,-0.007132715587242545,-0.014588507475731044,-0.011788604725523974,-0.014403252857214817,-0.018423459690532128,-0.011284556260879442,-0.01251223655403843,-0.008858418588094318,-0.019244315510674796,-0.009603235276201402,-0.013791111770332298,-0.004873311853649363,0.0004279825157261607,0.00015639004669285028,-0.0019679581515102667
2019-08-13 00:00:00+00:00,0.011848978060364548,0.016300495719396662,0.014459245909734283,0.008773468724257208,0.014102245380317817,0.015978296918666514,0.011252678392507195,0.017586959939691532,0.01160553247252024,0.007298353971563158,0.010898070028021947,0.005302632470807259,-0.0006075414157644481,0.0018469760545008658,-0.0013922373156225647
2019-08-14 00:00:00+00:00,-0.036710263297573084,-0.0335698660375335,-0.025547526627690068,-0.04071218098100338,-0.03407652358297448,-0.027165430479189373,-0.02904278196917482,-0.029282124064840237,-0.03011551115836838,-0.024279433654218703,-0.025348808911408834,-0.006663984199581704,0.001482457573499614,-0.00034695401151840777,-0.0012053737544206362
2019-08-15 00:00:00+00:00,0.003021472553426981,-0.008981117828775982,0.009517206233523916,0.00867131990137278,0.005420651760926829,0.0031550876735701207,0.0008584458942376007,0.005937115304258084,-0.0013213164150093464,0.0033140490280012943,0.002574803695469426,-0.003921205193459023,0.005786817045584166,0.0005869227103322333,-0.0014634848166416893
2019-08-16 00:00:00+00:00,0.012167214285199731,0.011989652252354849,0.015616845360539262,0.015306540225708432,0.01723497080906456,0.013854669179459184,0.01695784731836016,0.013126493266677936,0.01602735102991173,0.014936782347995297,0.016749630025251844,0.00560878389453753,-0.0021731981740319554,-0.001021402640729958,0.0004231084919515595
2019-08-19 00:00:00+00:00,0.013364258607104497,0.016172579432407068,0.013238765314137977,0.020222555272922837,0.008921758861616048,0.011832233430100892,0.009076274767890073,0.014380062221246903,0.008384221596277133,0.00767232107388483,-0.004206975405599926,0.0018549338388733137,-0.002279990157214404,-0.0002761260983003208,-0.00440624991382529
2019-08-20 00:00:00+00:00,-0.005343415401652399,-0.0019439778552929484,-0.01133907095767045,-0.0063925589088091265,-0.010120665493769453,-0.008334852261569948,-0.007337051209080069,-0.00751868492902177,-0.01182802431170589,-0.006607697055885262,0.0008644696045051888,-0.0007592192888606644,0.002125425794100239,-0.0001104498776717958,0.0026326031204350047
2019-08-21 00:00:00+00:00,0.009222398995884519,0.01142104707158605,0.01390340639364144,0.004517366019069753,0.0072042667288031315,0.008819106437774988,0.00870175594531888,0.006747072658068445,0.0051714798250267775,0.011210609294869917,0.018380258855948073,0.0038831478496733586,0.003013947107202911,0.00023078161088499298,0.002333423173252993
2019-08-22 00:00:00+00:00,-0.0033789696452228572,-8.223004462787971e-05,0.004567802620269394,-0.008560138477433138,0.0019913689651622772,-0.005338299184699698,-0.0023036309248948253,0.0031787238853190868,-0.005957116862698946,0.0006698194661243314,-0.00689815936983924,-0.0011976558391174872,0.0006208129580115413,-0.00033404285693456465,-0.001860162724735885
2019-08-23 00:00:00+00:00,-0.03014485076582926,-0.02668113370895271,-0.022305263507081983,-0.039560779497977185,-0.02417766225356805,-0.022371078351077153,-0.025821905457942804,-0.024503212460124248,-0.02665494706922825,-0.023119454272020553,-0.024307160726770406,-0.007811319082219759,0.0004406032400183738,-0.0003630737391336694,0.0005705136983528876
2019-08-26 00:00:00+00:00,0.0134822090886501,0.00823637238221039,0.010662990819851689,0.0031665603537647615,0.009327719094022835,0.011386479606121203,0.007048285742094263,0.005260006323231002,0.00592010928424658,0.012727093454791233,0.01673389420215768,0.00044088383603752256,0.0018082952617626635,0.0020688053710174546,0.0023703370102987472
2019-08-27 00:00:00+00:00,-0.007294402007334739,-0.0008333009128692612,-0.010644861859322638,-0.0015806769088896298,-0.004898109389840643,-0.0073523412618659145,-0.0026484510016298447,-0.0033010032008559034,-0.0032625704701390104,-0.008838986684982,-0.009300912174988452,-0.0028918490180170494,0.003701885415334636,0.0007335295098165308,-0.003055231093844578
2019-08-28 00:00:00+00:00,0.006096057468957424,0.011729237320982341,0.014160820545839455,0.017249080124210073,0.00561388522685297,0.006766798959423533,0.008210979116748304,0.00040299945895078213,0.010620447835787647,0.006560430060697253,0.0033145984070855846,0.004012215187510357,-0.0018879106281198075,-0.001324706209877062,-0.0004925257802680201
2019-08-29 00:00:00+00:00,0.015596714194024721,0.0038968666671553,0.005583163986650284,0.0162562317199231,0.011420310754478538,0.010466990533175414,0.01653150472012542,0.019837543245472714,0.013728706526466593,0.010834948993959525,0.010642521446934703,0.00453598684681637,-0.0026751475900089776,-0.001366960503710636,-0.00208654196622079
2019-08-30 00:00:00+00:00,0.001202263740480449,-0.001975820643965612,0.0025346458442767382,-0.007030983549403279,0.00361517529035112,0.0033102500791106267,0.004324860823527178,0.0026504420072570594,0.003418737165970333,0.0012449382639865146,0.0031333366565122352,0.000878736938890362,-0.0030009132165575926,-0.0011556784180901114,-0.0006806178796774787
2019-09-03 00:00:00+00:00,-0.01343296984415637,-0.008607653539384138,-0.002687515456658231,-0.0003755904555827646,-0.008594861806157867,-0.007036838542259719,-0.015886772606316178,-0.004980981790254722,-0.006953583712411462,0.003296112065231883,0.004449603602847482,-0.007316727402562099,0.0010602660818849858,0.0016316348274308095,0.0005846362098695188
2019-09-04 00:00:00+00:00,0.014192921255050277,0.012488268386608785,0.01126804815779888,0.013279213669878115,0.01148100809385681,0.0025485118106214743,0.011812703725131778,0.018993206605632623,0.011641613355794882,0.009664966785345735,0.005437380937009784,0.001979214113858243,-0.0027484860277533158,-0.0011399677930732256,0.00046733883286937793
2019-09-05 00:00:00+00:00,0.016322372383317296,0.019640293671577436,0.006554051482584016,0.007211209872990636,0.016801187051599355,0.012665083003563359,0.018431066712299105,0.015315327850289398,0.007759221107898557,0.0069291234054571155,0.009575183713774332,0.010035227883061597,-0.003905066939021085,-0.0014659527254258162,-0.0018975361279634628
2019-09-06 00:00:00+00:00,0.003183518218645768,0.008331372811962981,0.0052205698444245715,-0.0007284541623794041,0.0004921520597511075,0.004885091243443015,-0.0007467647192033306,0.003257235075677338,0.0030298240133145036,0.002175386058819939,-0.010565335344165764,0.0007070671435194825,-0.0014704025708477393,-0.0013385786614188815,-0.00312638006164612
2019-09-09 00:00:00+00:00,0.0020955369712510915,0.008834690198961787,0.004687375592040825,0.002039942534539016,0.00740434945653759,-0.01269680867073114,0.003299804022573428,-0.0057244300499736415,0.00042439012813923205,0.004179143605611582,0.0054806867290643265,0.005336526555748036,-0.015022255411099888,-0.0012451515034053,-0.0021676777901442007
2019-09-10 00:00:00+00:00,0.00634900703105319,0.004602080997450868,0.0038834377000140675,-0.012234307779038552,-0.004582217491744459,0.004030909732499099,0.006777480840709055,-0.004038095106291594,0.017843156847469926,0.0006038277662664552,0.009695824676343008,0.004592790400711104,-0.013533215090934629,-0.0010724781366301802,-0.0012511095437935855
2019-09-11 00:00:00+00:00,0.008544810321809489,0.007183783769326265,0.0087497579711103,-0.0001756614509244507,0.005521105757455881,0.010952344695239372,0.008629465794085332,0.014668122247204684,0.012292981793519297,0.002374573784101478,0.013039614140160855,0.002583417967366292,-0.003116727537118969,-0.0005185537750969161,-0.001076117025281217
2019-09-12 00:00:00+00:00,0.0016268310489779246,-0.000629804626703342,0.00032829104702448585,-0.0026006131010604793,0.006263354695758487,0.0001500315017295999,-0.001720291931903633,-0.0009522510525223187,0.004528032747827306,0.0010319419501051749,-0.0021137729708825053,0.0015164902732214987,0.003902501778281251,-0.001399403577666092,-0.0018665032480246215
2019-09-13 00:00:00+00:00,3.3600961211422384e-05,-0.003740882008291645,-0.0013328552743765635,0.0021154271184831795,0.0026638627296313067,-0.00319854840746388,0.004216998145973428,-0.005713569989121867,0.009728676488417614,-0.008315932325428994,0.005965674550162706,0.0020833149787292627,-0.003192582268757329,4.6456949490395e-05,0.0009754461097431825
2019-09-16 00:00:00+00:00,-0.007687350623695286,-0.009391175974644823,-0.007745088483495737,0.050046454090575905,0.0010360227673668575,0.0023360879612075195,-0.0021395226825867445,-0.0005458278194928083,-0.0129544985096341,0.011983549332980976,0.005268018389751005,-0.0012384081083794821,-0.0007836948806376857,-0.001180058351988431,0.005231522045642317
2019-09-17 00:00:00+00:00,-0.0002661897157944657,0.003505482309783036,-0.0004623355360351654,-0.012631046346861546,0.0051776866614338885,0.00047464324407152505,0.0006993702751928075,0.0060344243013551666,0.0014995036910384187,0.004597399401541825,0.00023064752132574652,-0.004391470774296145,0.007413840339459862,0.0009430963495672037,0.002262852795914572
2019-09-18 00:00:00+00:00,-0.004131131600594847,-0.0020542075701956513,-0.0023231671702831,-0.004212120615133178,0.0004584166016893878,-6.568013067203416e-05,-7.750781923804089e-05,0.0010957978490820069,0.000344253803058625,-0.0048203043110260505,0.001836760324935687,-0.002299078734736833,-0.00040190367272216747,0.000774937077210922,-0.0011572860449539845
2019-09-19 00:00:00+00:00,-0.008970743243328607,-0.004769302364634997,-0.002885334209268176,-0.0036536031262883574,-0.00164034306307532,0.003997994670719926,-0.0031594775275915286,-0.003605753697663751,0.0032036419604608113,0.0012126437825163883,0.0010869071476327149,-0.00138245100595326,0.0013100935338612118,0.001888475091117935,0.0007043220448223835
2019-09-20 00:00:00+00:00,-0.004764894157795105,-0.009657174037879772,-0.005146788154297936,0.0005215644395807346,-0.007774316219928077,0.006852385396049441,-0.005883908281305889,-0.005467630857164549,-0.005608413917364465,-0.007440951990220836,-0.003523216904633969,-0.0032376093478162136,-0.000506188722567043,-0.0013053359868541317,-0.0008631904182536372
2019-09-23 00:00:00+00:00,0.0018725553119431026,0.0033779412574266917,0.005838503778318172,0.0020285321924837507,0.0026759361733056453,-0.003804192067571127,0.00029443420851242683,0.003185059697825089,0.0007981513128115846,0.005091909593610401,0.007080408127653014,0.002064651575376561,0.0011735620814143921,0.0011685204189200561,0.0012174615845969314
2019-09-24 00:00:00+00:00,-0.014086042671021629,-0.007706464526198272,-0.006509184990156546,-0.013189901450219001,-0.007314499520827073,-0.010134360289194642,-0.00570283735851258,-0.008815029611410927,-0.012135762135178463,-0.011268267051841079,-0.002900147867826223,-0.005531805349023234,0.0019763370399525104,-0.0021512405924748994,-0.0016005118209765465
2019-09-25 00:00:00+00:00,0.010987626840370244,0.004992490367088661,0.005898954929004159,-0.00013835214989010603,0.005290954475505045,-0.00112401492493847,0.006957567361069936,0.011496567596608004,0.008196539313111047,0.00630018131976934,0.006082350184415662,0.005575251054249615,6.833870691547563e-05,-0.0013114196958794802,-0.0015422052054046406
2019-09-26 00:00:00+00:00,-0.01097457034789951,-0.004049109026341502,0.0013802241029802766,-0.00508039698494774,-0.0048699747586484305,-0.008883967015245353,0.00035048148690727023,-0.002018509902222104,-0.002849733942808978,0.0013505300014465518,-0.0044871485588187186,-0.0023185651797877757,0.0027548941167160057,0.0009907908617322382,-0.003601478115819563
2019-09-27 00:00:00+00:00,-0.006467380613342625,0.001365962730171433,-0.0011637871082725787,-0.004801753318975327,-0.006008606122860957,-0.007677755602248069,-0.004342758863991096,-0.00636442438126396,-0.001891275508161463,-0.008208983541684622,-0.010676990971768507,-0.003139708751906138,-0.007079066960402106,0.00010993284343179671,-0.0027929346649693642
2019-09-30 00:00:00+00:00,0.008814727315111603,0.012292740237475513,0.004042089194514481,-0.007067482618785116,-0.0005214516077081574,0.009737892891509408,0.003594867036106927,0.009269335443224239,0.008126768741668414,0.002099124502001962,-0.0012507667900931833,0.00014784578311277446,0.000192956285242951,3.7411382099354976e-05,-0.0005394351606186239
2019-10-01 00:00:00+00:00,-0.01373362636600086,-0.009118594347747607,-0.008788663926012956,-0.01672452468830904,-0.02020368328501019,-0.013673116042809751,-0.01987035749170206,-0.013236528055656888,-0.018523540120483992,-0.010982733225774267,-0.009811227630450513,-0.0048510613342198985,0.0031815164198202464,0.001703444154449665,0.0026156359999638225
2019-10-02 00:00:00+00:00,-0.013346390444606773,-0.019888341699502776,-0.016761295113388315,-0.020664888842267557,-0.021467686165823497,-0.01738564476561965,-0.020252334843130024,-0.013661074134619616,-0.01971510979990842,-0.011520892862418508,-0.02096296427338469,-0.002729297208933453,0.002650614829565029,-0.0011432700683435791,0.0010074278550575282
2019-10-03 00:00:00+00:00,0.004527249288820078,0.002846081962050769,0.0028978147257288918,0.013533454658502305,0.005627753485020322,0.011959716838940763,0.006123302084581148,0.006601857957560139,0.00394947790372455,0.01445138692438631,0.010852740607528683,0.0036010675531342137,0.00271166575686003,0.0012548423083719809,0.0012370877897968867
2019-10-04 00:00:00+00:00,0.01007658417749734,0.007348795663042686,0.015250261802569198,0.0005898121290549076,0.015950414231323082,0.012604145273391173,0.012078844392406482,0.01319124288124171,0.006000065055954738,0.0051197119877039,0.01835048190244915,0.0003392487777060044,0.0016113401003238267,0.0014464579726601902,-0.00015305657952529878
2019-10-07 00:00:00+00:00,0.002590915675472784,-0.007224093815852898,-0.007687216416400792,-0.013603870610580016,-0.0030831058668930227,-0.0042833990047472055,-0.004773011271225206,-0.00422464139221595,-0.0040993014078257025,-8.475323288411859e-06,-0.0015373194297448498,-0.0014262549909547554,-0.0009567182278843735,0.0006573741490863479,0.0023281627034992492
2019-10-08 00:00:00+00:00,-0.0219563987639261,-0.011749947958242973,-0.0163838197046736,-0.01547561018569391,-0.018490713889938712,-0.023628121910652413,-0.013726726644431642,-0.02068865349805691,-0.01603282921209953,-0.01157124377333664,-0.018856680184972552,-0.006712694977299896,0.0016820597152938548,0.001523003052607894,0.002026471405087696
2019-10-09 00:00:00+00:00,-0.00178459286033489,0.005356438654360426,0.002387556283464342,0.010030880595955447,0.006551935187319227,0.008733854600529596,0.005788012129311486,0.007528737757206508,0.011081882265393216,-0.0017787642591282939,-0.011430629516951996,0.0016187226924549594,0.00489006290697307,-0.0025834702932029307,-0.004691301843163734
2019-10-10 00:00:00+00:00,0.012798925086583809,0.014805706525365982,0.009830236518901435,0.006724420580569015,0.012029592257910457,0.009359220570287013,0.01444312724707853,0.006697286560858613,0.018963582173967767,0.010152577457657031,0.0071851602750890005,0.0038497618404625717,-0.0024818256388203157,0.0046857725349320235,3.798212164598993e-06
2019-10-11 00:00:00+00:00,0.014852412167842903,0.01858137617746372,0.014890921025423486,0.006071395505099833,0.0089699027590593,0.010988843587575275,0.016284315237944495,0.005414810746309503,0.021189671918398826,0.013278884160515526,0.019107649166852498,0.012574076656932278,-0.003444698042217192,-0.0020620409323393422,-0.0014299905352381714
2019-10-14 00:00:00+00:00,-0.0004621553208778229,-0.0023436817788420874,-0.005872610323064224,-0.005249147082338092,0.00026395823205966885,-0.0023218228923130696,-0.0011193340831588568,0.0027895397204628063,-0.009205933616264044,-0.0016829211309124345,-0.010485067600099752,-0.0016827563789997273,-0.00021433487881959137,0.00025504247143403116,0.0009628473596326508
2019-10-15 00:00:00+00:00,0.012949747382411118,0.008138748790561517,0.0035739513632393207,0.003602882876350304,0.00954818772211789,0.01696506123151575,0.008836434607296217,0.009702160926061774,0.005624448918656159,0.008609585386614594,0.0044832170927399445,0.00406677878278223,-0.0007786640263416579,-0.0003727858378187038,0.0016556148729998791
2019-10-16 00:00:00+00:00,0.0013735320125960928,0.0026013876889523194,-0.004583414151289887,-0.014491400354841893,-0.004190798933434681,-0.004600303870699474,0.0028896231138287294,-0.008303328117439442,7.118829898774035e-05,-0.0035769894180486973,-0.002178314634759813,-0.004010450482878585,-0.0018573305310185294,0.0006583088897908654,0.0001334844414052547
2019-10-17 00:00:00+00:00,0.007057810831805668,0.0026315317888955126,0.00538479585962586,0.0036362586972421107,0.00401270366622694,0.009680888114098802,0.006028108017812183,0.0038094520001821465,-0.0035676980490485103,0.006151288282988266,0.005083074613200638,0.0008575195795951864,0.0006566972338479132,-0.002912000237094802,0.002972135324246891
2019-10-18 00:00:00+00:00,-0.007017302198251673,0.003606012011160998,-0.0008508391610774596,-0.0034477804074804145,-0.00010305725669919654,-0.0011706898901730441,-0.000885255063369158,-0.005037906672102043,-0.0005142184941078975,0.003687383738364679,-0.0003820063090631803,0.0004863250075614631,-0.000637890673997124,-0.0031182561050139964,-0.003352403461385838
2019-10-21 00:00:00+00:00,0.007329372540091582,0.0014682884690804083,0.008690485716310429,0.011861677974608619,0.00858519319379169,0.0005223802207067302,0.004620826417158932,0.007661118400911687,0.0007649518992173458,0.01541407162831299,0.014810621232994673,0.006358426762220229,-0.0009266872048302672,-0.0006920455517132691,-9.152003216117855e-05
2019-10-22 00:00:00+00:00,-0.00163072984577346,-0.007175786262910062,-0.003388419888798162,0.0036413496880996305,-0.009103743823803972,0.0014093502133145715,0.004448434302033339,-0.015001274975972681,-0.0007655017089125318,-0.003790304054238299,0.00421070235429202,-0.002930972151937489,-0.009385107734749626,-0.001089997308938162,0.0010314153522860605
2019-10-23 00:00:00+00:00,0.0012634473404044082,0.002556021452267961,0.006859118585544871,0.006020536921112385,0.01033911833126078,0.005988727985839775,0.0023117455070755743,0.0060716873255423865,0.0072563081171243896,0.010993352901298076,0.012079465466624152,0.0040682329078998054,-0.002267328066141352,0.001547696837986652,0.001494351125027658
2019-10-24 00:00:00+00:00,-0.009693917019230967,0.0002863153585220188,-0.0008329431413486085,0.005240247842972918,-3.884032286307087e-05,-0.005274818386717133,0.0011101178094233928,0.005580086094377487,0.0006441319142230325,-0.003422405620659627,-0.0025411662377398184,0.00024373770707886516,0.005332758917214855,0.002521192373776355,-0.00085570391942573
2019-10-25 00:00:00+00:00,0.01327977212786319,0.008886795472617134,0.0003296523731956616,0.0052145587695811525,0.0002028783193535618,0.006556713012930708,0.005846789968764546,0.005759390315021888,0.014839011849387228,-0.005157840640469775,-0.013749671690304152,0.006091171085849684,0.0004053211927808292,0.0012348181582263907,-0.0035870617815058226
2019-10-28 00:00:00+00:00,0.00830684323786147,0.0009397484649534948,0.0018307552902849245,-0.0014546106257522597,0.0027633347139617566,0.011902460077181423,0.0011629660967828461,0.0069521960921669,0.004163607502389456,-0.00145824715373538,-0.014526203583974696,0.006198882862379172,0.002350121730458203,4.6563531591631725e-06,-0.0024272038495865168
2019-10-29 00:00:00+00:00,-0.0075684898661195574,-0.004441817411881653,-0.0012241336962347175,0.00508261975139948,0.00582355314761725,0.00936985731891416,0.0031602741508126196,-0.0047410222203699654,0.0020305663108717777,0.0019615718512541367,0.01549638027132647,-0.002493867133741968,-0.002321614550235069,-0.0011321266471153247,0.005204122397290115
2019-10-30 00:00:00+00:00,-0.001318640285598804,0.0016536960683459126,0.0005446285747107774,-0.02553398581706034,0.001556986751936908,0.002431100189746354,0.002352398522563118,0.00359450507026598,-0.0015926819627529332,0.008373719824075629,0.011919473224956314,-0.0017791366519139724,0.0004210535222240211,0.0018607637104646258,0.0016565457596015546
2019-10-31 00:00:00+00:00,-0.01009366250909384,-0.00886012812389483,-0.003669620593787416,-0.00511155733253667,-0.002039957222412692,-0.006373552368464874,-0.008405966592449188,-0.004903936320068634,-0.011532190207103653,-0.009169003818545473,-0.0011603564595899579,-0.005030272747015216,-0.000993130738423197,0.0012692672744009873,0.0009986269193968393
2019-11-01 00:00:00+00:00,0.005038467016624092,0.008227459340349554,0.009509930122696669,0.024612798151852504,0.009561200236849393,0.005944364440891945,0.016161139431427662,0.012118030263737568,0.01613442983867148,0.010637810638868149,0.013110686009732624,0.008424326349199653,-0.0035139672575499035,-0.003017034531824377,-0.0007567402122345634
2019-11-04 00:00:00+00:00,-0.0008342724533791687,0.0007022341373553835,0.008191994103084473,0.01573023326275359,0.0035975903943097,0.002347223807107658,0.006413612889071768,0.002413431582590261,0.005878186090962637,0.007542585777865169,0.011973985781208674,0.009582256860839876,-0.007752367110568211,0.0002650565843988741,0.00011853414008318549
2019-11-05 00:00:00+00:00,0.003064418117617115,0.005461198947111683,0.007218598795834436,-0.015383519313757615,0.0004926352202601008,-0.006332030342432307,9.714963962621868e-05,0.00370219581922719,0.002789859730306494,-0.013569757227339007,-0.007425911291078108,-0.001077442376259398,-0.005853549579486493,-0.0022824587529474798,-0.0006686251712850247
2019-11-06 00:00:00+00:00,0.0004742599936978247,-0.0016006291996342919,-0.003423624115591002,-0.017041012919305504,0.005705325932544978,0.007214045752044332,0.0020431348192388194,0.008446371682736604,-0.003180716979171572,-0.006918719336451012,-0.013020685833586685,-0.006199592491042482,0.003561805464203465,0.0007536170336292568,-0.0002618552389822951
2019-11-07 00:00:00+00:00,0.006424120605318981,-0.0010768429224206333,0.002090107533229534,0.0033850172913122197,0.004262675223087716,0.004453762501030627,0.0015020107958092534,0.0036742763633316033,0.008419968073165793,-0.005755355714552489,-0.008775396004472025,0.0017295038318406101,-0.00462905805904097,9.558550239623987e-05,0.00047471828844193294
2019-11-08 00:00:00+00:00,0.0004717050518420168,0.0006359882536959144,-0.00023287652403502864,0.003829223709001032,0.001902876113411125,0.007314452968880694,0.002426354841221593,-0.0007490942022819715,0.0009076690734132581,0.0014716554983146097,0.0020447750438034,0.000958682525060239,0.0005567265054026451,0.0006493056152004957,0.004064298543572746
2019-11-11 00:00:00+00:00,0.0059864733179308864,0.0016839688830320246,-0.004909348994121855,-0.0026497814416099907,0.0006442911494253265,-0.0022695257467142357,7.355596337705662e-05,-0.0018824451194459518,2.6279815019735657e-05,0.000525747333211332,-0.007443067660144942,-0.0002277795489325188,0.005581930881009051,-0.00042017351345942627,0.00253503992060029
2019-11-12 00:00:00+00:00,-0.0032594420426029494,-0.006052743385589441,0.004071318409416375,-0.003291452089323955,0.0023773259990321426,0.007277828228193685,0.0017924815256150737,0.0001448809424929563,0.0011423344647603583,-0.004200422489496304,0.010735189337534966,0.00027331785099948233,0.0002633064707382399,0.0007011257530385685,0.0036966376460331467
2019-11-13 00:00:00+00:00,0.00282710209371697,-0.0023492938505993394,0.001987332858768343,0.0009042788431456166,-0.0021157549536681137,0.0034104909791603743,-0.003887672131186344,0.005149145953001564,-0.00372985879661346,0.002006403599931987,0.006066120087043138,-0.004374255237359364,0.0042483267485293455,-0.0003556732934069612,-0.00019680258639346638
2019-11-14 00:00:00+00:00,-3.444414787824068e-05,0.004639291151524839,-0.0011121363974777583,0.001029786637065041,0.002170512678676433,-0.0010212787448716971,0.0037783349033251455,-0.003131682352289016,0.0049245403221142145,0.008548816681803172,-0.0002978123952403633,0.0008156800015499176,0.0028849301400019835,0.00017748147980062648,-5.8604517895758474e-05
2019-11-15 00:00:00+00:00,0.0035917076705087566,0.0047036223216190085,0.004185032335077055,0.005456870283192988,0.0035101255090502883,0.019499590247327676,0.00351902164102052,0.004933352639139472,0.0016460054904162019,0.011930785224792165,0.010982527483275526,0.0030690952181331613,-0.0018776934200907865,0.0004914982885231619,0.0016544157701042239
2019-11-18 00:00:00+00:00,0.0024015595351562836,0.0033482355997174083,-5.024709205736239e-05,-0.010301312994249153,0.0023460165279731845,-0.0020857433609759893,-0.0010516395914125184,-0.0002078710257225531,-0.0012071420371943546,0.003115778107914669,-0.0032334039616005892,-0.0027115730807566268,0.002158041417981474,0.0012959810627546666,0.002158872199609818
2019-11-19 00:00:00+00:00,0.00379089024751768,-0.005011833665305571,-0.001217797787325382,-0.01752413597788816,0.004233740070321122,0.007811839283187944,0.0008753210501423677,0.004156934144272716,-0.001449085337429785,-0.0019943854781225537,-0.007090366004665401,-0.001557967365431185,0.000536982768668852,-0.001311384620319459,1.697170377598818e-05
2019-11-20 00:00:00+00:00,-0.008301848632284893,-0.009397012878224056,0.006108614403227292,0.018655997806179565,-0.0010133777488316462,-0.0018890117842711024,-0.005345164279446211,-0.00517744295691458,-0.013056535875987076,-0.002139417557472937,0.004776276924679833,-0.0024350745677210036,0.0027045512770939436,0.0001441038368342265,0.004362701150226928
2019-11-21 00:00:00+00:00,-0.004704682974085598,-0.005613284287809096,-0.00207910863686319,0.007434135487242274,-0.004366240064913492,-0.0009125758775138387,-0.0034474341546324797,-0.008339401956586032,0.0016747413187852265,-0.010287176195485852,0.00024047583055584128,0.001861762672456096,-0.0026432827606692566,0.002362314640346701,-0.0020384995694226974
2019-11-22 00:00:00+00:00,0.004694622829499495,0.007759049487002897,0.0008861870323515691,-0.006286532584028296,0.004334985939138927,0.003955550574062111,0.004411333126054362,-0.0016170242140608978,0.0023022189729182884,0.002603867233796646,0.007241408423098865,0.002052801958007007,-0.0035146281192917767,-0.00041007677857626216,0.000605374806506096
2019-11-25 00:00:00+00:00,0.006892795361038877,0.010802118979059205,0.01101734285152351,0.0017318982060889059,0.007675673746680844,0.013012527177387908,0.007156509412334995,0.0071302243926851415,0.009713689511867738,0.010756164738279138,0.006552888684256875,0.006665863072644395,0.0003179471530823854,-0.0010411667240732073,0.0013989494413861204
2019-11-26 00:00:00+00:00,0.010323548655331027,0.011956758963181224,-0.0014028870064461772,-0.00974122236526788,0.0012412581795112117,0.0005814479598367217,0.004444934851084628,0.002318680844680924,0.007705210368514739,0.007007500124625174,-0.0020622782813811322,-0.0017816512191397627,0.002983089022323315,-0.0016683018066560341,-0.0015751571804255337
2019-11-27 00:00:00+00:00,0.00399417530057738,0.0019107805722846788,0.003249555369746277,0.004495709336987803,0.002731368383377728,0.0052241077867531925,-0.0006969219705047961,0.0027980767239059222,0.0019345305462114232,0.0046393394844621,0.004366189830054102,0.0012427354229085092,-0.0001459068654390066,-1.8872351036754425e-05,0.0002376970513201268
2019-11-29 00:00:00+00:00,-0.006307532340897284,-0.0010142706039501554,-0.004813439709969589,-0.010741090105214396,-0.0021415689278137928,-0.0069676990994210946,-0.004809180663029399,-0.0030572394270549667,-0.004047216988201866,-0.004897663424998574,-0.0034051598945835488,-0.0024149202963375783,-0.0009496860553496294,0.0015754380578099473,0.00013228972273722484
2019-12-02 00:00:00+00:00,-0.014575358937245443,-0.00644527514021878,-0.0024290260055205956,-0.012166554093705751,-0.011218651787927563,-0.0060882816434643505,-0.012755068238298662,-0.012066216892408343,-0.005023419402019936,-0.020050379520822795,-0.011262503263100045,-0.0030610157566539078,-0.0022545058414567437,-0.0009281046296498738,-0.0022161491150084287
2019-12-03 00:00:00+00:00,-0.001712948158364364,-0.01269053361156039,-0.007747436764535374,-0.013041532477728952,-0.007657048242624738,-0.0006418418238552765,-0.007381821944606158,-0.006500733260779512,-0.00672369139627219,0.0034522861095128,0.002883165085837109,-0.004313162438225399,0.002645442639424701,0.0015085412579263647,0.0045996760073214425
2019-12-04 00:00:00+00:00,0.004334609086146705,0.008056409660740622,0.008716944373494899,0.011890649138526365,0.008118798407163995,0.007958961744465119,0.0032674319332673747,0.0036522247412034787,-6.541311883414441e-05,0.009314189816037764,0.015009190580075705,0.002813015263028934,-0.0015911304649574541,-0.000695402515011565,0.0010686948209978984
2019-12-05 00:00:00+00:00,0.002626455207748319,0.005083636491445209,-0.003922138005147135,-0.0007687263528179051,0.004652136360790347,-0.0029405872189321547,0.004036181567490797,-0.002455296002028949,0.00975635058482108,-0.0017289369582358196,-0.002803501603527313,-0.0010533104322630223,0.000789714941828475,0.0006879436798116478,-0.0007624470398860251
2019-12-06 00:00:00+00:00,0.008156229632846316,0.00622375358178579,0.009874109202978598,0.019707415275212196,0.008519888344188183,0.007906103922954679,0.007127176985798414,0.007599264229965471,0.010268060666935742,0.00770954669073168,0.0045236702678656,0.005586665123740722,-0.001477336223631108,0.0006063877695516645,-0.0022123748000778586
2019-12-09 00:00:00+00:00,-0.004487864509807792,0.00043890052301187056,0.0005724669531183156,-0.004029441237808374,-0.0017718114795718851,-0.009535876396978551,-0.002639968744405141,-0.008757214593346233,-0.0033116229540415335,0.0031890579236968637,0.0025898525512361376,0.000660009203356402,-0.001811998760398718,-0.000299703361696977,0.0016816176945880874
2019-12-10 00:00:00+00:00,-0.0016879015252407737,0.0007695915704969063,-0.001095649976033643,0.00433061810871445,-0.0006703717984809565,0.0008392488667539832,-0.00238156522290428,-0.0019579427035411085,-0.007761419045400312,-0.0028344920615770617,0.009868536601515477,0.001833867786253449,-0.0001287765637921182,9.815079788183742e-05,0.0025712283136068506
2019-12-11 00:00:00+00:00,0.0020641497626804235,0.004867561081043921,0.0022714226670686594,0.0013356698249169432,-0.001070642617645718,0.001068500380438141,0.003918603379885434,0.007114660084614654,0.007542999551903024,-0.0062953316709950195,0.004502675642583727,0.002622053350110435,0.0010147412569025509,0.00048511992431230985,-0.00012092040073391789
2019-12-12 00:00:00+00:00,0.013705086082526342,0.013695003719699131,0.008580170016029124,0.010788393562163328,0.011176347210095012,0.00700532674860244,0.007462290480061098,0.013414597277996584,0.011714457476083408,-0.004728660708307651,0.009636859514142348,0.011077610391024879,-0.0036727065235669046,-0.00011078024423961941,-0.0032105908466758854
2019-12-13 00:00:00+00:00,-0.0072848516726536335,-0.003768592344423333,-0.0025676524939624397,-0.00581182532908026,-0.002891618477363487,-0.002996746133096732,-0.003978488113919518,0.0002966730791963486,-0.006550006251421337,-0.004864828697569689,0.0005708704632592384,-0.0036708544366168072,0.0014283532495912251,0.0016002347668405597,-0.0006974251971618199
2019-12-16 00:00:00+00:00,0.0030543179145364942,0.004148165276857483,0.007869875290346804,0.019754902443622234,0.0038885180507834943,0.011096641301302928,0.0024765255388006107,0.0070734161763461,-0.0005435882505402138,0.011038363382471224,0.014018810079853696,0.002693050621440144,0.0015765665154148386,0.0006135297329070617,0.0005697039175280823
2019-12-17 00:00:00+00:00,0.0025093008071273297,0.0002623301456623706,0.0016868070935933367,-0.0003209131853054781,0.0032887294534101378,-0.0026190795767170962,0.0008640847432903587,-0.0020760225386997977,0.007314966408578938,-0.005270830929930453,0.00970304939276319,0.002054598434703185,-0.0016522064315600074,-0.0006997311681379849,0.0013802970344167905
2019-12-18 00:00:00+00:00,0.00018036814252058987,0.00017817913657926915,0.0016263721315741336,0.003343371239149111,-0.0033569808261774367,-0.0005001182794399297,-0.0027243611020788304,-0.0006331794242877959,-0.0007679321560705438,0.012978010391631468,0.011150129338593514,0.002489045769780685,-0.0012254546029230311,0.00044891675006315866,0.0012846473769318207
2019-12-19 00:00:00+00:00,0.008799075305397159,0.0021246130031338695,0.006404123877836725,0.008153472736665036,0.0031777447741746616,0.004079243279004444,-0.0005480669352923061,0.004096717347624435,0.0022396760697285085,0.009544804553942214,0.0012314933201066987,0.0004620644681272947,0.001155478292062838,1.0144501681153342e-05,0.001767452308316739
2019-12-20 00:00:00+00:00,0.009009073291782032,0.006762607564530754,0.00776460917726472,0.00883973074807188,0.0014647769541779885,0.00747536843106388,0.008178676188007454,0.007391399449134212,0.0053733650285778594,0.004272572011456373,0.007656887379039613,-0.0008075567627429936,-0.00047380308034243514,-0.0005697863999486151,0.0004942958626963563
2019-12-23 00:00:00+00:00,-0.00265001082469351,-0.0015532233324595697,-0.00016408234800330355,0.015357280299517174,-0.004007160069764179,0.003214864472832222,0.002386649883273296,-4.6914545736866835e-05,0.0019949798669738994,-0.0002405204606211606,-0.0036881503714288246,0.0037932622172929553,-0.0013529765416259016,0.0003095789130683345,0.0012245647040288955
2019-12-24 00:00:00+00:00,0.0026237536417567657,0.00146910684254464,-0.0010435116086353207,0.002800511989804303,0.0013015857774668536,-0.0005543466573251333,-0.0015134316794096908,-0.0007712642427877027,0.0026502498941985753,0.0014161346213713145,-0.0010232022936396631,-0.0015342149249335944,0.0010850215962233752,0.00023596400261314415,0.0012807906935613528
2019-12-26 00:00:00+00:00,0.007310136594457552,0.005239595951290161,0.003116249046287847,-0.002629134507624005,0.003174024354865907,-0.0010275599194378296,0.001607379345680217,0.003211733699738409,0.005867384766575572,0.005199589264416417,0.0027994520409999435,0.0016668691532973209,0.0002632527318798072,4.015162828807997e-05,-0.00037797216710627225
2019-12-27 00:00:00+00:00,0.00033461686069573694,-0.0018673693085150263,-0.0003317166899632735,-0.002194595719383635,-0.0006759414510134226,4.1611277926754085e-05,-0.0015366058524310506,-0.001138075598241244,-0.003510918062406974,-0.0002923132443682421,-0.0045416754229254215,-0.002371039675702498,0.0008156007964798572,-0.00022778841319427484,-0.0010176103045442756
2019-12-30 00:00:00+00:00,-0.007467015264331264,-0.0034497910621401817,-0.003934065652095262,-0.004464632935915708,-0.0038892833691228927,-0.006679065130251295,-0.004608801062110201,-0.0015038502132939048,-0.004274706922894113,-0.004604997988663502,-0.002402711465959327,-0.0010719426575897134,-0.0013701336470980047,-0.0018460095352507973,-0.0018398372564723611
2019-12-31 00:00:00+00:00,0.0009434078084644102,0.0008674429913266309,0.002337656113518164,0.00625877654711635,0.0031122390791510903,0.004766239027924536,0.0017320325909175192,0.0017996090697695384,0.007706585972584094,0.008285421711621607,0.007077191598565714,0.0002332645072389932,-0.0008423663299545953,0.001091452610101846,0.0011368843903711663
2020-01-02 00:00:00+00:00,0.007326853373298411,0.00816711474409579,-0.004587260621699508,0.0018325749448197938,0.00838771785730528,-0.0015568968496151214,0.010986732490729905,0.009816215017069077,-0.010253125078822525,-0.007005696485226909,-0.004690048338573347,0.004567533956189409,0.0015298096994041136,0.0024115387114419665,0.0008563519678136955
2020-01-03 00:00:00+00:00,-0.0038604167267923626,-0.0063586662151752975,-0.006358731289444467,0.004867666235946024,-0.006546290031735545,-0.007685219537139722,-0.0012849411739836616,-0.002726054935711245,-0.015660307264150648,0.0003591561020649836,-0.010037379742712871,-0.007168766808997258,-0.00024521105706209394,-8.680459529650589e-05,0.0011204874567796765
2020-01-06 00:00:00+00:00,0.00349097190709356,-0.0034933457006164365,0.00014859822876786511,0.009849110048962807,0.0017320422560686873,0.005844599824856966,0.0014404491142376754,0.0014546594605779044,-0.004068740363778,6.885677949489708e-05,-0.002601053931118897,-0.003238030600188474,0.0003546830298962977,0.0014859618363700024,0.0027790996231182048
2020-01-07 00:00:00+00:00,-0.002036128527976833,-0.006305575275070793,-0.007645077796607639,0.01474740008022573,-0.006402119017555424,-0.003962928005319502,-0.003873229256118161,-0.0038004122414871475,-0.0027333786446284178,-0.008131439537468926,0.003257506240412489,0.0022470732874295043,-0.0017403238472642347,-0.0018723066015760917,0.002472991025106837
2020-01-08 00:00:00+00:00,0.011308157275721637,0.009205958890551327,0.00853349986998529,-0.029917456788554335,0.010253808675378713,0.009188257075336282,0.006687008582567172,0.00886771531810681,0.005612497618277794,0.011081611053763289,0.006897782668317342,0.0027257135688103047,-0.0005343647166834217,0.004979390385299692,0.0006537051211290888
2020-01-09 00:00:00+00:00,-0.0007050618592969904,0.0009974958729495093,0.002219131147396725,0.008689054272761827,0.009078719482392285,0.009437252783283601,0.005413161841721001,0.006262601645104423,0.0011430766772203363,-0.002176400206715927,0.0024044962959433682,-0.0015023438417551187,0.0015155335274612525,0.0001173458238814104,0.0007513758309557817
2020-01-10 00:00:00+00:00,-0.005528225055292294,-0.0034679575355746673,-0.0012894233894371417,-0.002712589547383021,-0.006183077788943557,-0.000763553797694872,-0.003268172958575789,0.00031732704886268913,-0.004262085054472844,0.0036712145889270624,-0.0033889958477562785,-0.0034944366664323694,-4.133985863288413e-05,0.0003613551381166434,-0.0007040679767734005
2020-01-13 00:00:00+00:00,0.008967299829487524,0.009028270787204829,0.010799379345448943,-0.008457861668436336,0.008305036698236547,0.0026575899748771175,0.007621089944182679,0.0066606518442581565,0.015023795241433146,0.017713071761355333,0.017744260435584854,0.004624048059407371,0.0007202541880183773,0.000832386117557136,0.00326541259384706
2020-01-14 00:00:00+00:00,-0.00046434520460840993,0.0015120237711155528,0.0014195800921332307,0.0030233826445327087,-0.0029406461423613526,0.0052272978719265645,4.606736323764114e-05,-0.001334763170918786,-0.0024325131363380137,-0.0034816128574268173,0.00558390115899092,-0.000930117519804626,-0.003915071833121099,3.7375294090107925e-05,0.0014731278380663829
2020-01-15 00:00:00+00:00,0.006702908531458939,-0.001970576893613199,-0.003452013990750834,-0.00707338801500719,0.0016016546454129033,0.005042556924084417,0.005694417043329425,0.0011934818728838717,0.0036099111139049284,0.0035165585152457943,0.00828570769070382,-0.0053385410439800215,-0.0005048275331043497,-0.00017182716398914458,0.0019594566380203874
2020-01-16 00:00:00+00:00,0.011486757644137261,0.010080446394526946,0.006351836559780742,0.00120479886615547,0.011635864152791763,0.007249522488390743,0.00828610163406649,0.013261522415322195,0.004830997545985558,0.010827079044809673,0.00863830228411458,0.0028541215693703515,-0.0005104728702659947,-0.0021275269627540026,-0.0014095460978383184
2020-01-17 00:00:00+00:00,0.006935195502203104,0.006250129321858689,0.0018336387321509274,-0.008772768931007702,0.005272204430503324,8.328681954750839e-05,-0.0012615105764018492,0.0008752474985126899,0.003348580395490548,-0.00031083454189267826,0.005402660404046389,0.0007596294836797611,0.0003653451790280193,-0.0006186256183596953,-0.002663066105141363
2020-01-21 00:00:00+00:00,-0.005341004265328892,-0.007724344693728338,-0.004628055715782058,-0.018514762390943584,-0.003184054139881994,-0.002329841678039246,-0.0031483317745789443,0.003339203885419251,-0.012885084985103362,0.005240261753704659,-0.00047508528443970663,-0.007225458860954909,0.002202245488004723,0.0019307933888698904,0.0027497657987899603
2020-01-22 00:00:00+00:00,-0.0026724915056102415,-0.0021633237316042984,-0.0022886332745656076,-0.010506748525292044,0.00445530392347293,0.003809724702151043,-0.003342413273005436,0.004954940740846444,-0.002735597087294253,-0.006536039806786052,-0.001879997919620167,-0.0014120998020579,0.002925455166555921,-2.5369051600511536e-05,2.1339283267602076e-05
2020-01-23 00:00:00+00:00,-0.006990337953705459,0.005224994457445734,-6.156512178260307e-05,-0.004429456479267801,-0.001811189786147392,-0.0067633770964250625,0.008067101384412351,0.0077644795321023825,-0.0027724968531599183,0.005809307299927435,0.012092942464240438,-0.0009747879629936841,-0.0005524896097636647,0.00208463723392807,0.00012103544607691024
2020-01-24 00:00:00+00:00,-0.01832130217041922,-0.014487931282253244,-0.012929063429241307,-0.014358567474649484,-0.009838070280357844,-0.013575991460098738,-0.005468414599747624,-0.005274627360272606,-0.011371482640680476,-0.008307652212547194,-0.007660082975316867,-0.007200310460985363,0.0005704191324090112,-0.0003295206248511585,0.0019946350878220663
2020-01-27 00:00:00+00:00,-0.012670632825546379,-0.01784580023159819,-0.015278685986998369,-0.02872402705762222,-0.011440404353145597,-0.007575006315462049,-0.013262325469434365,-0.017504333749651824,-0.019847492217278835,-0.015722495598474006,-0.021476361973823195,-0.011720930763259661,0.0015135293884242815,0.00020302276524639812,0.0029266482607521755
2020-01-28 00:00:00+00:00,0.009524994915559186,0.009502309986604129,0.00226439425019849,0.008874122328252375,0.011052246802667564,0.006754365820106022,0.006979232329754415,0.009669854512615442,0.012152096391724184,0.009075320725813423,0.011499554927346275,0.003324706748793235,0.001965089667904308,-0.0007634508820396502,0.0005067920202564955
2020-01-29 00:00:00+00:00,-0.014973021299618415,0.0021010253693498834,-0.001657152296808082,-0.014127022591532323,0.00195481164725985,-0.004024605756954637,0.0001918394981039521,-0.006070164877307157,0.0013774413015573894,-0.00462319081358954,0.005957831803761883,0.0013603681352608555,0.0016398430001882051,0.0019214398858511956,-0.0011366469475207032
2020-01-30 00:00:00+00:00,0.0066375804186857325,-0.0012201232614801306,0.005215333244731458,0.005948136318094104,0.011819548174998798,-0.003246724826753234,-0.00040164661043842645,0.0023233385699417135,0.005056285586447023,0.0017246737995925843,0.0041841467496380735,-0.0022603343630250147,-0.0014745619504569608,0.002182565006271576,0.0009688975534712145
2020-01-31 00:00:00+00:00,-0.009453337952252436,-0.017371978028278404,-0.017061005309901633,-0.021078808204941027,-0.014594521021052681,-0.023510865020028287,-0.022440531818688447,-0.02014378387467652,-0.021574578261467407,-0.01764296627222702,-0.01248069592267892,-0.007238296123123045,-4.968218255183319e-05,-0.000649112648716501,0.0011960042214482405
2020-02-03 00:00:00+00:00,0.0014866623506238003,0.008094386925906211,0.0020774139186244857,-0.01462579255601563,0.011118942522193804,0.00608712518863429,0.0069201341668541395,0.006512326860840433,0.017610325230732676,0.005219000274722034,0.014428817642551217,-0.00042972425859168266,0.0009518283892920531,0.001032579255863089,0.005214356034805057
2020-02-04 00:00:00+00:00,0.021192291543027795,0.016578309160201726,0.0172025717853288,0.007063044423792612,0.011935934565063694,0.01569512176959683,0.01693239084012413,0.012549980545770353,0.021229671111603794,0.027796772409345593,0.009248792742736293,0.011121394719021146,0.0029468947671447655,0.0013690107479556752,0.0023451831611014055
2020-02-05 00:00:00+00:00,0.00973061185728082,0.009348562000967814,0.010370507027179897,0.03280751771035631,0.012724250944111115,0.01868558994717754,0.013187379171058704,0.008061902228210616,0.01587645986667304,-0.0008045306923526276,0.005585694478869611,0.004489961921316965,-0.005415156364138256,-0.002014398716775473,-0.004720585949631984
2020-02-06 00:00:00+00:00,-0.0023968193728639243,-0.0027342497091521704,-0.0018637010392741622,-0.013403816831527972,0.0009813478552669307,0.002913133353683983,0.0018310158574795323,0.005912227254061279,-0.0014955611557713998,0.0035523771808279635,-0.0037978912283850525,-0.0032369016536408835,0.0006904271644463445,0.002906741700185206,0.00175095050816112
2020-02-07 00:00:00+00:00,-0.006120125618326517,-0.013889580011887169,-0.0036834960960414774,-0.009796569598906518,-0.001998710909180769,-0.008109327512104306,-0.005571858661886733,-0.010906512495202308,-0.016096472620436814,-0.0033824105662782727,-0.007864222845355897,-0.006795305842622598,-0.00026280979115880006,0.0012469369371289115,0.0038362357500123863
2020-02-10 00:00:00+00:00,0.00814995514125563,0.005761363407614556,0.005639922189155695,-0.007434664113234784,0.006518828383945291,0.006584229255677961,0.006177590153313029,0.007720125176082084,0.001102947270647279,0.007565630476373542,0.00615874734645835,-3.586056397649177e-05,0.002494760368608605,0.001233912702353904,0.0007512611426185934
2020-02-11 00:00:00+00:00,0.0033389841734207193,0.010074122917440094,0.005171024420652677,0.00750645778566236,0.0022866465059691154,0.011802710824397945,0.0034032901008344686,0.007153496274095182,0.0046698608434850184,0.009850809340633163,0.01085416512191843,0.006243553465961916,-0.00020798151013591104,-0.0022949226736809283,-0.0022024030131297034
2020-02-12 00:00:00+00:00,0.014113050901582507,0.012129031188189537,0.007274146664642746,0.01606497026035092,-0.0035565297508169547,0.0011266970734687275,0.008294902234959283,0.0018143882028542127,-0.0012990934884792105,0.01503899337006767,0.00696552927185082,0.006703760748964911,0.0013244380594287762,3.825106003109251e-05,-0.0020384383175666328
2020-02-13 00:00:00+00:00,-0.002688258496728598,-9.927489547489248e-05,-7.84475218135179e-05,0.0022296041590509456,0.004136423097455763,-5.031786687328328e-05,-0.001757223993892896,0.0015085978043788645,-0.005104338821920097,0.00457430601419958,0.004814707806941833,-0.004535111878745124,0.004245705464226529,0.0011470851445407387,0.0015717452697586278
2020-02-14 00:00:00+00:00,9.44865801366588e-05,-0.0012626806532750668,-0.003478626278590659,-0.0028241349509218095,0.0031109856638086015,0.0039364741183577825,-0.0011022352038922443,0.0023702941130100993,-0.002472744324631177,0.00595581608678504,-0.003915233182067207,-0.005225653718746474,0.0015198854459740128,0.0008681959489904959,-0.0009630903024181796
2020-02-18 00:00:00+00:00,0.00039931322690198764,-0.002228612839916882,-0.0039102512802684,-0.00021288630917736787,-0.00226842057114354,-0.004638016839672677,-0.0008754529629158399,-0.007169059704415175,-0.004994234588610414,-0.00020290378018661482,0.004713962292055605,-0.003911869230347053,0.0006815609570951279,0.0019077595175267669,0.005611100068302754
2020-02-19 00:00:00+00:00,0.005038957377761019,0.009188988745678526,0.005578971996268683,0.011929970367833529,0.007224388498351975,0.005729174584068282,-0.0007476253236887103,0.004909375977636185,0.003151802433650602,-0.004714263136179692,0.004518022599986765,0.004701513684299377,0.001474828955412039,3.578712578871431e-05,0.0030619632867735
2020-02-20 00:00:00+00:00,-0.002741496753061348,0.004630436873917648,-0.0006633149650782338,0.0017114205884518306,-0.0022079997155184964,-0.004445366092248979,-0.0005714530958723625,-0.00698758781361699,0.0025589205920364855,0.010038029258028961,-0.0025732279768970402,-0.0011856869077090672,-0.0031339341966205364,-0.0030767466753390377,0.0007351473220512509
2020-02-21 00:00:00+00:00,-0.009497182466770025,-0.013407047501323478,-0.005799577408110684,-0.018343004102359433,-0.011831517089973414,-0.0030689851974212297,-0.0013046068461515358,-0.009772881075567048,-0.00017342245885089568,-0.004507634093017424,-0.009896854360855049,-0.007286565127009068,-0.002629389483295237,0.0005760588033419667,0.0008818722413487488
2020-02-24 00:00:00+00:00,-0.03376915341871596,-0.03996847038608712,-0.028774242440579856,-0.03929350779607073,-0.028373888542671633,-0.027697549721504594,-0.02544977477492593,-0.02175947378921964,-0.024377033408799594,-0.02736009553226027,-0.03340320328707699,-0.015348162930438504,0.001983279290817123,-0.0024076676274367645,0.0039400059070422
2020-02-25 00:00:00+00:00,-0.0352245937864556,-0.03662625430100227,-0.02868363717432283,-0.043220672456417863,-0.029575990500455503,-0.030407414952209114,-0.033247820496802374,-0.02675049975465818,-0.039567589005749665,-0.03360186588430628,-0.03106242177367259,-0.008318655398945553,-0.0003036111220665579,0.0031106664298246253,0.0024312922695649553
2020-02-26 00:00:00+00:00,-0.01877873918333564,-0.022956674398137727,-0.021224435042776445,-0.023918210871165045,-0.006956088050509103,-0.00023470972046903994,-0.009049773817234066,-0.0033624968711457506,-0.007746388916965937,-0.023013778413271083,-0.028261572290084087,-0.011324271563146224,0.002501809656662221,0.0007191450554332249,0.0020430149857642707
2020-02-27 00:00:00+00:00,-0.03222627365726391,-0.0384258747844008,-0.03427786841288046,-0.058273145052349366,-0.04268227672422176,-0.034996556001868434,-0.03570137800381361,-0.043931963515602454,-0.04403528434683764,-0.04726714989222123,-0.04355699956732396,0.0015334684587993705,-0.0012507932463399819,-0.003497986037775576,0.0004761362963951934
2020-02-28 00:00:00+00:00,0.00874834204520195,-0.0019368369157495855,-0.001112678114208383,0.016831046162400894,-0.01678621949712262,-0.004406104776791267,-0.008660980873264822,0.002044191431906863,-0.001853191059844975,-0.001784197398120716,-0.009001749512086727,0.013433682079768687,0.0005214482170617539,0.005622647701277724,0.0033168808889470383
2020-03-02 00:00:00+00:00,0.016468455438391285,0.01792552459075789,0.036164456081811513,0.027539204879543207,0.044659401755427805,0.03847226806185593,0.02688054008298238,0.024451393935850503,0.04144339455269397,0.03424544953952671,0.03818115451162685,-0.004374963263954439,0.006439434824228851,-0.0008651846479289065,-0.0025431497333677786
2020-03-03 00:00:00+00:00,-0.02950593569470653,-0.023096696740051204,-0.02157300863424766,-0.012910590932293983,-0.029783778060156283,-0.02664485102350336,-0.023878034964707324,-0.024520904897713143,-0.004627775342506306,-0.01329973598868037,-0.02400736284880939,-0.008944037290849957,0.004103091453948418,-0.002378264038129057,0.0007632351057486053
2020-03-04 00:00:00+00:00,0.024347768388059084,0.03209238276378347,0.03703385434830571,0.020021753634091196,0.028832175844759333,0.04986971022434302,0.03965330572871309,0.03874398410496169,0.03671549722428148,0.038512519997974615,0.048093409071629296,0.001721996806473165,0.004123852146137915,0.002684810224796972,-0.004569766687745036
2020-03-05 00:00:00+00:00,-0.03936667644614179,-0.053063281359714776,-0.01958834143574865,-0.025492946865566184,-0.03960922012562556,-0.02567047460846645,-0.03708692463048653,-0.021324201603170095,-0.028172957084007414,-0.02192021682805525,-0.020355083280232965,-0.0081284125190293,0.0030457300984431607,0.0030012464692577845,0.0025965719384524674
2020-03-06 00:00:00+00:00,-0.021651577765696407,-0.018204775231390663,-0.01983915119355555,-0.07582124949335782,-0.03162836782642942,-0.009292163411855264,-0.015241705226390966,-0.020232066502324314,-0.02650132892432468,-0.029073268304802953,-0.020070976478835125,-0.008426239500931227,-0.002576088851213078,0.00021720437029973047,-0.00464046347253634
2020-03-09 00:00:00+00:00,-0.06697565867882568,-0.0706064803738303,-0.05933579538873401,-0.2096486348151359,-0.08817999801424994,-0.06028082420267894,-0.077522988813759,-0.0651930257316191,-0.08552317460893098,-0.09025936634776802,-0.09284215136728662,-0.02137118360830133,0.0018331211994808932,0.009868036269726904,-0.006426147569251438
2020-03-10 00:00:00+00:00,0.036564773915108095,0.03285767439125864,0.02917245660417415,0.0012989920077550983,0.03725951758779049,0.03285328761208584,0.042939785350629284,0.03648868129327508,0.027046117660920382,0.04353392157059993,0.02065744549148744,0.01223958524525562,0.0014170507444756734,-0.007754400363940719,-0.005397496721227591
2020-03-11 00:00:00+00:00,-0.04162788870089475,-0.06252137172027353,-0.05598144511989362,-0.038412532825558204,-0.04982728645228301,-0.042203623799173515,-0.041670195433886795,-0.044756147505259664,-0.04941794164957213,-0.0608493449453608,-0.05621471442008272,-0.009603326696293456,0.0022367910892425154,0.00864703773925244,-0.005179370843983263
2020-03-12 00:00:00+00:00,-0.10274818380988218,-0.1298343836068368,-0.1252437632821146,-0.09386254194800207,-0.1148956420041049,-0.09074052384423344,-0.11627324314423902,-0.11240978625594765,-0.11043656855243048,-0.1204319730585427,-0.13431074180576816,-0.01598740730578012,0.0026920191608256743,-0.0059885765430964105,-0.011691361376762301
2020-03-13 00:00:00+00:00,0.09278463161662819,0.057078304372006894,0.09008566914745679,0.07854450909960195,0.12097179480289347,0.0783764243983108,0.0850353326142386,0.09387735219180766,0.07931476731812488,0.09272550703594441,0.07188763401133966,0.017652734650180177,-0.007280054977766468,0.010066468359871676,0.002100931336224053
2020-03-16 00:00:00+00:00,-0.09010178906311327,-0.15498957615695486,-0.07005465523968614,-0.12088818575515387,-0.11142991766037559,-0.10191658081407519,-0.09936668436578272,-0.11203805421874193,-0.11339175333058178,-0.1670432630810043,-0.11889526964815958,-0.024192217797758875,-0.00719412261708207,0.009506069133491446,0.011237568976938716
2020-03-17 00:00:00+00:00,0.003240833362412211,-0.021598989294688786,0.03894150455490668,-0.041329991217211426,0.03828603140329569,0.02259193306200103,0.017748699008098397,0.04400111880003195,0.04778776170844996,0.024574124315338123,0.08232748323431816,-0.01503782137521509,0.005145001316850757,-0.012001044310813384,-0.016711723222704054
2020-03-18 00:00:00+00:00,-0.06153498060527199,-0.07682878312588717,-0.03631346392430573,-0.09948300637250433,-0.05508299251474342,-0.03609525360684551,-0.06038728042983083,-0.043299558037780295,-0.05258821516115643,-0.08501847151520327,-0.05559239718121988,-0.020403625804592936,-0.0050120916496929156,0.019696681181002096,-0.0028312191282659337
2020-03-19 00:00:00+00:00,0.03767129089437508,0.020219071304735284,0.012975565580325792,0.03840803583863679,-0.007703134673554602,0.014199640229562625,0.0014167620830220187,0.029401697003786753,0.03258000699379787,0.00863006347389949,-0.023181740085289535,0.025678859727618186,0.0023230073948567976,-0.012796055391995409,0.009003110700281217
2020-03-20 00:00:00+00:00,-0.040688487451212535,-0.008056697396884837,-0.02927523445419742,-0.006794690818107546,-0.039419480194803874,-0.032876671371943486,-0.04298035392157513,-0.03831882739453213,-0.032437092810975045,-0.04515346462815812,-0.05296071508201517,0.011813727606214002,-0.002583764234164107,0.006626972412259163,0.01062113781617747
2020-03-23 00:00:00+00:00,0.025042151452971357,0.016361824609809093,-0.006865540720172657,-0.0481323692820242,-0.048127914040781525,-0.029005585766786197,-0.020859785465690377,0.00817524049306645,-0.03819474641623882,-0.03465431103832014,-0.02832857543334894,0.012104270804645661,0.004121959509995145,0.015963517856741802,0.016462209593031126
2020-03-24 00:00:00+00:00,0.0721017007652839,0.14089440428616812,0.0743552926848733,0.11530730932481915,0.10467570978688251,0.09286004246168139,0.11701647840624133,0.09380016207514223,0.10829558385263983,0.07266249191199359,0.10963165578620192,0.029265238146176917,0.004010700619687734,-0.0029161525114684422,-0.0019793755090880827
2020-03-25 00:00:00+00:00,0.025757255095151445,0.05332766909728323,0.03064697822893396,0.011478117980547473,0.027594301235120033,0.03959126972414954,0.03726950376071122,0.005577305740415331,0.027394238633728047,0.056482875437808326,0.0369305317196164,0.01841724563176958,-0.004564194389689872,-0.00016223092892804492,0.007929755503884719
2020-03-26 00:00:00+00:00,0.052687712092305244,0.03487307407145029,0.03939999757273989,0.05440569714889409,0.07388563623497829,0.06754620782020483,0.057551079285045,0.06576464773350134,0.04527542926776728,0.061394619349572646,0.07443016701537662,-0.0027742867013017154,-0.00022234517611086188,-0.00201709529849331,-0.007339032100798086
2020-03-27 00:00:00+00:00,-0.06607917354363374,-0.05302959236726589,-0.0314484396921328,-0.039078280795931564,-0.023770980160255677,-0.03415758574084731,-0.04491409499881729,-0.04877129584453663,-0.038128061322230594,-0.005601749938971376,-0.006607490084495762,-0.01646766467008301,0.00889046600868177,-0.0058066189720823655,-0.005979854291380229
2020-03-30 00:00:00+00:00,0.025793242484795652,0.013824694036196326,0.029056159837803262,0.016191655163791237,0.0256799542611965,0.03814806777836862,0.025987742893903404,0.03535847450534582,0.03060895584927209,0.004699416815567211,0.02434205625270449,-0.00394453096982146,0.0049091886903959246,-0.0011059856740978802,-0.010142676302643452
2020-03-31 00:00:00+00:00,-0.0048510076695705145,-0.022669978284562336,-0.02301721974873462,0.005402699177817452,-0.04143996700914183,-0.011873555559458262,-0.014509943887212145,-0.02326880594738201,-0.0057549737159345955,-0.038668567014369125,-0.04358607790707737,0.0009389556255799212,-0.0012512335264307194,-0.004598981141540752,0.0002482152786829669
2020-04-01 00:00:00+00:00,-0.05695701067206671,-0.04827358801697198,-0.03295011810333323,-0.0038518807975108063,-0.043893237369214154,-0.04840574443686936,-0.04399669088572149,-0.04221695223766711,-0.02557139131831305,-0.05925033699155105,-0.06086799076064121,-0.017838730578745993,0.0010885960739030883,0.0018025182713157367,-0.004368190831056468
2020-04-02 00:00:00+00:00,-0.005623478464471789,-0.009373312901407416,0.007963125534978377,0.11749614969152755,0.018908079696587133,0.014569027983240475,0.012221266080223513,0.008701973102869335,0.010580633527886017,-0.01222318275693586,0.021560622940129146,-0.007290516782666145,0.0062790947756086474,0.0019225108908645996,-0.004461502413218667
2020-04-03 00:00:00+00:00,-0.02614395403350339,-0.029304592465123094,-0.001668837521330254,0.014538709168361225,-0.020864159256269374,-0.012809524129378812,-0.0208932708922809,-0.019594953651150625,-0.021240382392302443,-0.012075299982185485,-0.033838098186528505,-0.004396533008335438,-0.00037371408216869875,-0.0013079855851061903,-0.001285071888485147
2020-04-06 00:00:00+00:00,0.0971177893797525,0.11742774797203435,0.06887971263214845,0.03527529866549438,0.0752533379671233,0.07448896315127701,0.07555330679588336,0.0908194408997,0.06897748820277295,0.08672500276974941,0.08272970171039011,0.020572661180698087,-0.003176055441324247,0.0027069316979679847,0.00854526792481685
2020-04-07 00:00:00+00:00,0.014733328430670468,0.02757553530559381,0.014064018111627469,0.013142081240027196,0.00768114468090235,0.005320711007437101,0.008912855470935767,-2.7451575330453734e-05,0.017522834181666905,0.018993395768187458,-0.0005237978181621671,0.007066947559606988,-0.009394498103183217,-0.0005736266787529885,0.0030263842927018697
2020-04-08 00:00:00+00:00,0.03225659832051683,0.0480429229108839,0.03351709266169377,0.0732625082064361,0.03620161086275249,0.05444705865998041,0.03463003128126794,0.039028314874123796,0.0463223961633813,0.07802541846063932,0.07628741476281954,0.010374481848830934,-0.0073187149151055595,0.0024295966674018066,0.0041628331576101865
2020-04-09 00:00:00+00:00,0.01677271876624286,0.02535220100606029,0.02547871191492189,-0.007452955745368316,0.04214338874104334,0.016716886411052217,0.02098413272992239,0.01085410594409044,0.04446176925327084,0.058210375582060846,0.0473731519912011,0.0059889917390001865,-0.0014622294259154039,-0.004875939499461683,0.004841823734581146
2020-04-13 00:00:00+00:00,-0.003244971843977409,-0.023822190646839617,-0.0252438723763748,0.006574011575087685,-0.02492979381643499,-0.025873050982654803,-0.029214573469797122,-0.007965530159436076,-0.017313890127022735,-0.04232037354557265,-0.03014415693295164,-0.007907604702270954,0.011007162135893086,0.0037468285651313694,0.006113864983791517
2020-04-14 00:00:00+00:00,0.025067367119132086,0.0357975629897168,0.03748714742998737,0.0035324423675086704,0.008049255699820259,0.027346234106819255,0.027093772203996218,0.029782674383820137,0.00959303577027147,0.023541373205110627,0.02736119784909277,0.0026155593241479515,0.00975280324392409,0.0033791167509486728,0.005705230793554852
2020-04-15 00:00:00+00:00,-0.04088118277712063,-0.03718962547959316,-0.03656650913376518,-0.041063694690360295,-0.043918689752124936,-0.019530437652003914,-0.038639703692860974,-0.031599198211621035,-0.04764832619444092,-0.044683268736596615,-0.038564483721947866,-0.011745492799803685,0.00699088613079211,0.0017706518937573718,0.0013517430812976534
2020-04-16 00:00:00+00:00,0.017300476988073025,0.04626299848927401,0.025208084529023934,0.008542972607094117,0.0289886990192668,0.0354522438359617,0.021416339717375707,0.026763769676852078,0.006809229969570656,0.004750638205501795,0.017245784757484235,7.390325996432454e-05,0.004713101939565423,0.013157134727117725,0.009752937967024337
2020-04-17 00:00:00+00:00,0.010721571181585104,0.008311137979550064,0.005858166222627879,0.05275260161055147,0.011964796379171637,0.015431403939273863,0.019171671925365775,0.004853980692547241,0.02852247782132994,0.01116839890943228,0.01642380915782463,0.0035943174411004527,0.0012971649828395497,-0.012563917164693551,-0.00753450051217333
2020-04-20 00:00:00+00:00,-0.013370408517834028,-0.025831663408681982,-0.02396332903786126,0.004779231918580758,-0.010843087064546111,-0.011305711056025737,-0.020367152331945894,-0.012588165314758617,-0.026933096666730598,-0.04184301238096944,-0.036100381475583414,-0.008257768327186669,0.0029156026605154355,0.0010373704744010108,0.007003854117251996
2020-04-21 00:00:00+00:00,-0.028969492955793773,-0.019828196214074,-0.024416002122323626,-0.022501974758182056,-0.032682747307975525,-0.03606305787723039,-0.025054252381955265,-0.03841941239262284,-0.02621419904219205,-0.02004155725270999,-0.013926336115975713,-0.003813531321503475,-0.0011719154644121484,-0.00035815108170266473,0.0012140276844369424
2020-04-22 00:00:00+00:00,0.0011850760818893878,0.02053211154793748,0.008573314694127436,0.054851634713977124,0.006278959661136124,0.013810675030226911,0.012429452859362412,0.02611020745623722,0.01878553762217186,0.00999762025615138,0.021664486389774282,0.007483020025612443,0.008176087014291305,0.0005380269001821151,-0.0035289371675707127
2020-04-23 00:00:00+00:00,0.009390410502516938,-0.0014077247091344412,-0.0001193240359063999,0.020025823732980334,-0.008909260274408434,0.012262796316681557,0.00511533582478767,-0.0018548983679376263,0.007689252600849843,-0.009756245754439423,-0.013101973065320918,0.005377177744241237,-0.005778150092723841,-0.0010101221865545292,0.00028337425124562096
2020-04-24 00:00:00+00:00,0.018771777562717886,0.0224076965139884,0.017179956418157716,0.014635463654382206,0.016349785846086286,0.016106791627742853,0.015079807165460573,0.023655520085987994,0.017993263874651777,0.005216045617582048,0.008115673343107907,0.005529799041808257,0.005733852102309325,0.0007427026863653964,0.0003403706782663758
2020-04-27 00:00:00+00:00,0.041130168263894,0.03897347827216857,0.02025403994841199,0.0016783334101714948,0.036834743412114526,0.02693499059260983,0.028791551120670028,0.02960266025226278,0.029362362126307547,0.033477982900345114,0.012979871427936331,0.004266219096133481,-0.008688605017406823,-0.003351532108408422,-0.0004539189473970785
2020-04-28 00:00:00+00:00,0.020570977892718872,0.015402450530154481,0.021731762905950237,-0.00362069868341627,0.006668980774486971,-0.007528064119115413,0.021417723879717226,-0.0003839935418694639,0.014731489351159002,0.016009901241584544,0.014557333363341396,0.009433338966829838,-0.011463428469893287,-0.0005501855093025323,-0.00022969424906057632
2020-04-29 00:00:00+00:00,0.05439732770767294,0.03215913762463022,0.03305547502654076,0.09025330269234881,0.03254029593271,0.03515180595376107,0.02906328020736465,0.05476959044878939,0.026363797845098704,0.02899998464190502,0.006979447131061777,0.016915437768544178,-0.012538370446534119,0.004918116262018834,0.009113156259635142
2020-04-30 00:00:00+00:00,-0.04888383162791611,-0.04693095834950251,-0.04085218383158205,-0.02563807706168554,-0.03619831554571059,-0.025755135987473532,-0.03433476203551191,-0.04233834791342528,-0.03710740207129912,-0.014834909640483118,-0.03583574871615687,-0.012486479014797613,0.00676610132216527,-0.003738301952559024,-0.0017608220236944097
2020-05-01 00:00:00+00:00,-0.022651921567029693,-0.019104739040198368,-0.023880015884287155,-0.04539045031928486,-0.021926826839198086,-0.028160776309341905,-0.023874445640467323,-0.028747005129221403,-0.01754580943388366,-0.03921141723531775,-0.024335950916957595,-0.009804488367732376,0.003966271806618113,0.0027314076386026204,-0.00022862036233222858
2020-05-04 00:00:00+00:00,-0.00116051172601013,0.0030022444453347633,-0.002311481891874942,0.05679073621707157,-0.0034791475107127483,-0.002875071241989257,-0.008211494443662183,0.0013649042087861955,0.003898336136638892,-0.0012703116414568968,0.007893900158154561,0.0018530503992090662,0.010392305869303859,0.0012148365784069887,0.005119348338943083
2020-05-05 00:00:00+00:00,-0.0038148123622863688,0.009573170713628254,-0.0012185093729945844,0.026957115578134582,0.0055573787321413605,0.016559821684170417,0.006994261490878446,0.013097677132067274,0.002660587831339647,0.004948363112183348,0.005327959896375215,0.002286648919201411,0.011271097510494802,-0.002091104069326823,-0.004171124822270389
2020-05-06 00:00:00+00:00,0.010349675243584223,-0.004257025607261563,-0.014733806575858769,-0.028885769699391682,-0.01970551646475123,-0.013271100500203137,-0.012841779346898395,0.0019640316009430932,-0.023944787153052687,-0.02183966225085618,-0.04149817057136562,0.003545416715320474,0.012037024249277653,-0.002998461071735432,-0.00197135420571113
2020-05-07 00:00:00+00:00,0.013777939144675469,0.02163167724850102,0.012327218646581272,0.026841390538432812,0.028369665140901883,0.018065433801388323,0.017475226533617532,0.020536068382609792,0.022757252278833837,0.022348832554518503,0.008571597214460873,0.003761649685307577,-0.004467667048205559,0.0032741115624242804,0.003626546107415701
2020-05-08 00:00:00+00:00,0.03925222572006464,0.024955143381722937,0.03238596568578654,0.03171595346860759,0.015282788673555266,0.020760570660261976,0.02378003936876852,0.029174848285302826,0.029267104938478075,0.02357549191562995,0.025297008611225216,0.006930626736604956,-0.005906977617169975,-0.0021075472430453976,0.0010424747592199294
2020-05-11 00:00:00+00:00,-0.01292547837361251,-0.009562696927901602,-0.011090552176797046,0.00542314943894841,-0.010043833528380265,0.008746712704058336,-0.010304122412763324,-0.0048424089359317204,-0.021024724890712606,-0.015399527879263273,-0.01131566441887862,-0.006117371739406631,0.0109592597667878,-0.000562726503710401,0.0023446074058169008
2020-05-12 00:00:00+00:00,-0.02871250036096388,-0.03369324344456477,-0.019804137233144645,-0.007139994869509154,-0.03193840328818501,-0.03315270046938973,-0.034849434580171965,-0.030693771204502916,-0.02398429948634366,-0.04968985062879723,-0.016090645000622853,-0.005227709853906026,0.00439908904524221,-0.0019031090750254616,0.0007143948451796488
2020-05-13 00:00:00+00:00,-0.020281170626878103,-0.02046377773444888,-0.015334923905503676,-0.01660395987583312,-0.02229162605572252,-0.020760986821641448,-0.019796770804170926,-0.01877842651449875,-0.022234215841868594,-0.018658172731107925,-0.01156818788910253,-0.007054024028137427,0.007732006811268809,0.005037711904246848,0.002198734993607513
2020-05-14 00:00:00+00:00,0.01762399840253992,0.012454231023942386,0.007190433863488425,-0.0025445835546879896,0.01895256513315069,0.012577733239613444,0.014300296126067097,0.010656290776280814,0.011804833302038301,0.006526923968378637,0.011070729118677625,0.008239132868128576,-0.002126160464694726,0.0032546547231175806,-0.0037166918580830467
2020-05-15 00:00:00+00:00,0.009916284250523532,0.01512965608077427,0.001606091466563759,0.013578945556661675,-0.0029939077081415307,0.006602766323980239,-0.001502490347829943,-0.006668575402577625,0.002620422177419506,-0.0026416534382519845,-0.0125379878380432,-0.0013491474814485288,0.005018098767620263,-0.00472012274633016,0.00215684324884354
2020-05-18 00:00:00+00:00,0.05728980303314928,0.056634292244744755,0.04877437460212619,0.0338091397124295,0.048414901775870635,0.04849585607117352,0.06379749206223706,0.04973617958267341,0.05136180099773399,0.06732978370977785,0.06108084851448236,0.010440371026035372,-0.02324045322319844,0.0030176628329240396,0.004101966695165088
2020-05-19 00:00:00+00:00,-0.004942195689066976,-0.004500955479036768,-0.017836161328403852,-0.019228340085142417,-0.021458656925803003,-0.01575488233894344,-0.013364626463352599,0.002969576847475463,-0.011840700730949226,-0.013762752775479356,-0.019135440594548,-0.0015923378202622408,0.002278486942075219,-0.0017472555112521895,-0.0006647193339725672
2020-05-20 00:00:00+00:00,0.014431385310905263,0.01339451707499202,0.017945181553358367,0.03348065163216176,0.021634347539845764,0.014496687841849227,0.018301769212805154,0.024695907872820985,0.020861966205986585,0.013053036465984508,0.0077822517088248205,0.005918334287488598,-0.0002848151737146736,0.0004786728478656157,0.0012047853270315345
2020-05-21 00:00:00+00:00,-0.0009334303810333375,0.011023518435909081,-0.00933753943910131,-0.022768771603826565,-0.0020660576279814147,-0.005284873012576262,-0.0005044156313273618,-0.012802683728838596,-0.009918568112153827,-0.005454529342033561,-0.009585667068922022,-0.0006383405789665963,-0.005782875511255309,-0.0008612406583228677,0.0001154287209117706
2020-05-22 00:00:00+00:00,0.004825214792002507,0.0005837681197157486,0.0015471641687853075,0.005994398738863819,0.003725599175692759,-6.14690824351804e-05,-0.0005448955158080304,0.0019675665038933333,-0.0004340076721479422,0.009570459126367004,0.0059649472664826545,-0.0004788194729197125,0.006852944206983365,-0.0019681954076474556,0.002923659592993778
2020-05-26 00:00:00+00:00,0.021702627481801986,0.03587103306535079,0.0259413044119432,-0.005464824077081756,0.0342752296734837,0.019362118737091736,0.04370056469833904,0.019935426442847435,0.038861801715278387,0.040501516533752266,0.01339106958362028,0.010217568687532527,-0.02108107386715309,-0.0006890628705983337,-0.003343804087262001
2020-05-27 00:00:00+00:00,0.027271584477004215,0.026487505128529477,0.03557326569715655,-0.01705707084776414,0.025058418975885424,0.02182540823863178,0.028926494016500368,0.012988075329149567,0.02020762053527843,0.011488741972707158,0.006977483095778761,0.006830248899218105,-0.011325434460498194,0.0010470537189448195,-0.0054922406092548
2020-05-28 00:00:00+00:00,-0.017834254970553493,-0.02032967159472606,-0.009403437167477255,0.0061459156237398185,-0.0037297282365042705,-0.001791111991620614,-0.01204628531387686,-0.007531986170564406,-0.004222592930296098,0.002336922197278734,0.026498274415431664,-0.009220556311371851,0.009816686880001618,-0.002652971187977908,-0.0017984131400845126
2020-05-29 00:00:00+00:00,0.006319119575533685,0.004407843080381397,0.0032693038944302047,0.00037046811693994296,-3.730996194964268e-06,0.00554303869394633,0.0037684486524670246,0.0128344732065398,0.0008524641088545433,-0.00741651256625829,0.005462581472592224,-0.0031908469251619243,0.009476853501410731,0.002858021530282611,0.004377216857235222
2020-06-01 00:00:00+00:00,0.003467572894183894,0.00608966371823984,0.005350594062169801,0.0016603042959725854,0.0028992854198856715,0.0009116312213357943,-0.0012179351497827267,0.004711352594054013,0.0054101018132243,0.021560067971131885,0.010775505018109399,0.0022919588951562956,-0.0038310401612487183,-0.0025559866609675217,0.003498740648595352
2020-06-02 00:00:00+00:00,0.012037744846055683,0.014801978542652163,0.01565548511192063,0.03013106573078535,0.010282962111964724,0.013400205971797691,0.016009469690031027,0.016671381513981388,0.02295550711135679,0.013213212859641676,0.009716675450266145,0.0076100096267683005,-0.0011605069651709635,0.0015573475467892204,0.0006248683857750144
2020-06-03 00:00:00+00:00,0.03218012958861434,0.03153047976741352,0.017077173147025823,-0.003257668191048533,0.028268204873153905,0.012593146010464545,0.03458387750347433,0.023567385636929034,0.024984857201662606,0.030549227492255047,0.01783232619218832,0.008428427324119529,-0.012376084219253692,0.0006683151447119638,0.00146934001646087
2020-06-04 00:00:00+00:00,-0.008690082192527992,-0.01041587139664878,0.002798358370037937,-0.013702978945769917,0.012101116843268766,-0.001103194236900806,0.008594955708688824,-0.0003972859064206872,0.008312753583135718,-0.008623387411242868,-0.011071860167313855,7.089184372189444e-05,-0.014316097803709163,0.004226127879502215,0.0036951227965707307
2020-06-05 00:00:00+00:00,0.024534690805306205,0.02893169151392278,0.02750157407518653,0.07299209689239908,0.026552616226453322,0.03654538148353545,0.03218231311216647,0.03030336448776697,0.025890026091045164,0.03909604826754574,0.026861582856201847,0.009658924679123892,-0.013850700548133543,0.0047787747470471875,0.003535636062121796
2020-06-08 00:00:00+00:00,0.019624914501337146,0.011845690078638827,0.01517928898172339,0.04497103473992917,0.018086335110897446,0.02055863029654168,0.015693414682301413,0.014363438257188612,0.004544409170390671,0.019007909915873356,0.0318855621339222,-0.003380853943449779,-0.017494957337049286,0.003551374241696159,0.00905929063193544
2020-06-09 00:00:00+00:00,-0.022373484001974697,-0.023106433726936944,-0.019719478934307224,-0.03374426380121074,-0.014051113545841369,-0.030466652379149303,-0.022745153155479984,-0.018381611662486065,-0.011987352863743302,-0.013104320256856324,-0.03161487673348143,-0.00399899606975794,0.01645327481012909,0.0010670971187556888,-0.004969096438358852
2020-06-10 00:00:00+00:00,-0.013819283093568772,-0.01840203412477522,-0.02123464568622641,-0.02610131821109998,-0.028990510452399098,-0.023417064694250714,-0.02440231360830345,-0.013430665725394328,-0.014434756975299107,-0.021613378939342266,-0.009086867913098163,-0.006238966260867153,0.02078783054155513,-0.0037088228062292367,-0.0019918651867766074
2020-06-11 00:00:00+00:00,-0.05863280503047621,-0.05026288659514841,-0.042503800920879936,-0.07410686274152295,-0.056424868113331396,-0.06033707863858297,-0.052559445475433064,-0.05870374082870118,-0.07411245176552389,-0.05375440889680152,-0.041198163963025995,-0.011576815609893064,0.0038389122065334413,0.004072870821336415,0.0032312678338355313
2020-06-12 00:00:00+00:00,0.011266599613838472,0.008307457789931492,0.007990337945367514,0.005304008133153033,0.014895109449714424,0.016796113382725453,0.008540099967047571,0.012890201605609816,0.0207394036847455,0.029432878435862005,0.0030954093160138877,0.008423217239737513,-0.00616961793603509,-0.0005630945262460781,0.002330516528083933
2020-06-15 00:00:00+00:00,0.02109902223269025,0.010994749816626077,0.022212694108553845,0.024193688773678067,0.02143072410237352,0.015491281563074622,0.01639835916266373,0.017788525665836604,0.013611883090670102,0.008793601792008365,0.013871442000764903,0.005975026125310243,0.005621197657697718,0.0013264601916364426,0.0061079176011521515
2020-06-16 00:00:00+00:00,0.004036900316979294,0.010818440421725126,0.01494917860059397,0.01331763784525054,0.009429412974369479,0.014890070962733629,0.013543564055429676,0.014520154327088282,0.024509657286391914,0.016917010532843783,0.002314259585865673,0.0036072167472352675,0.002566648734987457,-0.0036127278719908897,-0.0069597214746710285
2020-06-17 00:00:00+00:00,0.0006538667072208543,-0.0014519881742870167,-0.006444554700732618,-0.020837087809750177,-0.007084791426408557,-0.008888111900356519,-0.005379543064977215,-0.00688639273566538,-0.010638745598790597,-0.012384011830887724,-0.005210327964957181,-0.001578404641019767,0.008299928443908016,-0.0015409847296860937,0.0002480710065246014
2020-06-18 00:00:00+00:00,0.007726245042764202,-0.003736947159465545,0.00952872593597833,0.01877685157578118,0.004329483873873447,-0.0008197010028661413,-0.0006436850941267144,0.0022531068394710026,0.0031390693304507063,-0.0076414494770093945,0.004484961051666512,0.0011266088131346229,-0.00224255320274918,0.0044343216364477744,0.004063011995378222
2020-06-19 00:00:00+00:00,-0.02130352895519943,-0.02068557471048488,-0.015345075729276935,-0.012942780145299764,-0.008771994923860835,-0.0018672565549346946,-0.013280535280560772,-0.010780477599674994,-0.009382001862750431,-0.023906095206879665,-0.029587610714576985,-0.003454123920472809,0.008171941223914441,-0.0035996294836327207,-0.0019007956143433972
2020-06-22 00:00:00+00:00,-0.00031874619628793855,0.008889804382904798,0.0021503470356131933,0.00930937208609786,0.004057882073956238,-0.0023005339156050323,0.007460112149663924,0.0075583894005409845,0.006046042827832027,0.006774289721923049,0.008940973924175746,0.0012238092583887507,0.0053465870539134075,0.003673230650918658,-0.0014550119775632356
2020-06-23 00:00:00+00:00,0.010555150680094003,0.0017703295670509524,-0.0012448903349920415,-0.014592774977841037,-0.0028877084316402558,0.005889227175305672,-0.0028521074012682972,0.0008383446963656661,-0.0007703769386700856,-0.006024013759048418,-0.011122224224004352,0.0032462098948590956,-0.0021380011460893932,5.628674515584589e-07,-0.0007568080017519548
2020-06-24 00:00:00+00:00,-0.03137449570873117,-0.0347987740652594,-0.031000769787990858,-0.042818647286786964,-0.030512144670050853,-0.041632387261362945,-0.03399694257532804,-0.028374727777041628,-0.03200920899363565,-0.023667043318319952,-0.013986220782308493,-0.01345027906483306,0.003962897476950354,-0.001570295558289022,-0.0013673027485082458
2020-06-25 00:00:00+00:00,0.006022162647629508,0.0021138739287710597,0.011440683448773286,0.017789524189787072,0.019881288782033973,0.010795220048818572,0.012146083692529308,0.009263980421604071,0.010498260594181685,0.012678521359811287,-0.0051552326478819955,0.005223948429450603,0.00224793209191559,0.001960082544964364,-0.00040416104155769066
2020-06-26 00:00:00+00:00,-0.027616200838338253,-0.017107138919028576,-0.02742954451229178,-0.031065366260271673,-0.03426630690176403,-0.016157528275543176,-0.01595446012529435,-0.015858792062142447,-0.013829614708648116,-0.017306803710963593,-0.0177829634622396,-0.005365461677683425,0.0011131870296999143,-0.0034313074712809585,-0.004340791218990571
2020-06-29 00:00:00+00:00,0.02537705425841931,0.03252814121633573,0.028518569210961277,0.002419891627043135,0.009963793739626758,0.019939548770942433,0.02974253344705562,0.019456901066256586,0.020445816306616255,0.017158691356260292,0.025533424000488532,0.005658637608395172,-0.008307259265689572,0.003738799128635187,0.0038984773823632305
2020-06-30 00:00:00+00:00,0.0049867859978598465,0.004727684053112892,0.004168171730731672,0.03523141454365548,0.017489681359712572,0.0156356321135092,0.012318738018041559,0.009230379732964228,0.012742198358904932,0.013121695615442333,0.0035370235516954227,0.0019786369507643303,0.00851204237523512,-0.0020269573076856706,-0.0013562590421926134
2020-07-01 00:00:00+00:00,0.014003415166929847,0.0028326189057186887,-0.004256888744612109,-0.02076634944206275,-0.007458643548776871,0.00011253798694057246,-0.007288965011950503,-0.010269683013876511,0.0031992127642171166,0.02362960331958311,0.023241568683251616,-0.003973946095917189,0.002470476164974874,0.0031517329831372426,0.0014059684445622603
2020-07-02 00:00:00+00:00,0.000549139197906816,0.006862985421633407,0.003458290726180326,0.017485438078063402,0.003313517635763163,0.006380180312232916,0.010070726778375153,0.007300610914301132,0.02051019743290198,-0.002725074163731093,0.004175359225150972,0.0002951077894021389,0.0012875258776999742,0.0007588898296622603,-0.0003601115271466512
2020-07-06 00:00:00+00:00,0.012803318092060563,0.01674619451182135,0.004632199506061677,0.0014260530652554556,0.01614499107418678,0.00941523979559967,0.012593387155108032,0.017092028628357524,0.018590278168465733,-0.00038988404489404406,-0.0024044036969471114,0.0013914349325451162,0.0007091704983887589,0.001872614641261431,0.0025103150473648386
2020-07-07 00:00:00+00:00,-0.01054171991666122,-0.01729330119986512,-0.0063574473322107975,-0.015005440312011599,-0.014608520678481311,-0.016130725167286978,-0.014889027754049064,-0.0175531565323397,-0.006574606286905157,-0.019670878324999645,-0.007784877594973398,-0.008301009524334744,0.00529337021081803,-0.0003332995729332863,-0.0002293264645785954
2020-07-08 00:00:00+00:00,0.000698445778753591,0.008097420088260874,0.0001859273482626763,-0.004604223068949949,0.01405709711686703,0.0014034183376817819,-0.0017052045326120275,0.012931943834342244,-0.020820502363860575,-0.001265433555425509,0.009652030310118605,0.0019046523318880988,0.004781839419660101,0.0009270690224659917,0.0035882887067564947
2020-07-09 00:00:00+00:00,-0.01729104000995485,-0.013677512037414283,-0.015292112581779899,-0.03332207736684369,-0.018383737801477572,-0.012989800010418443,-0.017646368880515073,-0.00015052158193630712,-0.011997097008739075,-0.006185838202238985,-0.015362376052803125,-0.008604320559479801,0.006406290684518725,8.697205453659339e-05,-0.00041580619474066056
2020-07-10 00:00:00+00:00,0.028910991466073458,0.01527530148610487,0.025826827139070405,0.014477378534739084,0.025140507994370294,0.005498574282916757,0.013126868363594078,0.0005528669564673454,0.02493625810814387,0.006579991598255368,0.023339296069318255,0.006673103581140864,-0.006979725868948586,0.003086624430668145,0.002669740247995869
2020-07-13 00:00:00+00:00,-0.011451265815041288,-0.002881549132933933,-0.004242848043060888,-0.02327439313904167,-0.0033199415492612258,0.0036411510393725083,-0.00030283772394161464,-0.014215061126286635,0.0013515122660301387,-0.011070640436383982,-0.005343606486736638,-0.00012121483549544266,-0.007402209516662759,-0.001316306575480277,-0.00465511800114161
2020-07-14 00:00:00+00:00,0.019386553743983508,0.0211250957695922,0.025964035711239293,0.04764796516162398,0.014553263989838503,0.03057676960719018,0.0267629822675333,0.013976132870413424,0.027011669686738012,0.010729100387186994,0.013614717664049245,0.004794937014846488,0.0022965006903893376,-0.0009283546915715528,0.0032473887142696256
2020-07-15 00:00:00+00:00,0.019614025194806577,0.02494930044621993,0.010862388350047818,-0.001141939052330804,0.0132830743644739,0.026657936720540804,0.019903706980880093,0.014146422407892692,0.013173956917409777,0.004339062655839689,-0.0027953019048400354,0.005541655672106547,-0.0060220363036563515,-0.0061743056081173635,0.0017004894003302714
2020-07-16 00:00:00+00:00,-0.0033974341731320564,-0.0030626995371971907,-0.0027591431151798005,0.0004103876160717248,-0.0001286115696114016,-0.005453808435976861,-0.001850245560051823,-0.005376861498821425,0.001912330025939248,-0.013680700106997993,-6.0405462675756515e-05,-0.0019610744176545274,0.000702394725174099,-0.004264845381607348,-0.005394360443463227
2020-07-17 00:00:00+00:00,0.0010758015121991637,-0.002575356141603113,0.005626188162572068,-0.0035343905986966184,-0.0017350198946353024,0.01691528072770776,0.007047878184112091,0.008428883723296783,0.005142237667742833,0.011032954595214011,0.02627413715780753,-0.0014018696300965158,0.006159042647517679,0.00047350166429302584,0.0023977320459714247
2020-07-20 00:00:00+00:00,-0.00320022027223867,-0.0027036147330748465,-0.01421709128172591,0.0024226154378947373,0.0002664254737832952,-0.006797885011603308,-0.007381500906454615,0.014088067879929769,-0.007977859284920948,-0.011605448192173094,-0.012482500815383709,-0.0038853378697533384,0.008640966018481307,0.002627256290878044,0.000690500043256889
2020-07-21 00:00:00+00:00,0.005203972354137153,0.005809131761481069,0.01747954426397852,0.05272715507570969,0.01338985245900055,0.010297726503637458,0.009860991239380045,0.00013002314378429128,0.00890776651094781,-0.003430717791756425,0.0013566970081202612,0.005667157434397018,-0.004678993076426886,-0.00020418499257184464,-0.001430486666952802
2020-07-22 00:00:00+00:00,0.00724865717212247,0.014111025844922628,0.0041837065439517054,-0.01226485294552069,0.0038515089313906643,0.008101853386732156,0.00635270669476994,0.0021095181431231894,0.0065023934817014795,0.014802272646104375,0.013733224018435781,0.0007075801104165034,0.0017433160417195909,-0.004116227097855108,-0.002813261353406451
2020-07-23 00:00:00+00:00,-0.0028567513214537966,-0.0060691110263916105,0.005760078858627419,-0.0032868592573988783,-0.0031094213349863935,-0.0010048274300944533,-0.0016842594521721457,-0.0024569678629568622,-0.007901395411914605,-0.011774610691964886,-0.005929230367694318,-3.759013551034285e-05,-0.00590746745956469,-0.003914943544986825,-0.0027769314524238088
2020-07-24 00:00:00+00:00,0.0032183005942045062,-0.004782659958137713,-0.005118030669558826,-0.002031313225989239,-0.005677921855630274,-0.013816778799968128,-0.00855621011965389,-0.018710566114363975,-0.0017365994962293917,-0.006836202618733061,-0.005897919533441569,-0.001516469524786681,0.0016437189847017574,-0.0009756354000721289,0.00011522847177499937
2020-07-27 00:00:00+00:00,0.005498738670028258,0.004792610864987958,0.005717123306413319,0.003681218489751041,-0.0009579282988207036,0.011108984599968653,0.0100105580590804,0.019526369717628195,0.014573450159482963,0.00821484441944457,-0.011354166646182646,0.002183133553467463,0.009879003816017362,-0.0017774024557528014,0.00020641498257725066
2020-07-28 00:00:00+00:00,-0.015967169183717028,-0.005615024690762146,-0.001741371003201494,-0.02266731065913287,-0.007832766490060226,-0.008396635464165808,-0.005782696453518501,-0.013182268874988232,-0.02362746550233914,0.022350828939076046,0.012377551691375943,-0.004914681100668946,-0.006477105047735218,0.0032151021698107692,0.0021508304893709095
2020-07-29 00:00:00+00:00,0.009531022755860232,0.015056946710400747,0.015871460961052197,0.037129401328125616,0.020039617958474216,0.0170729843143888,0.015306168822829588,0.01850190252878258,0.006383899039186986,0.015204272463269738,0.007762493571564171,0.007463168417650736,0.005725470932812476,-0.003841741414049424,-7.41436680700043e-05
2020-07-30 00:00:00+00:00,0.002595117416409961,-0.004691123553411008,-0.005818980154194558,-0.022827173975336214,-0.013064407708635213,-0.009387036917125023,-0.007490030528324235,0.007282285515850818,-0.02223332955616884,0.003749113881938907,0.001054659694700078,-0.0018951295039451857,0.00441214766231795,-4.4405250698596396e-05,0.002439771490714244
2020-07-31 00:00:00+00:00,-0.0035687434221351876,-0.009057981062693217,-0.006251460787115344,-0.0012746310272465087,0.0001228452021885257,-0.00978526709769158,-0.003718667008316508,-0.0020015526366615978,-0.006704342057466724,-0.0014090468610866186,0.0011059369976577581,-0.004690038023777371,0.002295374902054596,-0.002868301588034353,-0.002079124257901909
2020-08-03 00:00:00+00:00,0.01600704291967498,0.00025658618288435507,0.0018032745888786226,0.009805695902850027,0.004009428531843595,0.009812593016763432,0.010801777751865868,0.011078478953951301,0.005988056479746772,-0.015305360697266845,-0.006916840320783206,0.0011116741390087585,0.0054926826399499,-0.0026463709861905336,0.003338151167759189
2020-08-04 00:00:00+00:00,0.010373066008238369,0.005778798756683714,0.012744492007752638,0.0255426445848754,-0.004898123780775949,-0.005857009834792659,0.00423055636569328,0.0037495252208140685,0.01673670107845253,0.014395957982287669,0.006545457091375677,-0.0015864587144284637,-0.0027450878368645865,0.002456156411376295,0.004045968754944716
2020-08-05 00:00:00+00:00,-0.005044744841909975,0.007867942049844782,0.005261147092481294,0.007623945441587273,0.012233951868500926,0.007206832633762543,0.015203891710343373,0.0006886437076679206,0.017301030249494684,-0.002946880754341278,-0.011317539955440862,0.005869279446866681,0.0005955781657893035,0.00010087147950525385,-0.00035021863207755166
2020-08-06 00:00:00+00:00,0.012415588085561745,0.013134822867190516,0.0053843362551205766,-0.017442617419382685,-0.004477197860915666,-0.006906452544502851,0.0008288935126910482,-0.004644650299093091,-0.008170212512424354,0.004306378211046911,0.011350638021094681,0.0058996339083979225,0.004381305322810969,0.0011934827386313723,-0.0002801916555761478
2020-08-07 00:00:00+00:00,0.013930520058087337,0.0036346824439241355,0.006511716496073636,-0.0027112647575429053,0.017078093158662534,0.009171033175887364,0.013605034701456716,0.001765040804267054,0.006132718469659967,0.011948105703756972,0.014988864939382191,-0.0009132807474931202,-0.008593364491881795,-0.004299866695596946,-0.0009286449339444961
2020-08-10 00:00:00+00:00,0.009739855082527987,0.022123500932301244,0.016285704364858204,0.007007321308606044,-0.0023235981292498587,0.003408739226395551,0.017247179422487276,-0.0038652833337390205,0.019579210394797472,0.0014110570711887726,0.004776603165970763,0.010529177581106507,-0.007699486125720174,0.003196280635756079,-0.003186616157123401
2020-08-11 00:00:00+00:00,0.0001719860156874564,0.010350654452954938,-0.0005520920830084713,-0.019222642120153625,0.0073054595888539615,0.0019015292991568936,0.007315704152783524,-0.0023938683789507262,0.005789037958620804,-0.00952882729972267,-0.020968884293500713,0.004214902709132958,-0.007028434871348346,0.0011293457902589992,-0.0005892345530311839
2020-08-12 00:00:00+00:00,0.0057203507657588555,0.0030300814787880496,0.013078824597267549,0.024751692640750597,-0.0032896186607265553,0.008725855564727788,0.0024364972384699132,0.0030556105338769876,-0.00045898987833161277,0.010847639118550006,0.014487649879585247,0.0035584209786279552,0.011809888389167104,-0.0004159966403014159,-0.003683475150814918
2020-08-13 00:00:00+00:00,0.00556054880467417,0.003941795047256067,-0.002796244132929993,-0.011651719635775225,-0.003107765330383406,-0.004158396774279438,-0.0043414273222935566,-0.00044512076604170264,-0.0024251694225612274,-0.012827221075223435,-0.0009009619183553055,-0.0016795668330876962,0.005498223654112364,0.0006645486761554198,0.002589352503064784
2020-08-14 00:00:00+00:00,0.00225990945366812,0.00033593559260937524,0.0023056250714354786,0.006747730690960072,0.0022911315816715903,-5.0165845169547756e-05,0.0029778536069318476,-0.005392701376632423,0.0042478820270183916,0.0029358583473968907,-0.005459888081411148,-0.0009591607187259271,-0.003940590199988308,-0.00014585935126007043,0.002627879244249882
2020-08-17 00:00:00+00:00,-0.004620859637445883,0.01178537989149208,0.0030347250053994823,0.010995317155190944,-0.003943539838594667,-0.0006163018877100392,-0.0035597075467005772,0.0008067851753053442,0.0014353997524257536,0.010039500510780803,-0.0019665811026559183,-0.0018659359930184348,0.00997397510355748,0.0005437716186669338,-0.0003439872097357183
2020-08-18 00:00:00+00:00,0.0007590494172440646,-0.001641680940238567,-0.004035217331886096,-0.014124021341979931,-0.0062041037366132095,-0.005886277098576001,-0.003616817894044422,-0.001685803588800359,-0.0018890045962676562,-0.004519887602798875,-0.0031111893797544227,-0.0032584007723178714,0.0008530863959243665,0.0007033027452891388,-0.00019126186776950694
2020-08-19 00:00:00+00:00,-0.0026476064574194255,-0.008210117311286177,0.0006211974114114576,-0.01259469638213295,-0.0018259324030360955,-0.0041190539972217905,-0.0035636954416949237,-0.0010228411740849104,-0.006071721352707193,-0.019035459167813032,-0.004603503876175742,-0.0004068559569529147,-0.0005198919176063208,-0.0008370329850961849,0.001016498319375565
2020-08-20 00:00:00+00:00,-3.2097526050779476e-05,-0.0012421636549177512,-0.007649257032170086,-0.017020546140241066,-0.007256338329504635,-0.009504467197800062,-0.0021029662540037286,-0.0029847215249375284,-0.0029910808753049575,0.0151837392478405,-0.00863796640314521,-0.0031928669243974916,0.0037145626342440802,0.0035712170411965278,0.0019889938646468256
2020-08-21 00:00:00+00:00,-0.007932247134864786,0.010101988544801554,0.0011713377894212833,-0.010293063254290089,-0.0049167963877153695,-0.002501373288286362,0.0007959779308823764,-0.0009971919688908624,-0.006755011201965471,-8.279345891818921e-05,-0.0004202185234946228,0.0007692808460092928,0.0012973496187553802,0.0007319116060808366,-0.0016373805505614796
2020-08-24 00:00:00+00:00,0.019691782584288633,0.017190304114800943,0.01764867291191495,0.0013851852405689163,0.01617584263233286,0.005045964388492791,0.017036388548293365,0.011974164515363518,0.02177850737625704,0.0056864560427914955,0.010668314877519996,0.0063901688788804215,-0.010712964403399755,0.003881312420750989,-0.0003424146883520857
2020-08-25 00:00:00+00:00,-0.0019386570168768195,-0.002067122940873623,-0.0032818124319952957,0.0030806537319924003,0.0030756028024493624,0.0061554545047302935,-0.0030202041448075087,0.00573206860308958,-0.0066439318374624185,0.005765171380046173,-0.0083953526224452,-0.0012424627988295647,0.0017234666705233427,0.002344748794273431,-0.0007164689656308169
2020-08-26 00:00:00+00:00,0.009980465679522632,-0.00382146285738891,-4.3402422469831364e-06,-0.017996575661494364,-0.000679477887759072,-0.003238392398591891,0.0042723223067976475,0.006028066425895219,0.009114987728207952,-0.007666870344174028,-0.01019141193518081,-0.0031998342174541466,0.0046957957315528825,0.001451094072443225,0.0016809005725130705
2020-08-27 00:00:00+00:00,0.008006347034086526,0.006637466560998092,0.007689891912464515,-0.011446052931577744,0.013276004691177654,0.013165913278210937,0.007192765647891001,-0.0034710232891938466,0.0009271983014015934,0.014815642179307925,0.006608034956494987,0.0034748176087043467,-0.007259708276671227,0.003130718481211773,0.002742098926380419
2020-08-28 00:00:00+00:00,0.008478431402040127,0.007233694292652134,0.009453069944733345,0.0072492642060583735,-0.0009127122170521953,0.004191384288077518,0.007679852949667784,0.015026309808146504,0.006542834951785495,0.0067692722895470415,0.005297181984868169,0.006135219789664431,-0.0015298958579599011,0.001325563068798284,0.000976406113784925
2020-08-31 00:00:00+00:00,-0.01118259629963488,-0.011458503611841114,-0.009493237053549153,-0.007296484529108109,-0.007044692488741448,-0.002401111506179579,-0.010152782308566682,-0.0032201299949137204,-0.012612615771771345,-0.009975008434955721,0.0032991321608448034,-0.007006561080022822,0.003981547915533482,-0.0006023348531495176,0.0006075999246244364
2020-09-01 00:00:00+00:00,0.010020674139779437,0.008519872557664345,0.0014261516854907263,-0.003071391287695164,0.0031220334879045416,-0.0062273610684855235,0.009588767447104945,0.010578943577598025,0.02651403073558468,0.006250493730439019,-0.008468979716502666,0.005930735923993705,0.008281907190744883,0.0009677940226267964,-0.0016655241001493468
2020-09-02 00:00:00+00:00,0.014379558730260285,0.015028731968912863,0.020659397203913563,-0.007876235098821112,0.01196423878952505,0.02472272557075694,0.014814751351960873,0.020520284683578083,0.01845960205675119,0.017857038079971604,0.02290051672015324,0.0038396425813407176,-0.002759570361970363,-0.0006665064481053782,-0.005784926706996643
2020-09-03 00:00:00+00:00,-0.027891462785160092,-0.02909723877781529,-0.024839316508779172,-0.02963562639905608,-0.0251774249319801,-0.02649921890125414,-0.032272231959254855,-0.051363081968109174,-0.030623424677720685,-0.019260437427733097,-0.02081779296478266,-0.004634193397037287,-0.017668851795368392,-0.004592982928115809,-0.0011818974710125977
2020-09-04 00:00:00+00:00,-0.0036624956255665603,-0.003041351931218023,0.0078984484962934,-0.01702804658226445,0.004245045306229122,0.0006244428031256253,0.005674842782063939,-0.0023909132174331554,0.011170063497132997,0.001031808408001972,-0.002928028428076997,0.004372906241185642,-0.006454618083648431,0.0042331866644507495,0.0035133452332961105
2020-09-08 00:00:00+00:00,-0.01855431614159719,-0.011352633924039048,-0.030604298445224276,-0.052067457987669215,-0.03121794866581621,-0.02221311189864314,-0.020246121262644245,-0.030155367903019304,-0.02948110357078549,-0.01957734771859795,-0.015865646407378597,-0.006372724075335902,-0.003988669535813829,-0.00526271592937533,-0.002377863067309122
2020-09-09 00:00:00+00:00,0.0159772962498798,0.018037743354393,0.020497280859165943,0.025359403825542054,0.015485359723435298,0.01891920798415486,0.020290526927997144,0.01967262987792883,0.025793607895513364,0.017235391186502788,0.016613393199467648,0.0025153130271185747,0.011112107228050417,0.0023345475484127572,0.000543584148587497
2020-09-10 00:00:00+00:00,-0.009727030249426926,-0.007449961393179778,-0.007877294211776282,-0.047893294170684726,-0.015698778635025196,-0.007961099049355422,-0.012518795094259594,-0.01651776162031003,-0.008405119164925909,-0.01682560815983896,-0.016427373365681786,0.001059618041645434,-0.001424310699119456,-0.0007521272271501121,0.0006340258031842297
2020-09-11 00:00:00+00:00,-0.003226316487413622,0.0012758847247150411,0.0011085146527238516,-0.0014098604901897395,0.0033246101368834373,8.215151978701983e-05,0.010260341562174018,-0.00029598474632085126,0.013860162528530402,-0.009858545721663371,-0.002711782601976522,-6.348603481799459e-05,-0.0014602357932920682,-0.002511334840431619,-0.0029120340983775804
2020-09-14 00:00:00+00:00,0.01433964999750892,0.014183718320348815,0.011964517933149087,0.009202750104442386,0.016903362608478228,0.01952602759009896,0.015838744009137044,0.021261413541979825,0.016910411921480985,0.029088218686696216,0.021610249202457518,0.0038605371097859666,0.00041266051636685815,0.001115013203731854,0.004375126365185955
2020-09-15 00:00:00+00:00,0.007419636162564515,-0.0008579145056390328,-0.005055104199299739,0.006665196915944717,-0.005872858309259983,0.0021795795726947766,0.003345746316442651,0.010007045864938495,0.00879111825737174,0.012635217500162582,-0.0021015739050302077,-0.002960959123083055,0.004319925031347767,0.0014114882814035214,0.002044372928532017
2020-09-16 00:00:00+00:00,0.00449105182948641,0.002942108924655484,0.002840858007248124,0.03302535164612403,0.00744191452263682,0.007167352249950664,0.009527478023496103,-0.003390015521980725,0.004569151625306747,0.0017558250375833441,0.008112738898953342,0.004417574297743608,-0.006880473597166359,-0.00028322888180503693,0.001468533827732923
2020-09-17 00:00:00+00:00,-0.011069680656552245,-0.012840924075634159,-0.008666924174272722,-0.004472783524268255,-0.008033699006777615,-0.004051815434119928,-0.0026293286742191,-0.003572783142594062,0.015097212080699942,-0.018606658620822558,-0.012232571295362114,-0.0005527052557332962,-0.0025689103204760274,-0.001942525225531371,-0.0033873816533596984
2020-09-18 00:00:00+00:00,-0.008798875489953527,-0.013990485999780942,-0.013114918804780218,-0.00256264220478287,-0.0009388941834820442,-0.010172817263941298,-0.012720900676545306,-0.00999999422807776,-0.015340485691356915,-0.02079685654113809,-0.016341040690224587,-0.003895295819650338,0.0037019353837888036,-0.002470252607222204,0.001789314978639857
2020-09-21 00:00:00+00:00,-0.02971955790695247,-0.024034615184864334,-0.021807252339219887,-0.00642787439598741,-0.01695004835931286,-0.026276904784508316,-0.03347740210026602,-0.01044050401330204,-0.03990483938073895,-0.02464211880357862,-0.00793275156566384,-0.010157193012362791,0.010368901011919559,0.003818492589651317,0.0017208241412742162
2020-09-22 00:00:00+00:00,0.006752494665550928,0.01890130374087914,0.003778251661859016,-0.00028275201150253964,-0.003079963045226066,-0.0036933893821605307,0.006895906817705353,0.006433820267717506,-7.027556652768475e-05,0.011856629257365681,0.010684490318696447,0.0003640327195445058,0.006988893549219152,-0.0017856972097690625,-8.196295345896075e-05
2020-09-23 00:00:00+00:00,-0.025372903637452867,-0.015168004777444198,-0.021436878708722656,-0.04654000261790294,-0.02103135565428032,-0.017494853350644244,-0.019307847815115284,-0.020586699648408584,-0.03152154983756951,-0.030941916222325956,-0.01982418653241967,-0.0029790700088056146,-0.0018995046072420195,-0.002278084244885523,-0.001996713932372157
2020-09-24 00:00:00+00:00,0.006043098664039679,0.0030466849506806683,0.010242019165619207,0.0053093709905273415,0.002190308191484399,-0.00448976099582667,0.004678504247836406,0.0038828492753891354,0.010946549999405959,0.006565983393642062,0.014925066589360245,0.002549160211472264,0.002590881690606427,0.0027313144007631166,-0.0006200397826445283
2020-09-25 00:00:00+00:00,0.0064182852659850145,0.005591621280121968,0.009914544934290441,-0.01673921961649446,0.011729022606231716,0.01810053248975178,0.01232810383099017,0.011022128544871574,0.008428637352985713,0.01823844149692096,0.018578875466725896,0.0012553825639722996,-0.0011987758199935078,0.0016521228351552108,0.002404036511458508
2020-09-28 00:00:00+00:00,0.029603635160174436,0.022242748810751178,0.02138080786486936,0.02715741982284517,0.02341544303016567,0.018207625402366742,0.021485589721857788,0.02130814396751227,0.01896916898847186,0.02388746853875409,0.004870018715183097,0.007880634819922004,0.003020397296620937,0.002780531169677497,-0.0014082729262718267
2020-09-29 00:00:00+00:00,-0.01394508836258083,-0.008094054236422376,-0.011010436535120481,-0.021227608396551877,-0.00860709279589054,-0.004901923825888249,-0.007643306759028261,-0.002764199702374354,-0.00992483130878103,-0.010783704518448569,0.004061732779134249,-0.0029174375568871433,0.003540070357485835,-0.0011922868353838557,0.000920647803644432
2020-09-30 00:00:00+00:00,0.0063979415993128405,0.0076295443061700705,0.012664664717471828,-0.008909116512171258,0.008395540776382646,0.014088310626726839,-0.00288832245695871,0.00045357922459365787,0.007602903835105154,0.003692769981006564,0.010455061189295223,0.003214474885364863,0.0015014699524676604,0.000989930887544589,-0.00019196273415297165
2020-10-01 00:00:00+00:00,0.011426695144155436,0.009625696346130336,0.0054681645942927706,-0.028393893525016475,0.003488257594961817,-0.003602048753620437,-0.0025700617555802926,0.01022757300163656,-0.01129286629361545,0.022284628866821424,0.01019308886529227,0.0015182257327537104,0.0046023879917346,8.142629853401251e-06,0.0013775476738827532
2020-10-02 00:00:00+00:00,-0.0025638033266158146,-0.002022819908438689,-0.001878120759541687,-0.00017084058905640956,0.003196795437775134,-0.0029923606026495526,0.008265639756807809,-0.012336087414406734,0.011307244488893102,0.010731239932338533,0.005933628098502353,0.002354308699254538,-0.005147589338759921,-0.006203200994851805,-0.0018454300228063865
2020-10-05 00:00:00+00:00,0.018657510900453853,0.010103946529438029,0.014606547873399985,0.04608509727658024,0.019038513418787553,0.02487974522956713,0.017958264524938303,0.02200698111721844,0.023739433989195095,0.009742736990131954,0.016325862498067365,0.005271682886977253,0.003996357158138475,0.00011529355615582867,-4.677285332136316e-05
2020-10-06 00:00:00+00:00,-0.013505544839120679,-0.011731108347948679,-0.008436615589409759,-0.022829460361131097,-0.011229599355320466,-0.011126628072362815,-0.009137646099907758,-0.005849398685341607,-0.013919828846647978,-0.008463777426716966,0.008340722819933291,-0.000648879469713981,-0.0008653145279961983,-0.0024940989833126806,-0.0008277124014916652
2020-10-07 00:00:00+00:00,0.018188619629521487,0.019333323785449306,0.018977382234791226,0.016123220841571105,0.016913425835428722,0.02383350633310173,0.02115241182563534,0.022249490672988457,0.03197498830829296,0.0017102878629254436,0.006824400579449591,0.00313744108378973,-0.0006127608415473938,0.0024867143143652657,0.0020038550503441053
2020-10-08 00:00:00+00:00,0.015440229346155434,0.012186735191296143,0.013493707295228242,0.03394592280881035,0.010887824133473152,0.013791973337884008,0.011295072916574214,0.015210028156251942,0.013535980337886812,0.014065260737468863,0.021594423210121675,0.0056967633082442345,-0.0031722160494717516,-0.0007113504283196778,-0.0010278384754792305
2020-10-09 00:00:00+00:00,-0.003991940335043148,0.0033453652977149745,0.0038356327948517698,-0.010315653306914344,0.0032157563518553202,0.0017905777811920503,0.0011406598401422726,0.009541439862636591,0.0038998410108289053,-0.006942759258837608,-0.005791811731251729,-0.0026828004136798312,0.003785863530615115,0.0008038042243522535,-0.0009936955203549407
2020-10-12 00:00:00+00:00,0.013773847853863352,0.0050504237294525765,0.0076080516641974,0.01120572519592078,0.012125687593692258,0.006530845185624414,0.004758428575221198,0.011951150730436687,-0.0008386546495844108,0.006557081735631958,0.010610552612080954,-0.0009490953159149412,0.0022873121448164706,0.0018897020630185047,-0.0021152218116819916
2020-10-13 00:00:00+00:00,-0.011256295270106017,-0.008025482097315562,-0.00691226429346495,0.004642342019506586,-0.009991785365952204,-0.01051433686570572,-0.011051774629656784,-0.0036671192531527773,-0.011539967979672125,-0.014880000849631526,-0.006102723152538452,-0.0076815038745934525,0.007355826953273675,-0.0006451048983522074,0.0034095797048724224
2020-10-14 00:00:00+00:00,-0.006713741954547738,-0.005002809797287156,-0.0025763822442507155,0.0113018700721187,-0.011142637210089616,-0.005417150442558404,-9.895409537916133e-05,-0.01455728023506317,0.0020688998212001204,-0.01051902321157189,0.0027836175924795207,0.007055416393906614,0.0029831640678622913,0.0007170918540206502,-0.0062662022997128
2020-10-15 00:00:00+00:00,-0.0025332464055031643,0.00894552246340269,0.005849648007367818,0.012540925104818516,0.007275441596346944,-0.0018334105771665348,0.0007557937921537031,0.007588087754050514,-0.0031915627755765967,0.0013098411624397402,0.0036397321649432298,0.0021206525686968264,0.002616234088283817,-0.004259974422047471,-0.0001260004776970473
2020-10-16 00:00:00+00:00,-0.003136225686828033,-0.0037025569547114055,-0.005764929050245072,-0.0301814029957465,-0.0021856079831582163,0.006543750299994813,-8.143642894064345e-05,-0.0009631349031850225,0.0015614499177888418,-0.01077273274668834,0.00495219647945267,-1.6381949032417313e-05,-0.0003356376385095076,-0.0005389635055326187,-0.0025853281967400023
2020-10-19 00:00:00+00:00,-0.01393569399510398,-0.012069651875952839,-0.006488875755642307,-0.026595998310066843,-0.01415870164034157,-0.010884786392213902,-0.008495147123175771,-0.003526866515215549,-0.00859179853758934,-0.01623331294396537,-0.0024526243530321556,0.001057610322377272,-0.001880359779520056,0.0019284290475490096,0.0031918679220692683
2020-10-20 00:00:00+00:00,0.0038717430209407214,0.006901789768756077,0.0036526839546002655,0.011426799342563047,0.0053940535965325545,0.0057734555040274,0.005711347753106087,-0.0013853024169331709,-0.004463471365372517,0.0034592851420288755,0.008864191329553175,0.005564515141725678,-0.00035733629880262303,-0.0016988212512830244,-0.001063363576145909
2020-10-21 00:00:00+00:00,0.0018579820162526787,-0.005378717135892486,-0.0013585038445213665,-0.023920440569272578,-0.002451834662210631,0.00020338431278916157,-0.008508140067445087,-0.008415991988938804,-0.0014540482780872578,-0.004204919550268733,-0.002304871414238936,0.0012738762323261756,-0.0013554845252071804,-0.0010616857473369971,-0.0035711671584022827
2020-10-22 00:00:00+00:00,0.01340363538470471,0.010215300358742695,0.008155551642247664,0.01923723506130333,0.011039711665312504,0.02128533331147884,0.011331944220596364,0.003187566906839255,0.0059709331611685484,0.0041025616510983395,0.012498646396332906,0.005169711633460394,-0.008162565468546023,0.0019553823293624456,0.0019496730739457292
2020-10-23 00:00:00+00:00,0.0038955388073051594,0.008518665315076081,0.0025406330168864675,-0.0005760088490775427,0.0005932234001371799,0.003648737648576399,0.0035723518928790724,0.00320177125012454,0.002820552092775739,0.005921909741818055,0.00542172467220632,0.001967401498468536,0.0022291159421632804,-0.0005935663458138977,-0.0006754586065951087
2020-10-26 00:00:00+00:00,-0.023315447573060078,-0.026243051487661394,-0.024560027457144508,-0.01982543937714859,-0.017563621086077903,-0.018902759003975485,-0.023579666878942022,-0.027390932497007688,-0.02762567062096421,-0.014464159591290533,-0.0058769780625409565,-0.006835833310753945,0.004147770732701395,-0.0005458156396536927,-0.0010758630486193983
2020-10-27 00:00:00+00:00,-0.013845363851035115,-0.01452116510962393,-0.0122174974186158,0.0001571544817078644,-0.018481549351962882,-0.011685077608114327,-0.02363276858279454,-0.009392219375291486,-0.007374037409806222,-0.017997117838338836,-0.002144563223960685,-0.005706365080466583,0.005147346269635634,4.27576693307289e-05,0.001740669984374491
2020-10-28 00:00:00+00:00,-0.027840320667222085,-0.02313950821700108,-0.024428493309973126,-0.030085657651604602,-0.02145222690569065,-0.03297295925375915,-0.02419225032996003,-0.028505458081175786,-0.029236491635590174,-0.021754111330091724,-0.03343354509585426,-0.0019412261044069266,0.0010187048225066848,-0.00021621324094643277,0.0001012297932272868
2020-10-29 00:00:00+00:00,0.02449008801219519,-0.0005505350927148206,0.0011443620921308137,0.010521906969699618,8.239373391739888e-05,0.0003572216039780112,0.007740465793998324,0.006919745743239487,0.022427071380520407,0.011767800315836288,-0.002507364365388028,0.007342684386757847,0.0010628041982013502,-0.0034362955079581753,-0.002856714743251147
2020-10-30 00:00:00+00:00,-0.004503899013048966,0.0025035961282974693,0.00275711498462746,-0.007842928339550918,-0.0016744211936915436,0.0006926320986025419,0.004374568265497063,0.00037324423981358447,0.0032571815052873272,-0.003346874309991234,-0.008758794453812302,0.0026491657795948433,-0.010889603710150436,0.002002337369953016,-0.00376536443574091
2020-11-02 00:00:00+00:00,0.013978230706869566,0.012013032522143415,0.02226923588637202,0.025236576247796023,0.017249540283134388,0.02099964206265722,0.026072719964922626,0.011162710256256068,0.02848638521062557,0.023413730035207088,0.018826963730861145,0.005888317375395099,-0.0013510519307760411,-0.002941257080176075,-0.0043760590855933534
2020-11-03 00:00:00+00:00,0.024310276037448574,0.026620886680065934,0.019813058301176054,0.0030041393245415814,0.0212239268931775,0.020852497334015986,0.028722911289937182,0.026376087415604085,0.009463824626550068,0.023173145411179017,0.01587229785476828,0.003560580186752609,0.0007058246126941123,-0.0011067260424032777,-0.0011823580499012018
2020-11-04 00:00:00+00:00,0.0058151671583133785,0.007424817963564474,-0.005713254494698162,0.027390489345192046,0.0009551167310549954,0.02883010505974808,-0.010576497175347789,0.02003048868379279,-0.028885973435771196,0.0031602050392876948,-0.006436280118110358,-0.0050558380580394925,0.011053720416483672,0.005816664117169128,0.00237091855066825
2020-11-05 00:00:00+00:00,0.03630970928860521,0.013782231207039006,0.019998738522635187,0.004725257194679842,0.021003080766068116,0.018497999771088784,0.01794099671630695,0.027320786199501065,0.04002605059565037,0.008325061745066125,0.01668713886218469,0.008456500648481562,0.00489559311019499,-0.0019281528790188185,0.0017158554452843854
2020-11-06 00:00:00+00:00,0.01031843333819371,0.00026307023600113423,0.0006480720037821564,-0.014255019017882353,-0.0070595446081691,-0.002327273264023189,0.0036928374158976015,0.010259910345213397,0.0029592223821207023,-0.016246236373729503,-0.009323214854507694,-0.0042440397865595525,0.0031819279580226627,0.0002884838447669649,-0.0006542485041406317
2020-11-09 00:00:00+00:00,0.04094468448957959,0.040171686998618894,0.03946801394337799,0.021527140854692345,0.04442537180437479,0.048934960340480206,0.03749859936403466,0.011911125192082383,0.028600226181099846,0.06027392212116297,0.034484999588744125,0.03764283713191595,-0.0389031007413237,0.007095582789037123,-0.002372227321625016
2020-11-10 00:00:00+00:00,0.010498019115235811,0.008743292392156356,0.01345856453701682,0.020831616769662557,0.0036211274954980723,-0.001772391151991624,0.013950779133069927,-0.011186201423000443,0.01583975584615686,0.014295834626763386,0.006051073532277832,-0.0019155137529929273,-0.008529167729915752,-0.006946264180336947,-0.004352886282458202
2020-11-11 00:00:00+00:00,0.005528808749884832,-0.003964841650141437,-0.0001846963356797798,0.02531653536308523,0.0028734528920526595,-0.008765001137518172,-0.007816465144307195,0.012556039357223676,-0.00809580517111699,0.00399235736558479,0.0026325971909020203,-0.009567552866199572,0.012125871047755648,0.0005458092680493097,0.0037940966234184252
2020-11-12 00:00:00+00:00,-0.015566368468654493,-0.017631939303565786,-0.010405085688191502,-0.017080858138941894,-0.015061478822628977,-0.007522254525075676,-0.013111126723692305,-0.013232432039320053,-0.01911329945382162,-0.014462299127203707,-0.01743707082500279,-0.005009577260977438,0.0037134930789857693,0.0007126541048051334,-0.00011894295784301186
2020-11-13 00:00:00+00:00,0.022891865435388483,0.022899099324444557,0.026379487351258713,0.0132305407147053,0.013482178344780832,0.02131397717450586,0.025202299171944255,0.019125099499683794,0.020957976834367488,0.020713745465695585,0.01646614887784491,0.007490627765885048,-0.008194469323770616,-0.001021136242805941,0.00270318632290739
2020-11-16 00:00:00+00:00,0.01828655640432233,0.01637813589191152,0.0225280792478618,0.04379622851204575,0.01681520813822983,0.010417632889442831,0.02197093948448626,0.014565029006192755,0.028019546072227047,0.014363480233761354,0.01484309948316334,0.01022102437469403,-0.0015866761888767168,0.0016447012023120336,0.0009598782756036553
2020-11-17 00:00:00+00:00,0.005082831517554962,-0.0040010772386221225,-0.005190997949644119,0.011061835758327344,-0.0001474862633452712,-0.011030890139693704,-0.0040270856297120305,-0.0005956620776598961,-0.004050386709353022,-0.005150838413254142,-0.015368980702643923,-0.0004697409612547767,0.0001089962767859378,-0.0008210167326820309,0.003458096631400999
2020-11-18 00:00:00+00:00,-0.010432006472727401,-0.0013974913510510678,-0.010919467421601116,-0.020681229394681238,-0.008354014756967818,-0.0168651640697503,-0.00349579030821983,-0.01204925851824304,-0.006614007084211275,-0.021369014855048527,-0.015069629533761144,-0.00019244237242462036,0.0005734547536666904,0.0001829527155458783,0.002361828866810453
2020-11-19 00:00:00+00:00,0.00024650767897430373,-0.00035345979873906076,0.0013688099599048,0.019302773719317216,0.0018031532594100482,-0.002414228211523891,0.0007198782217822642,0.010100728161855711,-0.0006031725891025264,0.004331183393902487,-0.01165253969964924,-0.0003678689208995412,0.003622354934311311,-0.0004578683853431603,0.0021932221009368785
2020-11-20 00:00:00+00:00,0.0019009870310099915,-0.004973650178909783,-0.005302815537129931,0.009653629185945343,-0.004809342804295891,-6.605569810196272e-05,-0.005782105583094003,-0.003174419165425208,0.0006410440378232177,-0.0019763218150857156,0.0029842445511115622,-0.0015113356529836371,0.0019208061597540509,0.0004306292755036816,0.0004937846941189365
2020-11-23 00:00:00+00:00,0.015374127639327807,0.013479972235191961,0.020520129481663405,0.06096726745471546,0.013683606458505082,0.007167361968598658,0.01671355119860065,0.013220568284335116,0.018155917830922578,0.003112833294468516,0.014126793580561237,0.010246198079464754,-0.0029754386098295635,0.0031698359656517645,0.004792901250779964
2020-11-24 00:00:00+00:00,0.023160879531171814,0.019946520313607285,0.025469728455635256,0.00791502519485884,0.01788822198083663,0.012021986930315882,0.018818487476283383,0.017630756617952013,0.03584026000145207,-0.0049540076303494,0.01749917482562844,0.012217124935697736,-0.009630125784715886,0.001772867700324001,0.00041558777562296454
2020-11-25 00:00:00+00:00,-0.006675012151070283,-0.010445446982479597,-0.005049612201645451,-0.004723802893560515,-2.9931978476332045e-06,-0.008865921739048092,-0.008839956234395723,-0.004592297131469642,-0.006945112757361543,-0.001528746479180295,0.0024429555610629983,-0.005876828604132693,0.00369313397898642,0.001852605759673432,0.004505542402777803
2020-11-27 00:00:00+00:00,-0.0005473446221666211,0.0014131668580921498,-0.0008620893338245946,-0.006852629649046149,-0.0021269290298481635,0.008492460497056221,-0.00020189531770162207,0.006344860632376016,0.0013433233762033942,-0.004904995165143829,-0.0073884063749081,-0.0021246865091773767,0.0029742047554682303,0.0021542333065870025,0.0025964663822556507
2020-11-30 00:00:00+00:00,-0.013633124996504913,-0.011034338840065404,-0.008943582161981139,-0.021081590882624228,-0.009041182329188841,-0.0001572896735842788,-0.00775214117177016,-0.0018712031154900937,-0.012608794024647688,-0.002690522646526636,-0.014007365923530003,-0.009742995742373023,0.004659967499733214,0.0020835789380323193,0.0038741254566010313
2020-12-01 00:00:00+00:00,0.018753853910796682,0.008305738282710404,-0.004997553540980806,-0.013895055123927373,0.01434286432906197,0.005712518433954289,0.0005229769533405564,0.008606131871278861,0.01187953094883,0.008448301716588233,0.005479195560528712,0.0035564920128125584,-0.002450733702228626,0.0006014655175603269,-0.002866933654871884
2020-12-02 00:00:00+00:00,0.006146073005881832,-0.007235695323249629,-0.0018845782052362,0.011988872298674756,0.003965046009565342,0.008506080345810293,-0.001895629837823953,0.0036793363844959334,-0.005944600722509121,-0.004452870294533891,0.010018671116416305,0.006527278410534423,-0.0061380994071835665,0.003851653920373962,0.0018173658406287466
2020-12-03 00:00:00+00:00,0.007751624940695813,0.008610599494017138,0.010384890188666032,0.0023039799212338456,-0.0009529632389061246,0.0025915609679748146,0.0036873954331890875,0.006079325711518763,-0.00039848887732389854,0.006706239796693253,-0.0030045166902103507,0.0044421083807005424,-0.002634572523866084,-0.0006143413867814983,0.004779069658204685
2020-12-04 00:00:00+00:00,0.0023260548447938197,0.007314030499496218,0.013119230786536536,0.052213745616583845,0.010267744343813508,0.015966814104186156,0.011978731616568036,0.02078466214284084,0.02135474800299231,0.01321080782706931,-0.003444527779866871,0.005201552413111355,-0.0024217930523513505,-0.0008265353465931706,0.00028289184494819167
2020-12-07 00:00:00+00:00,0.00094771910794636,-0.004844487754303743,-0.005782941968956413,-0.01139241097275188,-0.003842258371999119,-0.010620027908273393,-0.003220948633248999,0.0007288135151310941,-0.006964685250570433,-0.0057238834390755024,0.005570963081800591,-0.0020566553086857095,0.0053589756527207336,0.000573248531445119,0.002291827206158588
2020-12-08 00:00:00+00:00,-0.0002730383153182147,-0.001027189676642925,0.003930327975313274,0.008669021919522379,0.0025021928485689992,0.009554686318077989,0.006279259695053955,0.008584926279960787,0.005756279287615725,-0.00636292651312265,-0.0030308141557728804,-0.0011018886395621006,-0.0017355386607842715,-0.0003188015541132057,0.001749058998979879
2020-12-09 00:00:00+00:00,-0.0019091846642904343,0.005670041025666581,-0.003269886972345752,-0.004314447462336067,-0.007074307453283693,-0.0030268178283571496,2.2761539029753607e-05,-0.01499843216989401,-0.002007633373586328,-0.009968145352390916,-0.006941712796744172,0.000985061704968094,-0.005238048121686751,-0.0037330702514188274,-0.004186502647008066
2020-12-10 00:00:00+00:00,0.0003576629734944375,-0.0037162809048712176,0.0009275025796434098,0.03681906186117708,0.002225395656186224,0.003730975811305582,-0.0051849526566203055,0.001705111496398561,-0.0051383263243744304,-0.00920388922686445,-0.000832510779861296,0.0020269734692883457,0.0002275042100487977,0.0014571221326164225,0.006851674827340903
2020-12-11 00:00:00+00:00,0.004332652449250375,-0.010876563547690673,-0.006532167417028047,-0.009199086727631508,-0.006289517090879791,-0.013273058328469407,-0.0036904639220887987,-0.0010670433485448728,-0.006016699058663964,0.0021817219358842167,-0.007009518476886824,-0.004473805941011731,0.0008143109219475302,-0.0006020953039626784,-0.0043572550209873915
2020-12-14 00:00:00+00:00,-0.014773641976103157,-0.002286338111364772,-0.008920676452997248,-0.022215465148780377,-0.005842068391819523,-0.006628854014355237,-0.010291893736045485,0.0058085231042681856,-0.012968334124791973,-0.006858456296479605,-0.0045301220584891755,-0.005745292212878795,0.0020107235361035074,0.0011168708148078478,0.0020134209042640943
2020-12-15 00:00:00+00:00,0.010939720355653968,0.01585278191202277,0.007747519621333554,0.019363464172966877,0.015058360160718619,0.01290797178504096,0.012826897124120737,0.014592798916404708,0.016443965659574886,0.018411377515136846,0.0202710184737249,0.004139345919610978,0.0005246459523653756,-0.0019821215074486784,-0.0010947224400368015
2020-12-16 00:00:00+00:00,-0.004048029513502823,0.005869227803367368,0.000948075165398242,-0.003507984784010295,0.004692846640931667,-0.005877416846748609,-0.0051379755204051455,0.003786678715681885,-0.0029319579879229273,-0.00122338451257199,-0.014575107381967028,-0.0022851785919507234,0.0003451417792302042,0.001250577377243974,-0.00016405290310054685
2020-12-17 00:00:00+00:00,-0.0020826044590772515,0.010072008758882575,0.0040035329765615415,0.003146006391184559,0.006576473847135738,0.010562869404765213,0.005025771471960208,0.006421409172013564,0.008842290841402638,0.01211605550609494,0.006739573788766639,-0.003054198922621038,0.003619499459040027,-0.0008994362892943584,0.0011152840011556882
2020-12-18 00:00:00+00:00,-0.0018385539151443417,-0.000226282212898809,-0.0007955503316186814,-0.009164584184066515,0.012534603787731259,-0.00010461790096102499,0.004439288852486736,0.0054640840873769496,0.006571205123012148,-0.018607291154374036,-0.008862986060049914,-0.0026084171233871052,0.00041835313290030957,-0.0001577542308297843,0.0006800015914561386
2020-12-21 00:00:00+00:00,-0.012235249370713727,-0.007594533647761822,-0.01204854333044519,-0.007565314443771771,-0.014460976515988919,-0.012370902022020009,-0.007612562298022708,-0.009094045663966826,-0.0048714020251881835,-0.004638913665674607,-0.013352145294697896,-0.0022875973012754236,0.005213891933987662,-0.00038929902451354404,-0.00014059151610841232
2020-12-22 00:00:00+00:00,-0.004035897321334772,-0.004664097871593833,-0.009425070037572602,-0.00744758364802647,-0.0034184179333317773,-0.0033445493576308646,-0.004284115955482537,0.008831211855752742,-0.008392670504080246,0.00501326389626497,-0.0009510059417153885,-0.004085253331745679,0.0029847288136493322,-0.002725087376243149,0.001436821722756073
2020-12-23 00:00:00+00:00,0.006767182743125935,0.004394606392860452,0.014109599936774488,0.007138472449318818,0.007044137897018805,0.009238144288921002,0.004944996841367901,-0.0005587928758366036,0.0020679093903665526,-0.009211593990782592,0.003928880439772412,0.007510529868461014,-0.004248705858757596,-0.00017492665497417272,0.0012806182943327694
2020-12-24 00:00:00+00:00,0.0038229520772716436,0.002180333233720624,0.0007384638808605811,-0.003405220897698036,0.0014741734930301693,-3.399280390290664e-05,0.0011988451971868997,0.002769332400556794,0.0016925225143304763,0.007742600885658474,0.0030789012374347452,-0.0009070675807259366,0.0009939419112933267,-0.0006967524044816269,-0.002643357658037396
2020-12-28 00:00:00+00:00,0.013350630438369837,0.008570870052569443,0.006634075097623144,-0.02548044824553004,0.0006765748379629747,-0.0001299775527622989,0.0009354919795050637,0.0017552997829303595,-0.0011097691312990721,0.005645878950441761,-0.0001690778768801387,0.0062968740207415596,-0.005334236154981304,0.001681488882911598,-0.005355890049108353
2020-12-29 00:00:00+00:00,-0.0034093673295608816,-0.005206576663370107,-0.004554749674447543,-0.0012668001405996914,-0.005151353248902873,0.0022360015530633,-0.007758065616534934,-0.011660927169325545,-0.002815485375193572,-0.007311335937453225,-4.144147101752091e-06,-0.000913074178723312,0.00026424672319157617,0.0028419113802107083,-0.0012380647252054995
2020-12-30 00:00:00+00:00,-0.00203416782533133,0.002601096601473743,0.004765971690040706,0.017087209619821044,0.004302978618373959,0.00279479151268702,0.006474068949125136,0.007839994390828773,0.013242835093365773,0.006654045267541147,0.01031717334839002,0.004632333059566187,0.0024610164049343273,-0.00046924511327741574,0.0007744321118835183
2020-12-31 00:00:00+00:00,0.00597477383445652,0.0018234615845467922,0.005086875563527003,-0.008138501623446827,0.011392806504228234,0.008412055505177735,0.0051321028910692144,0.007646215510689108,0.003939823646071806,0.007566415990901596,0.012560410482781307,0.0002915076806095866,-0.0014908960902669161,0.0004183606388545478,-0.003370279235644871
2021-01-04 00:00:00+00:00,-0.017891589385345543,-0.01910773402631233,-0.013056875844688367,0.013537722860421795,-0.01302026421383067,-0.00672710118508525,-0.02558780242745478,-0.017628862252363958,-0.006333115184451546,-0.0333266275512714,-0.022236042302846846,-0.0044391784408398475,0.0023575269008919326,-0.0008672133566282325,0.0012755391292628123
2021-01-05 00:00:00+00:00,0.007184858108641906,0.00724306716691342,0.010541340012590166,0.046245564194861616,0.0019197429221342664,0.010477513796167395,0.010610952587296506,0.012919608409158151,0.021905009451663446,-0.004180906773777666,0.007067255937324166,0.005116473885649486,5.714566929682736e-05,-0.0009754326999324558,0.004157484233386209
2021-01-06 00:00:00+00:00,0.026933672839722124,0.01762768286022713,0.022772139320305175,0.01213891640317482,0.03378723510586566,0.02520851819427797,0.025724220532554277,0.004502861337575852,0.04756504797413819,0.007405334688766898,0.02120613608081067,0.011351949505063064,0.0017492921529103506,-0.004201098178300586,-0.003745146394242428
2021-01-07 00:00:00+00:00,-0.00408536724577878,0.010650756229140364,0.0006292609251053998,0.019434006646730503,0.011053446209298552,0.015278679875797162,0.0101949716437788,0.025810375048573128,0.00824529308203014,-0.0013351872404600666,-0.011782174371140363,-0.0006890229969152674,0.0040329656805974615,0.0003000472547688192,0.003810218973757429
2021-01-08 00:00:00+00:00,-0.002308872862147342,0.003695542331150558,0.0008016175734486116,-0.0020245094979709118,0.0031299690338094208,0.004492687448145945,-0.0031817319688897325,0.003593802098441104,-0.003291164445573196,0.01200273187553825,0.006481338101330954,-0.003294974137533077,0.002415353382050829,0.0012880492870202822,-0.00026562468351216804
2021-01-11 00:00:00+00:00,-0.006426060031716513,0.0004606151203367078,-0.010842509566960245,0.020797570235343378,0.0006158153814169714,0.0018651107630104804,-0.00019415247611171056,0.003717269779857618,-0.0008287951307866675,-0.016812465157414972,-0.00679662992424686,-0.002664039754577036,-0.0005610406115918688,-0.0025745442667804977,0.0018611723319851559
2021-01-12 00:00:00+00:00,-0.009015088451387699,0.00972393357777807,0.00388994247089681,0.04372974477956402,0.0077945798199888575,-0.0032425405673465976,0.011776072489599422,0.0026498694237938004,0.017799669163617922,0.0019838467502320744,0.003907491402422625,0.0030604327206143296,0.00016959654920553277,-0.0014362492664027286,0.005059537818484011
2021-01-13 00:00:00+00:00,-0.005452925507827711,-0.007994321519566472,-0.0010789115004081603,-0.013860267835968736,-0.0016551863259524425,-0.00032412186644026255,-0.008448361396839481,-0.002572200263655015,-0.011532401510758357,0.011056002211354282,0.015073374122165122,-0.0012970181521086309,-0.0035677277504958505,0.002351299519765475,0.0020084324766048225
2021-01-14 00:00:00+00:00,0.005980650230450895,0.0016249783133273534,0.00814119803013567,0.016316546196513418,-0.0032567086888020728,0.002895285723182127,0.0024858218034977475,0.004417381083593514,-0.001788844640743516,0.008588307801026525,0.0011429224220365398,0.00893263369971339,-7.569633454362836e-05,0.0021725926154639746,0.0026034666741757617
2021-01-15 00:00:00+00:00,-0.0038634481283608773,-0.007259037043680987,-0.011005528044615034,-0.023264398950657572,-0.009181279075082895,-0.0030792392352230052,-0.01500910657975916,-0.010678611913251314,-0.015725995503748067,0.010206841634706448,0.00588760043991072,-0.007691659153314094,-0.00044555221260202593,-0.004585239939815559,-0.001720112673413935
2021-01-19 00:00:00+00:00,0.013814488824617987,0.0024766207797419764,0.0007599961452534054,0.013296903579014268,0.007635613678810922,0.00757758751611618,0.00897331549155129,0.016031692478166368,0.006470125797109164,-0.004984310049693989,-0.0012772162368133878,0.0020631132142795417,0.0015399455729874893,0.003258065885283231,-9.128754772643274e-05
2021-01-20 00:00:00+00:00,0.01711172765971093,0.016291050412776637,6.912615624696597e-06,-1.3794852580234626e-06,0.0022529151209397576,0.007456113821641419,0.0049935691727932,0.008607002765658312,0.0017430056415508987,0.022426138071978234,0.0011966759609963436,-0.0033440025790500063,0.001464432198571077,-0.00097553417829533,-0.000370935961672772
2021-01-21 00:00:00+00:00,-0.0026689055491808684,0.002592320295339764,-0.004159295922659511,-0.03180230819783156,-0.008805440049034944,-0.0069302163531404426,-0.005344694550543366,0.0002730682433713606,-0.013603749999002962,-0.003271705293078211,-0.005588453729379803,-0.003029066666030132,0.0005088659752978226,-0.00047604621116535803,0.0020320694569764285
2021-01-22 00:00:00+00:00,-0.005753924562908358,-0.0036359344845571387,-0.0025831989327418647,0.0033839387532320583,-0.008602811317584785,-0.004001079491194014,-0.0037752102790761088,-0.003776735971281347,-0.004472070823920499,0.001282246630042258,-0.0023030311250488303,-0.0027480255899659887,4.268041898204721e-05,-0.0019442302100779723,0.00034503839735191503
2021-01-25 00:00:00+00:00,0.004538249990155419,-0.0058842389423907045,0.0003884396875251748,0.0005572117339757347,-0.002436534367543727,-0.0012283530250495989,-0.005306321639356216,-0.0006569621947721808,-0.0020975910834948363,0.006164140587230956,0.007641150620483568,-0.007638903801100921,-0.000488539358945743,0.0004560636013738314,0.0007153974965101013
2021-01-26 00:00:00+00:00,0.011975776243457076,-0.006831315035409954,0.003983793573034156,-0.020008063797085758,-0.004211121316786155,-0.007696473531929282,-0.010294400175252287,-0.0031312387341008515,-0.016030043840942164,0.003842897804961908,-0.015220235874132172,-0.004302673020800481,-0.005767327273597156,0.0002782867438462051,0.0006824630868512965
2021-01-27 00:00:00+00:00,-0.025808392626852354,-0.02827308855667201,-0.019624061145290403,-0.01635924162075499,-0.029551968327396434,-0.03718235780414534,-0.024866298817455244,-0.02283767468310356,-0.02659703773848642,-0.024887128055938804,-0.03464746927789529,-0.005435415169684097,-0.009474766037549952,-0.005094702734127824,0.00028162515984021287
2021-01-28 00:00:00+00:00,0.005636795746212591,0.00862137686435807,0.011512972781169799,0.006336927136943029,0.017579348956128362,0.024029667274143567,0.013682047427156544,0.010698265328320392,0.010684739672704656,0.015127424766717936,0.029197454009344315,0.011524140765706868,0.008743381872366274,0.004662518800509481,0.00042561598381036765
2021-01-29 00:00:00+00:00,-0.025434424809774692,-0.018487911598022242,-0.028860746170795187,-0.015199153870618577,-0.016247100473518537,-0.008741849100819094,-0.017106455297907875,-0.02443993393141437,-0.01663154323296855,-0.009153825271634535,-0.004388530120605798,-0.008649700625713297,0.002788221579643706,-0.0004897997971866734,0.0004924494037994633
2021-02-01 00:00:00+00:00,0.012399331891199341,0.01237107879561036,0.003706561070740587,0.012552223439804229,0.015337548535979134,0.004862914457202725,0.010755959140833632,0.02602219478970924,0.022711589374240632,0.01688764136978012,0.0069625378342754235,0.0018207689677805735,0.0015082061960401153,0.0010230260449198888,0.0007613849870098024
2021-02-02 00:00:00+00:00,0.023906150727491377,0.02222741842965384,0.014710742974870506,0.013464313631357656,0.02174808390128344,0.012995261075266152,0.014474356034112408,0.011213252711926261,0.008582837799523157,0.010049797903332805,0.015882467182223636,0.005265747113125439,0.005575362706183538,0.0018706886602894365,-0.002157230533023263
2021-02-03 00:00:00+00:00,0.004111739808660305,0.007007457493311201,0.00994230385245478,0.03383063810808464,0.001468377076708112,-0.0006393696479966942,0.0006487951429126459,-0.002594330263348249,0.006597633778144777,-0.0040114958786006015,0.00011407847926929546,0.005077530756192069,-0.0028438751867035567,-0.001352069400710941,0.003535189805115427
2021-02-04 00:00:00+00:00,0.015891973426974734,0.010558390552014636,0.012154876128521912,0.0026819718839799322,0.01616476918605529,0.012995946323837451,0.009678105326104726,0.013722212446502718,-0.00830851021221266,0.012113283310812536,0.010568506345368328,0.006982497984710066,0.001787242427542383,0.0003458060546532981,-0.0011380489805933392
2021-02-05 00:00:00+00:00,0.010492161526750664,0.015925295770558907,0.010424684137512248,0.002786704890878484,0.002793666012779046,-0.0002681775026263603,0.008759289397781488,0.0014239353303826317,0.012552543907820611,0.001315333906321331,0.006291125735155287,0.0007048403360551811,0.0006818948069498131,-0.0007998368962016354,0.001280532137999637
2021-02-08 00:00:00+00:00,0.008416596364680916,0.006039185963410152,0.013733312852274408,0.03497336486539796,0.009438074619155098,0.006036134464342615,0.01295886087591376,0.026914848198317156,0.011707706119657513,0.00010640639062960621,-0.003482672380286975,0.004074091511502342,-0.002787599587739102,-0.002440420248289138,0.005837430330548649
2021-02-09 00:00:00+00:00,0.003462723418350344,-0.0013051151381463857,0.003307503596386512,-0.014114201459846373,0.0030015924875362015,-0.0017845590438322289,0.0009314924232224362,0.004021202154852765,-0.005677006548949719,0.003217076544855555,6.906212729798546e-05,-0.001352799645847142,-0.000261268298369966,-0.002907287513044586,0.0005714884508773489
2021-02-10 00:00:00+00:00,0.005070081746990184,-6.8221567789432044e-06,-0.00011853622190997155,0.021950763697488083,-0.0021575413372142433,0.0030756272209298955,-0.002560825893678732,-0.00044762081644096586,0.0010466012694975,0.008131786554020007,0.003971593452325522,0.0012338381052900567,-0.0006579402818308845,-0.0016157649690366309,-0.0013869221753304828
2021-02-11 00:00:00+00:00,0.0047064664370071434,-0.005047036091856007,-0.0038424621665366816,-0.015074401324322409,-0.0030268080849940454,0.0033538531709079904,-0.0007647150545602808,0.012697095782978202,-7.158536671204136e-05,0.013037093144856451,-0.0007533615522830974,0.0014053296057287721,0.005962174516845437,0.0005066159460360153,-0.0013564534469080831
2021-02-12 00:00:00+00:00,0.005181654297353916,-0.0007763461897420522,0.008490159947820491,0.02064269244937163,0.0059182822488279664,0.0058062980403821305,0.006082445721424355,0.006980190067280674,0.016612362703658946,0.004774115947422705,-0.0007428191688601185,0.001527671074692487,0.0025337638725609953,0.0010676729059605715,0.0021097918599448486
2021-02-16 00:00:00+00:00,-0.0019171002377583242,-0.00044571010759063235,0.003983416264045663,0.011106222724057164,0.007803051108547709,-0.004722604520824975,-0.005614613982538202,-0.0018324089273324597,0.0011192324877122655,-0.008185179070171425,0.00013316873754777418,0.008838770346612852,-0.0006450746928567273,0.0018887342897470603,0.0007793354409372157
2021-02-17 00:00:00+00:00,0.00012116948269167856,0.0022400589249223003,0.002068657554346317,0.012678800233328815,0.0033106698140073693,0.0010280407934211773,-0.0006196841223960084,-0.008885629665835998,0.0008761942134441406,-0.0030358454635512457,-0.0014702487864355143,-0.0012615185940329824,-0.004125783616563421,0.00141997145476419,0.001717109712485441
2021-02-18 00:00:00+00:00,-0.008742605846075972,0.0034478777721883673,-0.005947266942459538,-0.029114460291710335,-0.0056567181963406,-0.010401420337578291,-0.004242119226132648,-0.00392846293838022,-0.01254437123745118,-0.0033629035218915846,-0.0013043582647679019,-0.003949489854703017,-0.004249312188195657,0.0018631777828755941,-0.0030915757507058318
2021-02-19 00:00:00+00:00,0.011292892234725568,0.005987386437413569,0.00517987450219332,-0.0009425691355925314,0.00397418955682498,0.002057959326883177,0.012847032598401063,0.004505624209462595,0.020039173260404837,0.007096529383602866,0.0037536520925439843,0.012196375965976005,0.004543902772134615,-0.000692851604218234,0.002601804982285418
2021-02-22 00:00:00+00:00,0.016370833742549093,0.00432247429751728,0.00596755940546177,0.0036165643193650666,0.0009869872365277947,0.0024870575584478145,-0.0005534998901624997,-0.012294014357329498,0.006009988833072653,-0.003016965632065035,-0.026831767947808498,0.013059392199828886,-0.011017658537814376,-0.0018876032798917624,-0.004189754591243442
2021-02-23 00:00:00+00:00,-0.0007538895454093262,0.0018434988386266376,0.0033855549154921862,0.0052386267662018,7.773654048128367e-05,0.00276596082850258,-0.00024942342871268127,-0.007065868913763524,0.004280695147524807,0.00894842017217369,0.0096513280475696,0.005407739738606108,-0.0016422323847276187,-0.00018216972096235604,-0.0029712272064229333
2021-02-24 00:00:00+00:00,0.011805679755165534,0.009655416736645963,0.010223140147722007,0.02566038019918732,0.01645870411396748,0.014460099420068774,0.01625098090524271,0.0204392319095587,0.016925635625683815,0.004648844243801706,0.0002606344096596847,0.011051132245548483,-0.0023619448584002024,0.0019094614766523715,0.0026763729872459887
2021-02-25 00:00:00+00:00,-0.02139874174846597,-0.029381625493160646,-0.02610628177321607,-0.019425501824806436,-0.02027646562791085,-0.020128566098344836,-0.022548725715107312,-0.03536973154205064,-0.023318676543916308,-0.01910050423128357,-0.03127936449541408,-0.008413654245153194,-0.003215799849408352,-0.003577715885216451,-0.00649295082120389
2021-02-26 00:00:00+00:00,4.0861723837478626e-06,0.006172733588037062,-0.004944692006695216,-0.017366201374553872,-0.009808528329210482,-0.0048894649548635715,-0.0016871658467324006,0.005115740540145415,-0.01665091340874387,-0.011799587719789301,-0.016883064378983684,0.0008246896054788399,0.006403591886822419,0.0011003262322091317,0.004730266973956564
2021-03-01 00:00:00+00:00,0.029395241122419227,0.01392681013058698,0.01691990206062223,0.031143121011875198,0.028318835606536683,0.01603436869391629,0.025561125182475344,0.02817080927431017,0.02171472132091821,0.009316542408800088,0.03012732783978478,0.0039354661312022325,0.005109886387420886,0.00026363801344508886,0.0003675769183200898
2021-03-02 00:00:00+00:00,0.0031251866897494054,0.005616312886721946,-0.006211747490528828,-0.018523966872236456,-0.006462008929873286,-0.002815160738675584,-0.0038040628457470726,-0.012286626897214055,0.005602584742880489,-0.011352239839356739,-0.01222018413116491,0.000700083725562899,-0.007288301516491285,-0.0022381629716519977,0.00017219390066591268
2021-03-03 00:00:00+00:00,-0.005851456732858919,-0.012980818714709838,0.002164381878313898,0.002993401955313002,-0.005269602926175529,-0.015193175770748208,-0.002517004091134387,-0.029551315232457333,-0.006706444635523541,-0.003863515612837035,-0.011013206499431506,0.010448965520488837,-0.0033527100527512366,-0.0011185173286530387,-0.007783831368219715
2021-03-04 00:00:00+00:00,-0.009330383037875182,-0.02320027964867439,-0.014257282325511602,0.02981892288892941,-0.014711127341133688,-0.015968603296382958,-0.021451197166238008,-0.030243034905766467,-0.023060142363176068,-0.010646600912485305,-0.0034837128868697147,-0.003663114498629898,-0.00422536244944567,-0.0002384352759153656,-0.003627098646769314
2021-03-05 00:00:00+00:00,0.032800957522243115,0.018879525886843017,0.023944902801443322,0.032009262316467404,0.022837578759730786,0.021099478015004638,0.028011901848821127,0.014392194049212555,0.028054722463322374,0.014184933079246401,0.02277698597500492,0.0008245219540063834,-0.00032355846530954593,0.001663516647698357,-1.014840489469565e-05
2021-03-08 00:00:00+00:00,0.014685030740641973,0.022372159986434822,0.006715183102351302,-0.008716981009363583,0.008150854041471808,-0.0007185645734783556,0.0063983430643108664,-0.008997994779609796,0.015621315490526491,0.0033554513462712376,0.004513540048680273,0.004501119570293946,-0.01121672446071616,-0.005859191967863008,-0.0016787406944368168
2021-03-09 00:00:00+00:00,-0.01481022634968007,0.000604336329176211,0.00037815425968575154,-0.012818806463382397,-0.0014283605065893675,0.0035416976579962295,0.002622580875346216,0.02285784135501896,0.003308562556921993,0.010368929891744755,0.017738968363681343,-0.007934547848242494,0.009901158056745435,0.005091139674644538,0.007192191624313962
2021-03-10 00:00:00+00:00,0.01584296604222989,0.010122792487970607,0.017084303473395283,0.02988971159131379,0.014630392686366983,0.004236330522890637,0.014915390394642604,-0.0018475414738325672,0.019299443184385347,0.009758068315826929,0.008383325854634088,0.0026526188761149573,0.0006033059113571488,-0.0030720781185228276,-0.0026704202596062867
2021-03-11 00:00:00+00:00,0.003914288323182909,0.0004866347972668954,0.0013446283282442222,0.007728537464706404,0.004362271130739516,0.011279080717543185,0.004427076384633386,0.018616272622600436,0.0051837731122188835,0.013445839770689971,0.007471371729164919,-0.0012248759643371208,0.008140068718754457,0.0026093094000556745,0.005835742289035743
2021-03-12 00:00:00+00:00,0.007726055566404349,0.006055291052788907,0.009787393983110496,-0.010115419869147007,0.007414142691131908,0.003393663656219451,0.009406081068543052,-0.0032581215422517297,-0.00016541878573329323,0.01320979198819021,0.011223885799509791,0.004209369837780346,-0.0029982228575872972,-0.0020241060298355554,-0.0011498447058326039
2021-03-15 00:00:00+00:00,-0.0029491785059030775,0.01920392280330526,0.004237075670640421,-0.002257086132002888,0.001384043808621096,0.011818854651050545,0.009088228038623386,0.018846170077907707,0.0001593597089158043,0.012069738384244041,0.01705353052745232,-0.0007938489444784041,-0.0005412104240469758,-0.0015041635892386745,0.0017524194244145017
2021-03-16 00:00:00+00:00,0.010111170710742776,-0.008446473445669926,-0.007950898738439634,-0.01895569125736226,-0.007526503406932349,-0.008238826046703828,-0.012617083092517817,0.0030704902854811708,-0.011011146306974048,-0.00620689836846397,-0.004793910595758187,-0.0072991261523228735,-0.0002917815531698624,0.0015569318953778787,-0.0009917719382215922
2021-03-17 00:00:00+00:00,-0.004220210610244908,0.01610814045062981,0.006473210313332625,0.010022856795745732,0.003650843662082007,0.0008713953055480073,0.009108676209449147,0.0036283773379044955,0.010454618322065769,0.0029417195417449416,-0.011504870526831346,0.005625952443313586,0.0008465710490564481,0.0005329361298700864,-0.00026982060340852675
2021-03-18 00:00:00+00:00,-0.0036074168883541077,-0.010882463263224812,-0.014798315630922395,-0.04978256809965747,-0.0049483050306173455,-0.009050047375259567,-0.004976479273339916,-0.019692897422610527,-0.007918398820744823,-0.0163826638024853,-0.01660369792055742,-0.0005422579967441423,-0.005285032246893582,-0.0043220001462745,-0.006378344582307538
2021-03-19 00:00:00+00:00,-0.006939496125619462,0.0029727934816465313,0.004810796232170909,0.011003676489140458,-0.007577143207107728,0.0032847341232578767,-0.00432833830794394,0.0013183383448347429,-0.00791822549188029,-0.01417657313763653,0.01115337419610608,-0.0036316059104983768,0.0018796473267776025,-0.0002593665337417251,0.0062073797358246155
2021-03-22 00:00:00+00:00,-0.002125488629530039,-4.183457352861797e-07,0.002444279158892138,0.0008256233263599126,-0.0022368877299992944,0.005952201970976095,0.0006775366468353598,0.011885720808219098,-0.0009110625934736128,0.007798588533425385,-0.009825292040670305,-0.007673616296706237,0.0026575817695512673,0.0029741554008750307,-0.0008556235056865909
2021-03-23 00:00:00+00:00,-0.015234535644415093,-0.015644563382063305,-0.014536548100485195,-0.00556016673979207,-0.009936750852975641,-0.01986562784996444,-0.01772799779170554,-0.011973155503657336,-0.020635299170283936,-0.0006647042106882597,0.0001239661642529464,-0.011007644559548132,-0.000996690729115588,0.0024910379090693872,-0.004433675340555552
2021-03-24 00:00:00+00:00,-0.008345115452634477,-0.005531012815432553,-0.009577817276334818,0.023159603682014213,0.0008840759573065899,-0.002651277252634133,0.003991811703527968,-0.00909784867849503,0.006247349263971426,-0.0066460031479826905,-0.003670219587979144,0.0033873416109341313,-0.0037844739968361085,-0.002296885062520361,-0.007073400455936024
2021-03-25 00:00:00+00:00,0.010270343387455453,0.019055994940529654,0.021255343833341905,-0.0006768309051503853,0.013115152858807011,0.009770442503562739,0.014289453825566683,0.007434514278523929,0.020593212528755254,0.012168786838395144,0.01638944269309815,0.006086791332234573,0.00013692440931305748,-0.002075890231757166,0.0007338342411098431
2021-03-26 00:00:00+00:00,-0.006066052347446805,0.014365799151595054,0.015657891176293192,0.024726204008979506,0.01128875025685684,0.017340241525104088,0.019535226317682865,0.035730171532478865,0.021709701997458784,0.01907471700863689,0.0004631827623679816,-0.00037632384185970914,0.0015788352395838734,-0.0008672114000849249,-0.00206022839802251
2021-03-29 00:00:00+00:00,-0.006332806839934179,-0.005468670548561944,5.494849600500874e-05,-0.009130596671240514,-0.006502252446476101,-0.0038402417180376687,-0.0019862368132739032,-0.0069119913821363045,0.0018286748877194233,-0.009259277124377522,9.73089130492181e-05,-0.005188704984624539,-0.005111130908576493,0.0019340108866388503,-0.0029315909816446783
2021-03-30 00:00:00+00:00,0.00798500861693814,0.005969726077967849,0.005102315567185293,-0.02031078368389909,0.0005797499928950831,0.00043157011031791576,0.0032047967235736587,-0.0035149039191697006,-0.0037679625259281553,0.002137675457292159,0.0034540576558577136,0.008209561853971363,0.003447974530914658,-0.0023813947939795603,0.0017466813430192848
2021-03-31 00:00:00+00:00,-0.013345019831433245,-0.005894476988307511,-0.007573609209058711,0.001447805262727561,-0.005452413507002889,0.004718984063025302,-0.00023249787129762912,0.014520788263326864,-0.006584531755062797,-0.0033595156528883918,0.013825513229161085,-0.004815222119632305,0.006973127846449497,0.0025307839568547257,0.004831044148142579
2021-04-01 00:00:00+00:00,0.018702598272985375,0.007193241946403882,0.004337678806180525,0.02772277589375466,0.016725312015692537,0.003677285320630903,0.007119354584957101,0.019092869325686476,0.004566676503833885,0.020016368387048566,0.0023551056920331813,0.0015026181271847773,0.001466654755237034,0.0005261907154161215,0.0005604648260408586
2021-04-05 00:00:00+00:00,0.011353577034038031,0.018875284528296697,0.010716448585341334,-0.030614594605782516,0.006842029824123151,0.0079058502335108,0.013288699599589244,0.01503595879877643,0.012588996568941456,0.0024917575957045437,0.010317458107260383,0.0012862596663005743,-0.0008049167521188578,0.0014517466267558177,-0.0013025484456305088
2021-04-06 00:00:00+00:00,0.0033568883558498823,0.010111837749598174,0.006543024307453742,-0.0014678920043448293,-0.0003400829196341654,0.00046298451492647445,-0.0019114348856823671,-0.00493744917759667,0.0003629763585527923,0.003188902953016373,0.007303394830049002,-0.0004335346573987628,0.0013752764450075611,-0.000995760325130943,0.0031087539806525693
2021-04-07 00:00:00+00:00,-0.0002999826967935229,-0.007212401828396259,-0.004399532949243835,0.00607677313150115,0.0019246841662962126,-0.0047994589481563325,-0.007176955278070827,-0.003404258018053188,-0.01246526492138985,0.0035831949319496304,-0.0037200204501640697,0.0005496950333179918,-0.001008993555722591,0.0018345603709010497,-0.0023305624056352073
2021-04-08 00:00:00+00:00,-0.004731460990709268,-0.0005940691864662487,-0.0004227108305487983,-0.014618044810988226,0.001574434908654598,0.003116837353782527,0.0037785151923104407,0.010753693616216354,0.0009482221874161094,-0.0018597908442452734,0.0010752218624174702,-0.0028395067837166995,0.0029552752915834044,0.0009742150088574717,0.0021784688252858204
2021-04-09 00:00:00+00:00,-0.0006368396943731037,0.008010971264035546,-0.0026962394348483084,-0.009577716106949777,0.005432800130582579,0.010636974779229489,0.007486656033099341,0.0019474113761399547,0.007696120289368866,0.0019331844715275094,-0.0011542597527302147,-0.0007678774604543107,0.0018279562046922735,-0.0012845218598466438,-0.00205614848582381
2021-04-12 00:00:00+00:00,0.004202356570983214,0.0024111830799780744,0.0046898676900033074,-0.0050342962067736335,0.005702511804016239,0.001323465831650021,0.004078653446315028,-0.0001984973792066838,0.00318115929750827,0.003372961020090557,-0.001574128746580401,-0.0014829346725965063,0.0011270100842815615,-0.0013257154959079387,-0.001868125321352815
2021-04-13 00:00:00+00:00,-0.012194493295767094,-0.005361481617272613,-0.007733089219058952,0.008997210885874117,-0.0021801858145784393,0.0033918168943332682,-0.0034276790702690886,-0.002039099970325808,-0.0018108824963147432,0.0077348983296917605,0.015044400305338088,-0.007128107398509945,0.0021891297230838365,0.0034454482654595617,0.004861676976480449
2021-04-14 00:00:00+00:00,0.0026877028423578017,-0.0013006296148701873,0.005031290450217827,0.026907585557437257,0.004821881984180856,0.004713728408083578,0.0007229396758706868,-0.0035896444974372436,0.009531402273484469,-0.0032603177365087554,0.006842584078115625,0.004281661898487105,0.0009162860621911064,-0.0015960762578545772,-0.0004425815934964232
2021-04-15 00:00:00+00:00,0.005403901379076306,0.0031020340227091692,0.0041601037348483905,-0.00318760623834149,0.004670378189717724,0.014318784382411066,0.0053911669145939095,0.011995013751511088,0.012739460239861495,0.015933507792736317,0.009304885405003021,-0.005252206461961212,0.001228103625762681,0.0006045169666736178,-0.00015602761170490427
2021-04-16 00:00:00+00:00,0.0029399658490476964,0.009539073082544761,0.006698613526832835,-0.005466991771895552,0.0032771578324287936,0.0075629436963254425,0.0032389384732550218,0.00207223027991858,0.00944737711395147,0.0018703997012461855,0.0054389710745740595,-0.0020702244204555834,0.0019932938560042685,-0.00203270159703763,-0.0015608138094109747
2021-04-19 00:00:00+00:00,-0.0004125771771322241,-0.0056555944494515765,-0.005781463107138264,0.0014255802083442215,-0.001940527203450321,-0.0046535630822676375,-0.004949353018109668,-0.009954490693640385,-0.004095900612621186,0.001492299235598303,-0.01014605556723311,-0.0011798077565981031,-0.0018921552349728244,-0.0015238367943939983,-0.001736894348872497
2021-04-20 00:00:00+00:00,-0.012290058130949999,-0.012060771874695998,-0.00823568965901409,-0.024330349040029394,-0.013388071327950678,-0.0038820987688136703,-0.01116996967947421,-0.008161801202966395,-0.009546896532342355,0.0045939142043925595,-0.0005363017953469496,-0.006163016432576948,-0.003679299460344486,-0.0028627780529992056,-0.0038639736041271126
2021-04-21 00:00:00+00:00,0.012591698855308087,0.010521089019543822,0.014562402666856555,0.0069424817754529106,0.012120322260546814,0.01767216162250973,0.014042136852953394,0.013579247252606407,0.01798161089933964,0.009384106936033547,0.0009956400169506218,0.005910048368773048,0.0003838147275029933,0.0011027248879798357,0.0026607011157480367
2021-04-22 00:00:00+00:00,0.0015086394753013304,0.00174773774912249,-0.00876272423508873,-0.004342254913103298,-0.006359137907908015,-0.003008865652631875,-0.0013509116696371246,-0.00537022583136185,-0.0167464020499977,-0.00401622008009927,-0.009808070737867554,-0.0027381150240189376,-0.0003331947443802227,-0.002333165734019543,0.0010980047709395
2021-04-23 00:00:00+00:00,0.0017605613942282001,0.0067094789888880145,0.002264067840692028,0.006022455905104507,0.01664434003922417,0.011191339408053957,0.010408599286392041,0.012612187695068503,0.015127626442558153,0.007070088379404846,0.0045554435242200104,0.0034579214749407127,0.002780071143018733,0.0006194490167948951,0.0018366427552203488
2021-04-26 00:00:00+00:00,-0.004085112120465995,-0.0027734393588292497,-0.0018988078497646254,0.010999017696973486,0.003013551564626989,0.0029142986772567173,0.0003312692082716188,0.006511676961707515,0.011462754301936703,0.006876752165711389,0.0037219889442445314,0.0021203658434627327,0.0021959508576350015,0.001979114617141564,0.004709823768956203
2021-04-27 00:00:00+00:00,0.003580615975989511,0.0072983445915498135,0.0032498091450354205,0.0041326448076224286,0.004139714482429132,-0.0032481976402095897,0.004619618860741926,-0.005449262170133981,-0.0019579002646400506,0.001466052590943557,-0.006761934901053703,0.0013057990902108087,0.001102156867020415,-0.0006267097932058895,2.455579053768902e-05
2021-04-28 00:00:00+00:00,0.002819140749750441,-0.0010605398940010556,0.00197166587196477,0.03423055213319663,0.0003605321230431404,-0.0007499341079944397,-0.004708206412058593,-0.005725050909063571,0.006911753220944774,-0.006094556449731599,-0.0004576463580032781,0.004355759382823787,-0.0016427773664447966,-0.0012352876894749256,-0.0009664214296397649
2021-04-29 00:00:00+00:00,0.011926609343968487,0.0041631724680753004,0.009771432387092664,0.005472154423001346,0.011530085970434081,-0.007216917686973861,0.007362424261471383,-0.0014654066667378544,0.004509436630211538,0.00630427097519208,0.002496283737404783,-0.000579828501696137,-0.0016288577544494101,-0.001436772984277481,-0.003806887356877099
2021-04-30 00:00:00+00:00,-0.006743490411202944,-0.0002229086798396509,-0.004636307516997299,-0.016341704464298386,-0.006709292658275802,-0.0015989721090908242,-0.007188344592152303,-0.019090006874226798,-0.010703200082151872,0.0024426137961004856,0.0071935119493781825,-0.0020018036630505935,-0.000842114023340757,0.0014423268718044393,-0.00029775467294337475
2021-05-03 00:00:00+00:00,0.0015562308920000906,0.00860564634555237,0.007084015998466873,0.03522347216895475,0.0039028657370632773,0.0076014547815987385,0.008478615327989655,-0.007661528145983202,0.013739254280531526,-0.004414511187731888,-0.0029385891098258968,-0.0011515637294150158,0.00039741431035711567,-0.002435061776636838,-0.0015979260634326445
2021-05-04 00:00:00+00:00,-0.007829556766015685,-0.0030544342015071477,-0.0049097246756494625,0.007164835130298677,0.0026567115017824667,-0.002983354687816656,0.0012884076499057244,-0.006384098170586917,0.01756125918381645,-0.008105890707181563,-0.00801553540873848,-0.00016154573923686869,0.000727751485833968,-0.003696483436179969,-0.004913247040049496
2021-05-05 00:00:00+00:00,0.007059641317985765,-0.0022585104290775483,0.005093719983189018,0.024070527088497974,0.004396687217747632,0.0006955639645261682,-0.0017131401678463375,0.0008932368945514585,0.004926808077163946,-0.016434728512404705,-0.016149182707157664,0.0022456616104122628,0.0020555764816334405,-0.0022546130201267804,-0.003087900247169691
2021-05-06 00:00:00+00:00,0.006491633196103555,0.0005556571696862462,0.005971406194166082,0.0005445928475264404,0.007674129114251457,-0.003024512658176292,0.006576575792592587,0.00820362379749228,0.015980490674306888,0.009500732401882464,0.0026733586783854735,0.0010076883536039977,-0.00018195272968855056,0.0014268287870501245,-0.0071008137210634365
2021-05-07 00:00:00+00:00,0.02027623139472432,0.011791678231108632,0.008693841300376285,0.0248772024449019,0.0043877041890642236,0.012380449410863012,0.008090716261832295,0.01038529200458858,0.009646290649279497,0.014801874708457657,0.009303709812835832,0.002672603368842618,0.0023865555749086787,-0.0014568795809231701,0.002850041952155222
2021-05-10 00:00:00+00:00,-0.012925501700773138,-0.0022543956404797883,-0.00504143318880876,0.008816044845763718,-0.004069369774648559,-0.00927242129826189,-0.0022385404332658934,-0.018598350702128022,-0.003811336827833122,-0.0037804509300138995,-0.00670087830568241,-0.004617785276367064,-0.003812849802876289,-0.0047758622698612155,-0.005429884056764529
2021-05-11 00:00:00+00:00,-0.006850622747513384,-0.02055844273115498,-0.010009269503736732,-0.018257650348549523,-0.012319667195845785,-0.010410878644253479,-0.011691389617390925,-0.002664558424774969,0.004096824062896123,-0.007731924799276038,-0.008112360320638348,-0.0018894290560608068,0.0011705183846499535,0.0032015582987948155,0.004287507260336207
2021-05-12 00:00:00+00:00,-0.023162498744458894,-0.03189422072231194,-0.021683051528949303,0.0005998741627672938,-0.016768668063098197,-0.015228375102310222,-0.027524965534514598,-0.03292337225972008,-0.023971766640119522,-0.02792216783411635,-0.029185863516975483,-0.001625503466138609,-0.005176026405718683,0.002067605150178991,-0.002949964924247525
2021-05-13 00:00:00+00:00,0.015125745881755292,0.016364518365122652,0.013694397879076205,-0.017909283419562164,0.016281260180777617,0.010675118829260486,0.019636298437669234,0.01603523314690572,0.013767644384697488,0.011749680619291604,0.013031407565219887,0.00289118477309107,-0.0011222903040946927,-0.0027881419304917367,-0.0037601240922443087
2021-05-14 00:00:00+00:00,0.0125544172991615,0.017413574634441594,0.01613443190166536,0.026482634670237166,0.016766129578462564,0.012035055129794936,0.016280550472147194,0.022045540522980953,0.012047654083456177,0.013848179586577322,0.01892836013653186,0.005075201156195357,0.0012929947115867262,0.002766833732387161,0.006391649916322883
2021-05-17 00:00:00+00:00,-0.015062645958048779,-0.0061393375958610965,-0.0029017565596487333,0.024735552344240377,-0.0024476725060606315,-0.006381127177806023,-0.002546707213293748,-0.0035508196163655066,0.008137711011750636,0.0010903051961715783,-0.00802744391992227,0.0007629639693830913,-0.0014496152713058203,-7.759743011061335e-05,0.001005705232793874
2021-05-18 00:00:00+00:00,-0.00784291490210346,-0.009078150998700296,-0.008211023895734264,-0.022702561933688165,-0.012297939970623662,-0.0025531005798333367,-0.014587207494949739,-0.008176489157803465,-0.011514458419894655,-0.001079104266126851,-0.0018653986193845253,-0.0024419599925672754,-0.0005588546114894798,0.0005476322076816628,0.002397234083030949
2021-05-19 00:00:00+00:00,-0.005154224560559496,-0.012369456096263245,-0.0028460401571088305,-0.022254964848107926,-0.004808489269976658,-0.0007616251768604064,-0.004729049489025013,0.005365333883056369,-0.013291649683764775,-0.005514720831283921,-0.0009497251294407113,0.0005752501322100964,-0.0013681975126400648,0.0018050631038809438,0.00018849294100399278
2021-05-20 00:00:00+00:00,0.014347545914188596,0.008752216048960693,0.009011300982282323,0.0018980358681403085,0.006275935860125545,0.012994879658172098,0.005198719523473538,0.02039117645684791,-0.004197247735657002,0.013160324736755488,0.007853608388778573,-0.0026387604728235863,0.0026505994631283334,0.0028688113188127112,0.0017447828432288703
2021-05-21 00:00:00+00:00,0.003537681018357426,-0.0017894904161237651,0.0024964447688819785,0.0023617420250798904,0.006179200087103963,0.0015030355881211705,0.00271811727480455,-0.0046871082035726715,0.004735788346544225,-0.001444211624543019,0.0031631273934275158,0.0009796055074747167,-0.00017682419542465623,-0.0013845085357655164,-0.0007573157124479264
2021-05-24 00:00:00+00:00,0.01099152980380662,0.004052048313905678,0.00639153656265865,-0.0016379186019477997,0.0017781450400638516,0.007096214633329048,0.0070285738930303725,0.012666111995762225,0.007522363006833175,0.0150871030823805,0.00856002813125668,0.004288685888860542,0.0015321396763020303,0.0031316457664743004,0.000613360490404947
2021-05-25 00:00:00+00:00,-0.007414208626862746,0.007258228017923618,-8.206345340112421e-05,-0.019446179364782705,-0.008543011181842308,-0.002083973363324321,-0.0020102411812378167,-0.0005273331923889477,-0.011650368419132631,0.0029653523676146927,-0.011398931083539406,-0.0009299482991996762,0.001388834044909919,0.0010282019820489884,0.00026938345828909915
2021-05-26 00:00:00+00:00,0.0028534117181618344,0.009375601650365172,0.0040004538439973,0.008072294750686375,0.004089716478827233,-0.0017178640256470259,0.004727533426807713,-0.0009715271274530965,0.002869727679926452,0.004357091212594561,0.004554267900573458,0.0017645103858927131,0.0011355184200973487,2.238246029629288e-05,0.0033950222627488697
2021-05-27 00:00:00+00:00,0.010868658507223948,0.0046556301572487,-0.00015745734771675383,0.0011110485257987061,0.01068134773450003,0.004836796582836717,0.011737905530546808,0.0019343905781850981,0.010631688321291154,-0.0008286939428404012,-0.0003618157972932695,0.004559640294302576,9.155678280807174e-05,-2.0852618067244977e-06,0.002070975241087517
2021-05-28 00:00:00+00:00,-0.005520440417793358,-0.0032932054375148533,0.00039115949690823664,0.0019195313926506402,0.0002653282906452329,0.003926094600806041,-0.00015587726923479327,-0.0002744560526842788,-0.0029906036241799366,0.006307228767003442,0.004086813161448877,-0.001895963930762963,0.0017121417173698345,-0.0007038704559906715,-0.0010754948902199691
2021-06-01 00:00:00+00:00,-0.0005374228445066673,-0.0012393649072566146,0.0067313687871864295,0.039196997791138104,0.001094989358504968,-0.006005379630034033,0.0022240302998599104,-0.0045075296586594635,0.014297016255217334,0.01885129043624565,0.0017165460088812256,0.006099788366570906,-0.00043326366351835753,-0.0006124849902291543,0.0013618908091259743
2021-06-02 00:00:00+00:00,-0.012832652557753786,-0.004941460442943879,0.0018061889958130694,0.020741204474774493,0.0038854442329755183,-0.0070987778622412494,-0.000662229945848732,0.003281070736435142,-0.007878431062042038,0.012135095909599249,0.002951070761105201,-0.0024943701629422423,-0.0030011199868863847,0.0023502546901759446,0.0031518806562789554
2021-06-03 00:00:00+00:00,-0.0032595406525440717,-0.006976129529193145,0.0010321369869613363,0.006953762458892349,0.0009827572525125188,0.002025113877951169,-0.006114874889421462,-0.005186575751658844,7.076451307761432e-05,-0.007491707870982552,0.00455083590195587,-0.0015518659049988752,0.0003698167645412878,-0.003247013637588026,-0.002465968115707908
2021-06-04 00:00:00+00:00,0.009210291337050704,0.0044695712039342205,0.0030037211530831425,0.008273576930261312,0.0021073860813619707,0.006044264371399083,0.006718502456307898,0.017055777336862935,0.003446487956184432,0.00048210782897795037,0.0006677974942866222,-0.0024863527173897685,0.0014980386256684107,0.0017780071990444364,0.0014782828412828297
2021-06-07 00:00:00+00:00,-0.004873010101607457,-0.0015042728840303768,-0.0041235893099975,0.0042652533031042345,-0.002774490782721433,0.007152035784908919,-0.003136134579614395,-0.005611726142741218,-0.006971997670809914,0.013770093027126949,0.004694939745219357,-0.002824176435503463,-0.001232918663638829,0.0010720145541870483,0.007639459907676306
2021-06-08 00:00:00+00:00,0.004067644798965325,0.0061121138206514745,-0.0031462648251924896,0.003565488279217353,0.0011391329077370099,-0.0006844231498231157,0.004094794763051846,0.0006228379210433039,0.002733826697104828,0.005432703946307091,-0.004422104750125257,0.000474890105833813,0.0002920678482763538,-0.002248388452909412,0.001538164693726779
2021-06-09 00:00:00+00:00,-0.0027493678045511115,-0.007867996820599191,-0.015186282245149708,-0.004860727912670221,-0.008012422916341173,0.0032056070598301283,-0.007143181201844492,-0.0031945365973153894,-0.0060196065569774375,0.0009913550743063824,0.0030917849041430536,-0.0039794313818846015,-0.0015584046334152393,0.0008850766261532632,-0.0010838968798376272
2021-06-10 00:00:00+00:00,-0.0025956846468871454,-0.005070757767709813,-0.002546701532261758,0.001835652781148932,-0.003910517113940706,0.011209637854534403,-0.0012252089735964406,0.013739276109635762,-0.003033530739629487,0.007124248039007018,0.002831249834750366,-0.0045363745324462365,-0.0013149403686857886,0.0019352429274824851,0.0009462295408956124
2021-06-11 00:00:00+00:00,0.006128577657867641,0.010963135098073864,0.003367282998584158,0.0013709588070259906,0.006520296423727957,-0.003206649220988867,0.003538669187009552,0.002640655062977444,0.000969257111032463,-0.0011469405485710227,0.007005588751223176,0.0002385535384192461,0.0010222301030571289,-0.001410182042626643,0.0017787714188677861
2021-06-14 00:00:00+00:00,-0.004274739255043988,-0.008686936292085286,-0.007729006848099699,-0.005786402432306312,-0.004599624385648622,-0.0014793930655436233,-0.004169476181308401,0.004362958138988205,-0.013465758506475895,-0.0016717053320869503,-0.004374708053943948,-0.0019897663663024524,-0.0027910641021411903,0.0019283943242406707,-0.00062982989170224
2021-06-15 00:00:00+00:00,-0.003364186154311881,-0.0008036443830931202,-0.0037152244541025477,0.016729796029418285,0.002957505500376557,0.0012688225815246845,0.0022259582679534555,-0.005766512469341583,-0.002276637433811053,-0.009178291447223206,0.0018145786242976193,0.0019800437250281216,0.0008462245029163907,-0.0012680862714626847,-0.0038581710783783725
2021-06-16 00:00:00+00:00,-0.006976387938691755,-0.004879118816873472,-0.0098123603436279,-0.007008002523598291,-0.0016374118236176234,-0.0033120230206284086,-0.00933746318477008,-0.007237558461059177,-0.01449530412061681,-0.0059385750984628375,-0.014153835636799006,-9.69271573005824e-05,0.00037651662020014767,-0.0009466303810627972,0.0022585775277324757
2021-06-17 00:00:00+00:00,-0.009085640553284237,-0.00159993836551303,-0.008107779138256254,-0.02839252758108832,-0.017541183157937037,0.0006101255406379698,-0.009708327275769625,0.0054462343978158275,-0.018070107408651663,0.0005027635552212876,-0.0019118918675664765,-0.007587020798814791,-0.003107599381361994,0.005660133238856466,0.0031467774172154505
2021-06-18 00:00:00+00:00,-0.017389205209348793,-0.011546903929798916,-0.020561634915892857,-0.02427218960780747,-0.021160513913533522,-0.01728974354933098,-0.01170217611002902,-0.01740998487202174,-0.015023129657986196,-0.01687459554682049,-0.03127622433734057,-0.004841001345245185,-0.0014780987935941899,0.0007440839078325656,0.0030030046866906107
2021-06-21 00:00:00+00:00,0.017521427050086122,0.018105855264427304,0.01913921107387459,0.045192041911375797,0.021833298266999267,0.019396606552433006,0.020324689507261653,0.012452325151156837,0.021830592838318404,0.023302092922912042,0.019869263319197965,0.004913760303517657,0.002455244599523519,-0.0016856590753583818,-0.0016592488462665814
2021-06-22 00:00:00+00:00,0.004637983553867206,0.0067019597359485,-0.0006678593799742741,0.0038726381348245394,0.002243346469892605,0.0020841873097289004,0.0036165767571651017,0.002827838760433907,0.0037423136925224983,-0.004534159244469023,-0.006436536390766217,-0.0031255245279471324,0.0016864667238601556,0.0015016143023553479,0.0017220770414710783
2021-06-23 00:00:00+00:00,-0.0033734745918943144,-0.0004617068997720609,-0.002054058320452656,2.929441020174919e-05,0.002200286599179853,-0.003153741917497968,-0.0007660584710258362,-0.000841420150227989,-0.00497627786386237,0.00100799651780361,-0.0047997537057776546,0.002724355503067685,0.0006677988397626408,0.0009199340382007983,0.0025110911544855567
2021-06-24 00:00:00+00:00,0.01785259410818613,0.005694635623430696,0.006092277137768392,0.005900205802157195,0.01166109701868294,0.004904885030453949,0.005856417408963735,0.010619622477193674,0.007132040882938506,-0.0037810749518168143,0.0038479819994596525,0.00324608611289686,-0.0006590134288638719,0.0005059456267504023,0.00023315164437816933
2021-06-25 00:00:00+00:00,0.004008379569987756,0.007744396834377085,0.005520946923409633,0.005111966017287571,0.010837693097802923,0.004616697334491997,0.004673833859331127,0.005095627012362494,0.0003144998129765691,0.0051290945286966835,0.008157025945028836,-2.7013385944049933e-05,-0.002044446994570042,-0.0018550617533293675,-0.00012259273448281
2021-06-28 00:00:00+00:00,-0.006547255750591125,-0.009546728806637466,-0.003972528104463994,-0.027380217086558255,-0.007535932953168393,-0.001974833786732329,-0.002751486822966305,0.009291269590084469,-0.0050687316863824855,-0.004112639469650849,0.007335054424350892,-0.0070080953134689025,0.003319317740176538,0.0014965477342663413,0.0016220067781946507
2021-06-29 00:00:00+00:00,-0.007029017824355196,0.002992178356277051,-0.003612809103572847,0.0021107844870440064,-0.0025637557390218195,0.0003899813088072018,-0.000890311731571408,0.006588963677032478,-0.0005124096812430395,-0.003796630502508621,-0.016119271497181575,-0.0022650839538036222,0.001632683414139948,0.0006570510441765551,1.428372545495167e-05
2021-06-30 00:00:00+00:00,0.0016665124870959343,0.004824840028303927,0.0047612442976561215,0.011163760026182946,-0.0001299176605120383,-0.00013312882658714058,0.006895556066331278,-0.007416732551225191,0.005315456842217958,-0.004627136379213714,0.0006522164370472488,0.002645345701810292,-0.0006259222675374374,0.0006018628202902384,-0.0003146122562722076
2021-07-01 00:00:00+00:00,0.009998464033562684,0.008709025295492098,-0.0008811314419776386,0.01912238286534477,0.006682332863039358,0.009778497421546944,0.0038274628233613993,-0.001331344441658432,0.006009978977737731,0.003783447610015196,0.003832640166027221,0.002164522361569745,-0.0018255552226487909,-0.0012991250498007641,-0.0017995521369257288
2021-07-02 00:00:00+00:00,-0.0036643213859865634,0.006656106745794248,-0.0021600168534497157,-7.700714640901049e-05,0.0004900115859229998,0.004908890189417005,0.00221175590784185,0.00760422469826177,-0.00020737646901672016,0.0026679201211017986,-0.0014980974230111158,-0.0027153794866704964,-0.0005559766868561554,0.0016348596723496246,-0.0014485674305443836
2021-07-06 00:00:00+00:00,-0.01177890354338934,-0.0066605786816007735,-0.015799960888554104,-0.023457493247831127,-0.008274072020814986,-0.007794074438896018,-0.007972678145854502,0.0004173664136435202,-0.012266163028582203,0.005009714940563553,-0.00403007064235123,-0.00940291008238632,0.0016464117619747205,0.0007117637916757404,-0.00013394482692910287
2021-07-07 00:00:00+00:00,0.0010819323004390136,0.001262061400644037,-0.0004806838290416036,-0.0141093370425033,0.002299409515736721,0.003471101873311105,0.009785771239729544,0.001539087448464942,0.012700320991577389,0.0008294496355789268,0.0025371093181994564,-0.004402386283463629,0.00046775934977832923,-0.0019177845694917474,-0.002507987036734435
2021-07-08 00:00:00+00:00,-0.017545933009400733,-0.011473876479473122,-0.007036439824617517,0.001285056697343078,-0.01704795948370674,-0.008049717953902639,-0.011325715028461936,-0.01072734729182883,-0.011693247373570982,-0.0006293688297108232,-0.0031809873698257626,-0.0040217338300213065,0.0011391387126447067,0.0018346661852541666,0.002172988993033265
2021-07-09 00:00:00+00:00,0.016947745924477304,0.014430737556290249,0.013649250361660538,0.014608005118820731,0.02121628061661347,0.010395072278470363,0.014446147896921658,0.013284251476323705,0.017913436532889446,0.01932851316810482,0.009246710477858373,0.007372527304224561,0.0005217311261505039,-0.0014453962049910708,-0.00034030002704393304
2021-07-12 00:00:00+00:00,0.005353742662613929,-0.0010049364069538366,0.0017092431933398025,-0.006046804225596328,0.006253175127452457,0.003700956334640183,0.002074338967817625,-0.0027933464505839295,0.001767631060055352,0.009344423227796567,0.007840131028463065,0.001927659534995072,0.0032738138586403415,0.0019101530100783342,-0.000887021062905345
2021-07-13 00:00:00+00:00,-0.012937929158145609,-0.009209691719672994,-0.012093402090970349,-0.0024072093279777725,-0.008421441986504656,-0.008805666983669198,-0.009386265557366135,-0.005697382283882554,-0.00863898570291536,-0.015633905584152112,-0.015918605968368655,-0.0054100208639257415,-0.00010692422825758058,0.0013055283280280095,-0.0023900885607068484
2021-07-14 00:00:00+00:00,0.004027254055456267,0.00039346747520757207,0.0010494130321295285,-0.030298848726805314,-0.0022945145248986164,-0.00407409704447256,-0.001526098003880643,0.002975589570205526,-0.0004498323783642309,0.006343057457336975,0.0007999617699029024,-0.002124030649609679,-0.0006089658519955309,0.0004164688802348914,-0.003960861627920875
2021-07-15 00:00:00+00:00,-0.0067658616995742455,-0.005012493168196049,-0.0002876752263555153,-0.01448392923372178,0.004008897952281843,-0.0022288002751518054,0.00012686815518165055,-0.011073379254999861,-0.0008831338417745882,-0.0009381918925037778,0.00609116759370597,-0.003535283921986046,0.001028632391082228,-0.0011820330920773946,-0.002135875728043116
2021-07-16 00:00:00+00:00,-0.011671991991259584,-0.01028289471989132,-0.009342655065170251,-0.015475299050453944,-0.0072546213724784805,-0.004584969015247704,-0.006753695373428835,-0.009726774428121861,-0.01521781879124087,-0.0022238592690524044,0.0013724909943800653,-0.00847700713412165,0.0005203258453632443,-0.0006426878773816754,-0.0011304617727175195
2021-07-19 00:00:00+00:00,-0.021515407755607622,-0.014245005151372413,-0.006394893345870532,-0.021994699234534305,-0.02202601069941485,-0.016904357678342526,-0.015145860999969075,-0.004006096598202418,-0.022084558611130987,-0.019916829849892834,-0.021533593539782094,-0.010945020170620183,0.003295224447314865,0.0016426846127472125,0.005250526243071995
2021-07-20 00:00:00+00:00,0.01079713358288687,0.02281440267617375,0.014522468808462705,0.0025858505660372507,0.01884414951955584,0.02395604249555206,0.02457554566306553,0.015117059703500413,0.012392470435615144,0.025588363052720563,0.014320791584210516,0.010682211973809832,0.0009721238043743125,-0.0018197503183262735,-1.54897523087158e-05
2021-07-21 00:00:00+00:00,0.009218030054510568,0.01124533172044209,0.006146944875481038,0.024084574674890526,0.010835315209656231,0.007663309707116343,0.009998878243846054,0.009192839137523817,0.009132392784542856,0.0039921105803437315,0.0012389737379234953,0.009075978683114001,-0.00018039749410625892,0.0014370627590908971,0.0029449001372190064
2021-07-22 00:00:00+00:00,-0.0032710704801150363,0.004627485820078586,-0.011625319984646653,0.0010428108010781074,-0.004308981381239587,0.0009064352065540342,-0.004711876481770208,0.0011225028271350111,0.0028185802996172618,-0.00812529218656069,0.0006283135064041048,-0.008096128563484649,0.0027848942422641736,0.0017194323299862956,-9.992741536382329e-05
2021-07-23 00:00:00+00:00,0.011183785615553696,0.009691576261815188,0.008697500114313902,-0.006775859178452722,0.005354735927712701,0.009638093858044153,0.005283205483690403,0.009256607534442173,0.00414890078313737,0.0070149538905807385,0.009598688252994784,-0.0033316389169594633,0.0028339481863414147,-0.0013933107525739633,-0.0008797338893916712
2021-07-26 00:00:00+00:00,0.008805288322964847,0.0066688107193084364,0.00819428565111484,0.02080747172344348,0.002588266459219577,-0.002267792439973737,2.46463713083735e-05,-0.0003972252734347338,0.01169414823730821,0.00016031218992044083,0.0020457558315349848,0.005544163595100312,-0.001499686779323186,0.0012897535332025952,0.0004541875421801792
2021-07-27 00:00:00+00:00,-0.0014433118780046662,-0.006101934719296131,-0.006372613458154267,-0.012881244748510753,0.0010699786206027754,0.0009767399612326862,-0.005602098648227457,-0.013021472303235727,-0.00044570191448083476,0.003131111617144842,0.010407005998008357,-0.0016814543381088493,-0.0012210198078342342,-0.0026533470523452795,-0.0029585215451977476
2021-07-28 00:00:00+00:00,0.003919924524085012,-0.0007889255112204835,0.00239129753233295,0.009182151050838588,-0.003219001657709776,0.009596350749224289,-0.0010160443250135332,0.013726213240735185,0.00809455994616933,-0.0019737837703932572,0.0008312268827689497,0.0021422640324365674,0.0006132968616162291,0.0003838531301497291,0.0037617303204358896
2021-07-29 00:00:00+00:00,-0.0019052027264663694,0.005588222341602721,0.007943075613075171,-0.005182905388958051,0.00582432870038683,0.006469614973672802,0.004847354089152284,0.006114213156232942,0.0068281871584619435,0.0008651402695174287,0.0004340049681886668,0.0043023221798412555,0.0019321880011457487,-0.002478492033621469,-0.004215715238306328
2021-07-30 00:00:00+00:00,0.0029140257799462562,-0.0034538542746890286,-0.0028253141499232463,-0.0133555648059669,-0.0022604970341964263,0.0014797278777815837,0.0015698254006729143,0.009208099331198226,0.003105382971128688,0.002558831452112792,-0.00921615292971949,-0.0025588627197303806,0.0021869753069915015,-0.000347217028938833,0.00037788838839980933
2021-08-02 00:00:00+00:00,-0.001238228270051607,0.0009398821703129332,-0.005635851164575439,-0.010267207660854615,-0.002678665484918886,0.00031623164898227394,-0.005875930977714785,0.001973158216876156,-0.010845543607500424,-0.0010918874277856582,0.006350970953664388,-0.0014545100907135458,0.0013316076485761989,-0.0003067546429911535,1.991447014035335e-05
2021-08-03 00:00:00+00:00,-0.005352378154572644,0.004074770335095324,0.004390598615767623,0.013801288798285067,0.004748906562830827,0.010116833712093374,0.010675389046665137,0.0077190206614976276,0.010361495274703173,0.0006543997044051592,0.011020578015420968,-8.20968994556246e-05,0.004591755678212722,-5.655882645136563e-05,0.00021969851013879877
2021-08-04 00:00:00+00:00,-0.002542779443907637,-0.012033601525606244,-0.015671222675936444,-0.02135348861309092,-0.002707585295077282,-0.0085175061477143,-0.010932420191225525,-0.0016918257787490983,-0.007004376502789602,-0.004588295358665789,-0.00326193059141789,-0.006373899382388534,0.005005777307915648,0.0012564819210366725,0.0012421939152045007
2021-08-05 00:00:00+00:00,0.012873161936161323,0.010360271460674454,0.011929620488463542,0.005363332821911895,0.010005358595071193,-0.0034440851454976447,0.006456465639545472,0.0007825956782620035,-0.0015527046314221498,0.015102858362050348,0.01842740836550051,0.006081622612587517,-9.299666465253906e-05,0.0021100326861559944,0.0036329522186803447
2021-08-06 00:00:00+00:00,0.0012992335391224226,-0.004678080316746841,0.006234755976999173,0.0024948812033838124,0.013132172129947382,0.004190022023686702,0.0025845292562040804,9.350254409776871e-05,0.011602583865208564,-0.0005500816923322612,0.003308130741592995,0.005370178306394886,-0.0020705589961836786,-0.00026668697426974965,-0.0007216657338001138
2021-08-09 00:00:00+00:00,-0.008794737757991238,-0.009281043116009871,0.006575428313600482,-0.007274143990129535,0.0032025635103870116,-0.0004254128304630113,-0.0029343016044851393,-0.004585566322348193,0.006926167655545129,-0.005093301317226829,0.005699356386983462,-0.003378915987552052,0.002924924124308254,0.0007165994690068421,0.003797296949109482
2021-08-10 00:00:00+00:00,0.010693230856983996,0.010555931770479874,0.015423509688195763,0.009395098524366924,0.001406005881653057,-0.0029294115695509835,0.0070486432883024135,-0.008338899835113819,0.0201505370298218,-0.007209843495801171,0.004315219740241008,0.007496128195178642,-0.0014939770939126193,-0.0005337324725992257,-0.0011471059522058765
2021-08-11 00:00:00+00:00,0.005458523456582053,0.010175993243185405,0.003563440698038781,0.0019798523005725116,0.007572559280266998,-0.0016301318401957616,0.011818409751640486,0.003838565861661476,0.012434075111400817,0.00455764657280939,0.002993818644541812,0.0038547052788558476,-0.003415496223910501,-0.0015591323641025862,-0.0026016575591660757
2021-08-12 00:00:00+00:00,0.004358006491042232,-0.005890688929160636,-0.004586448899857244,0.001402746550137605,0.0008958826019950589,0.006814598360163159,-0.002487579677678172,-0.0007770335090447009,-0.000872888697213438,-0.0012898079488239795,0.0002359518184313947,-0.002953838860921101,0.003192908838604069,0.00017414350411019703,-7.492897808865752e-05
2021-08-13 00:00:00+00:00,-0.011249271461370676,0.0022887578089729665,0.0023369043364348313,-0.009036426077384632,-0.0002107537148834884,0.00029890705867662514,-0.0014014950889825449,0.0018850123864875955,0.002949412650469752,0.005393718333390025,-0.00025367342262810785,-0.004885210681153008,-0.00012528495724464382,0.0006929963376374258,-0.0007078305726635594
2021-08-16 00:00:00+00:00,0.00038811430812278207,0.002381445409208258,-0.0001931848177377793,-0.018037816943643845,-0.0005159588638459487,0.008249435684148081,0.0027837234070717124,0.0013714714267299387,-0.007527706140310279,-0.0061681452897679855,-0.0024534954728609583,-0.0036758943265177003,0.0002957142342560496,-0.0019634077606521306,-0.0044420838996897145
2021-08-17 00:00:00+00:00,-0.0071444138036999465,-0.020043381072331307,-0.010460268930134072,-0.0022140413624843615,-0.00515045251459914,0.0032089242855646554,-0.010942909644579214,-0.009097224840401135,-0.01420296238128007,-0.0036593861267493703,-0.006537601751091388,-0.0072439941370263435,-0.0017010712246196612,-0.0008582250687233367,-0.0003001906026518335
2021-08-18 00:00:00+00:00,-0.012530112742667864,0.0001932481261692835,-0.010405411092725097,-0.02335620910794299,-0.012697210500988517,-0.012214977593189041,-0.01022484921256377,-0.009464687495625023,-0.00823993765299767,-0.0078026901585921725,-0.004695220275931216,0.002081500699361729,0.00019985142994347836,0.001220909134165571,0.0015299588792961818
2021-08-19 00:00:00+00:00,-0.005004990608385896,-0.002342222360909283,-0.005223063217457225,-0.015939990687499718,-0.0024124361528991374,-0.0005246727649186424,-0.004322801987345991,0.005238789386287519,-0.012491556385445744,0.0002505504154948733,-0.007102268673729838,-0.007656264033915103,0.0016782867242671278,-0.0002483101501033773,-0.00476234759587308
2021-08-20 00:00:00+00:00,0.01169067167732066,0.008505033785600252,0.0036557096972774975,0.004893570864708952,0.008319191174933703,0.005957710271112819,0.005649984182886831,0.00915712889143882,0.009930991932783764,0.005026438081312045,0.014786527488556016,-0.0002073270539797124,0.0013568488605497583,-0.0007537803500322323,0.0014153527490890242
2021-08-23 00:00:00+00:00,0.012139387327955307,0.006305967313104038,0.008935050555984966,0.03366217784613121,0.00714888682655131,0.00483491298369965,0.008296235578441008,0.013981306091457577,0.010463194747781762,0.003440859782859488,0.002140371827451708,0.007207844775750218,0.0002034174633944168,0.003904180630365624,0.004927781038186196
2021-08-24 00:00:00+00:00,0.0013170091656987673,0.012421080933760072,0.0010596931373065982,0.0077045214197392405,0.0036894266281180385,0.005204601593754629,0.004837519782049597,0.002558160761202109,0.004934653854698774,0.0020227955326425776,0.00046354696295117573,0.006523060269032524,-0.0022346532368761945,0.00014901845612169153,0.0016843270424581423
2021-08-25 00:00:00+00:00,0.002248229046787766,0.008849834486349416,0.00664219537340144,0.005406974316881643,0.00791996032916169,0.0037915104047835323,0.006011802657547239,0.004924696966014596,0.0011458567751618702,0.001007147088042691,0.00725621893733994,0.003951626938374861,0.001968692833810106,-0.0014981326569106015,0.0003571006276946818
2021-08-26 00:00:00+00:00,-0.009692834699871738,-0.012815435821988254,-0.01552428634608169,-0.008424999903116308,-0.006768782707421242,-0.00811044854615479,-0.005660269507746687,-0.002831622777502544,-0.004322648721341572,-0.0030370310393601574,-0.007528207239491881,-0.004026441092662716,0.0018746268110931118,9.640422574585562e-05,-0.0015254665499017939
2021-08-27 00:00:00+00:00,0.014885335067572584,0.004982181416705163,0.011614648803304983,0.027804964413717034,0.011088848527526918,0.007113295196661209,0.009441179508996414,0.013573657803875499,0.011458121659224142,0.012434626441452755,0.00752633052103179,0.006329928970755533,-0.00020238312226391567,-0.00019500293025772383,0.0020097324384692767
2021-08-30 00:00:00+00:00,-0.0013575638689026974,-1.8569926926830394e-05,-0.004694387267702764,-0.0009665745517277715,-0.0075409675088531055,0.0004170127601611449,0.00042485510166971206,0.00247541508745896,-0.0015314621323619096,0.006710565195012738,-0.0035350423966931986,-0.007333169211726431,0.002266194759711576,0.00017205020714356639,-0.00045970268158406044
2021-08-31 00:00:00+00:00,0.004657113003631714,-0.0003069327330768874,0.0015514489750834126,-0.005028768601989689,0.0025021648075285448,0.002775633989319269,-0.004007014013604148,-0.0012547094621523074,-0.0045305758328219444,0.008034385961632506,-0.0021269635611816965,0.0008042803855727245,-0.003168594846075516,-0.0007339792477380708,0.0010287285310707195
2021-09-01 00:00:00+00:00,0.0015455631419135688,-0.0011633290114928569,-0.0005623565017073666,-0.009094779890548629,-0.0009571908161591144,-0.004065403825681147,-0.001901042738468155,-0.003808761032596986,-0.001048543240364047,0.011674767827485258,0.008361405179766579,-0.005617628237486035,0.0013756639938544424,-0.0014768612168322374,0.001446619812387131
2021-09-02 00:00:00+00:00,0.0012258852207890495,-0.0035221165472831373,0.004255115167909052,0.02437614091873282,-0.00011675356934060112,0.013219706265067143,0.012598530018113218,0.005563533898380021,0.0035369183544096882,0.005667319689406823,0.009423803334408738,0.001988168625687872,-0.0005275311941367537,-0.0011603685915140744,0.001232414740351834
2021-09-03 00:00:00+00:00,-0.006727447627525018,-0.00624819500669881,-0.005477138018808427,0.0015261336459378627,-0.0019428108700621691,-0.003896001951966566,-0.005010585102262677,0.0015364118178221155,-0.005136026081026499,-0.0008541659480603269,-0.007378949629276402,-0.0043073124930793575,0.0026490198368711543,0.0005587147680335769,0.0014881885439091956
2021-09-07 00:00:00+00:00,-0.008084103235749377,-0.0024421713646485136,-0.008248900476768375,-0.014936260000265978,-0.007173390198147339,-0.003301681990774335,-0.015445074085282584,-0.010603232360272198,-0.00912875605203391,-0.008287115877610227,-0.0077449229203949334,0.00303183904417861,-0.0018225352996903855,0.003960972445224697,0.0016913317886781047
2021-09-08 00:00:00+00:00,-0.007078608878728434,0.0035698860548992726,-0.0007440412358702274,-0.0007545782275174349,0.0017624469227625864,-0.005215673036477117,0.0016124749066487624,-0.004852052452120104,-0.007406824945410371,-0.0011753090999415885,0.006360364568729014,-0.006924027552861827,0.0007536233825213615,-0.001463277148780458,-0.0032854690055439343
2021-09-09 00:00:00+00:00,-0.005824823731373679,-0.001839750375858756,0.0012637194199791512,-0.00818128291282684,-1.1577764702653875e-05,-0.006424617924219276,-0.003373793030965402,-0.00012769304724760417,-3.545288121234853e-05,-0.01249681981583562,0.0017959688872948181,0.004857760374074119,0.0007079143499420588,0.0018564235589985112,0.002781588892490981
2021-09-10 00:00:00+00:00,-0.0048125288993030365,-0.0022078364317806363,-0.007318210343319737,-0.002140826554967561,-0.008732780890991847,-0.011141112245269386,-0.00592037754041946,-0.003433128893945818,2.5781854327473405e-05,-0.01376435365504323,-0.01697743963188944,-0.0008600060087648281,0.002204107642335857,-0.00032717715598653044,-0.002445672458080947
2021-09-13 00:00:00+00:00,0.007076360555988734,0.0034558558021741182,0.009878017154742534,0.021302639114621363,0.006247931752659637,0.001970524239042911,-0.0005829205081995426,0.004408268302136191,-0.002456619489685048,0.010735042685451088,0.0031311431287487984,0.009398272566491006,-0.0065642973233680825,0.0010075776755075986,-0.0008258028310480974
2021-09-14 00:00:00+00:00,-0.015700740446046378,-0.004977678431657177,-0.009532227536439394,-0.008348303946044949,-0.01008899901009499,-0.004312594531886291,-0.01047781894701712,-0.0039598328432639655,-0.011173668143485712,-0.005864168703665354,-0.006756807293132871,-0.005344782372357494,0.004079928809601671,-0.0005869447971205664,-0.0007217679023915368
2021-09-15 00:00:00+00:00,0.010409401111535752,0.0017970772527481818,0.00854700945004407,0.039692041636530916,0.009502267240415753,0.009001747727098004,0.009186615876339545,0.007568088695822021,0.013240017552247765,0.0038990253945738653,0.0033335621930493794,0.0033360817889683233,0.0021857730330149166,0.000653027255840826,0.0007464309915784341
2021-09-16 00:00:00+00:00,0.005035989718159339,0.004803147147220628,0.0016672553106723874,-0.01182890600929898,-0.00028550146252722926,-0.002544939758743299,-0.0062892800732520324,0.0008994593332148,-0.013038979374182684,0.002599671927352266,-0.0062431736773576494,-0.00015490213712079427,0.0015070761720708595,-0.0002679937594863213,0.002779464675846904
2021-09-17 00:00:00+00:00,-0.005449638552757737,-0.004702939670894159,-0.006223541858855595,-0.012176776781146492,-0.007364947975507406,-0.00018363815183755752,-0.011312195908106075,-0.013786198436864686,-0.023813637602191694,-0.009603322576537052,-0.012992462665406575,0.00017235715622818527,-0.0032463404288427043,-0.0006195412743410069,0.0011158400051849253
2021-09-20 00:00:00+00:00,-0.017076678465375337,-0.014331056927100622,-0.018323443657092087,-0.024292996233384167,-0.02100846759394731,-0.013586859299110098,-0.007303344230954242,-0.015253777951455195,-0.017634920619641427,-0.006381330114725839,-0.011605850254449133,-0.005488143418477635,-0.0023364352504072526,-0.0006192691465566145,-0.0015647948039141301
2021-09-21 00:00:00+00:00,-0.0033201064593526113,-0.002263244067117689,-0.005307591941577483,0.009764195454637426,-0.0006894071171559106,-0.002355923592782012,-0.005825150357937801,-0.006181592567861354,-0.0034257635938940135,-0.0018507645094625127,-0.0008417149425576254,-0.0020158824365476926,0.0018556243064585176,0.00010576876218393576,0.0014555015130672077
2021-09-22 00:00:00+00:00,0.02068322919981289,0.015245908016311139,0.011871003645174003,0.02283420347101594,0.008090241802843125,0.008369709383228025,0.012781733048491072,0.015360147815085825,0.013928049722486282,0.014430396726544517,0.010203202139127225,0.006628067435566421,0.00033652687141384665,0.003004303400517286,0.0016033008856058796
2021-09-23 00:00:00+00:00,0.014006208411319013,0.010468542012378047,0.012885500232948002,0.021844216057156224,0.017295538288259228,0.013783281287324858,0.01451382506072486,0.01268989797429994,0.014205905950149138,0.0037482364833684246,0.002351758786233096,0.008690396919715841,-0.0002655406941503716,0.0010311632579867239,-0.000221750487288337
2021-09-24 00:00:00+00:00,0.0053501294419052575,-0.0007126428156088978,-1.576794806203109e-05,0.00037316596146609246,0.002913287427327693,-0.0014039572000814023,0.00012104355672949748,0.00238664911565123,-0.0021316229274499967,-0.009653406566300406,-0.0004008309247868226,0.0021414567859473982,-0.002892118998020519,0.00015315525478043599,0.000704078630647042
2021-09-27 00:00:00+00:00,0.002155686928451051,0.002316168825470884,0.007930048057226809,0.024777256699498384,0.006840606595019548,-0.004475937432876715,0.0011120444654090043,-0.0030241386712805073,0.006135118754792767,-0.008215868721491075,-0.003930072195316019,0.011603673517932078,-0.00709064602243917,-0.0007410998949259244,0.0010527113929921289
2021-09-28 00:00:00+00:00,-0.014894559396227474,-0.013626488281909226,-0.01073398068833183,-0.014642397137144157,-0.016460724339032246,-0.015240580277281417,-0.01481476973547308,-0.024585647987591924,-0.009720533280003673,-0.007689608070514227,-0.018144699934272746,0.0014198559599177974,-0.004875461333901546,-0.0011653921105604943,-0.003429397059434342
2021-09-29 00:00:00+00:00,0.0013790782282408682,0.00014663459187343295,0.009230975448840089,0.006025235161177334,0.0051964434178775115,0.0009261174734392096,0.0015192434778157694,-0.007069876721779108,-0.0015023619767091053,0.005402317019064749,0.005837045605565993,-0.004850245304736644,-0.0007745057677711711,0.00013722382478965488,-0.0006964227285876216
2021-09-30 00:00:00+00:00,-0.005371578571845086,-0.023120045089036322,-0.02146945123579559,-0.005010221022796832,-0.014259632983782373,-0.016775420399937457,-0.01714043222074873,-0.006544688037134236,-0.012494242569943432,-0.015827787771192533,-0.009379819226226762,-0.0035713874314453244,0.00022885152458376658,0.0018292226770761331,0.003313208447496243
2021-10-01 00:00:00+00:00,0.019056615896284105,0.01066815193606448,0.007204799912906488,0.008611542147931476,0.0121916475727609,0.009092406844500411,0.011835991780212596,0.01183508481243021,0.011419173666713738,0.01833171070860687,0.0010148109896666335,0.009145763010897808,-0.005861614685292218,-2.0093800526869293e-05,-0.00027499064415470887
2021-10-04 00:00:00+00:00,-0.0050573361580501216,-0.004835135626195341,-0.004068603496588278,0.017057238018428535,-0.013090695707978514,-0.013700091926929277,-0.008932459316603882,-0.01592684171439227,-0.005635235629748048,-0.0018990844433866155,0.01107641994670195,0.001698912625478233,-0.0028204583169937182,-0.002639864238149172,-0.00423310281223279
2021-10-05 00:00:00+00:00,0.012585514128140398,0.0033694438585499136,0.006970115418874967,0.007552157259642043,0.01790798649577149,0.0027173855252438156,0.010511229498749074,0.010441000526090982,0.0064984903153139486,-0.006042759579733182,0.0014552510949601793,0.00025246592725760566,0.0036702880573892148,0.0004399507262130612,0.0006647350046386274
2021-10-06 00:00:00+00:00,0.0021310238631641193,0.003553615322897723,0.0031331042751002822,-0.004377547158122484,0.004543324387624085,-0.0010732225065922917,0.004272763165710694,0.0024168871830445547,0.0015067733906955591,0.007895504497541868,0.01023000736005159,-0.002860320108678315,-0.0013465130141105805,0.0017837503223671494,-0.002522449281668309
2021-10-07 00:00:00+00:00,0.0056249046550674855,0.010015441225024256,0.005705167914076781,0.009551683926166664,0.008479259259249283,0.011193259966649764,0.008598743984308271,0.008733258439530524,0.015686701682365627,0.0012497623856910778,-0.002679383546682627,0.00037781572898067583,0.001369977646608898,-0.001328251291235016,0.0013830248032007872
2021-10-08 00:00:00+00:00,-0.005265685499987613,-0.00487507465592631,-0.004171053288315446,0.025797003811471767,0.003796562350283916,-0.006310990080626159,-0.0045188010168449345,-0.004475395723012109,-0.008631971059414403,-0.008389936096938397,-0.00811885993961287,0.0009245628401716409,-0.0032584131606164437,-0.000529646672418498,-0.0012744198987023365
2021-10-11 00:00:00+00:00,-0.01286354005483378,-0.0066104297166148214,-0.0011216808761630804,-0.0024450890151936733,-0.008540026210623752,-0.007221600175066721,-0.008174468074067812,-0.003992533132832865,0.003375830450248554,0.0012860829248720587,-0.01281664262584703,0.0001637549194012729,-0.00013612491593508196,-0.001092739218336517,0.0007091223870930286
2021-10-12 00:00:00+00:00,-0.004986215173351634,0.008758913627010229,0.0009109661610246589,0.0032401054748328333,0.0005963647857122074,-0.005675628443286468,0.0009068371181373752,-0.007534035362043357,0.0007715094608227769,0.012096643351794552,0.009214699463929733,-0.0022630774351514683,0.0019383533688570754,-0.0008249806206862033,0.003011695746393099
2021-10-13 00:00:00+00:00,0.005283881693837155,0.0037699743200231865,-0.0007587152659797878,0.016543500228207005,0.002673110850961797,-0.004823184678109349,0.004934427120414572,0.003043678603285075,0.006420122783819161,0.006080244960469826,0.010128067224958098,-0.007571648336688253,0.003736953007566473,0.00042290752537423244,0.003419908008762974
2021-10-14 00:00:00+00:00,0.013606964655633363,0.013265126848044536,0.010877853500094865,0.015216619590297676,0.016599448502985593,0.016166304514166202,0.021004210810151396,0.022867561804327124,0.022577597154953503,0.013302631915799789,0.01239290949435629,0.0010273314798886846,0.0013101327043045612,-0.00030821091324906985,-0.0013435083127076742
2021-10-15 00:00:00+00:00,-0.002237552610527689,0.0021724352174273716,-0.0008549266837062169,-0.00013031220301556957,0.007369778007310473,0.002064171172162401,0.006871406453629019,0.0006099079627194106,-0.0006538513034276825,0.0014143547063990292,0.00168533686060814,0.0024053208342858074,-0.00040260228409327457,0.002476537735621393,-0.001144456263965451
2021-10-18 00:00:00+00:00,-0.0010418694356863472,0.003508082102024263,-2.9018475607505215e-05,0.006482441358526501,0.0007123990850050495,-0.0070372015375042545,0.003849325853830004,0.003060201294425865,0.0034255233533341278,0.0028136939748819186,-0.005185278595013786,-0.0012659597155772018,0.005690082734530879,0.001139845031007183,0.00140652234257453
2021-10-19 00:00:00+00:00,0.005484393094590315,-0.005316345060949774,-0.0030266403644617352,0.01156970482908269,0.011859836605364367,0.010658344820553346,0.006122699744479724,0.010534972266838775,0.004707630475636676,-0.0012807339282984624,0.006331302985185567,-0.002399079243226363,-0.0005903197502709634,0.0002857184658719078,-0.0006820129266493329
2021-10-20 00:00:00+00:00,0.005883825159628846,-0.0003547161609861586,0.006198418256708136,0.0033045035390915868,0.006597375589562861,0.015739434565421744,0.003508571706778673,-0.00011978468693573665,0.008131629287903392,0.011790677409454586,0.014665425486465981,0.0025365621521817538,-0.00010970912712249595,-0.002274443568434058,-0.0020998154178103043
2021-10-21 00:00:00+00:00,-0.005946544022990559,0.012935624192305682,-0.003289794784920117,-0.014348675466819562,-0.0009527740410048892,-9.251734197899034e-05,0.004138430103643836,0.006414390340033552,-0.004479397483275454,-0.0030959627788996955,-0.002793839391348155,-0.0039213043899210985,0.0028308136884334025,-0.0004232366983722008,0.0011695658923037778
2021-10-22 00:00:00+00:00,-0.0029973470861886595,-0.0012287296141662006,0.007310793525085113,0.014361170737077102,0.011461695489189865,0.001374506711736825,0.002507014758230996,0.00047311634947460246,-0.00035245889109247964,0.003363860109182152,0.005181029961297037,-0.0012393550659674012,0.002437971064687502,-0.0011278050837450918,-0.0012601888865958254
2021-10-25 00:00:00+00:00,-0.000977334622243655,0.001579441837117058,0.004129003718705282,0.0189671324116071,0.0026055710004842907,-0.0009438050638556698,0.0036292248589514637,0.0022201668983253507,0.016206832755449138,0.006905812687776097,0.00446091355595319,0.0002760254328874718,0.0024891990880012895,0.00328157870667162,0.0036231937212084157
2021-10-26 00:00:00+00:00,-0.0023075301543771824,-0.0009124596961048298,-0.0005221593322246028,0.0016493883255972632,-0.0019045943276908485,-0.00021762938919935322,-0.00649647100531174,-0.005666880838985173,9.026371162775802e-05,0.003038478531024088,0.002254626486399689,-0.0019956891349642513,-0.00021739732666136767,0.0013163311909317908,0.00016010183927136058
2021-10-27 00:00:00+00:00,-0.011556291087618367,-0.0029812915008848306,-0.008245821131967559,-0.027266521907538026,-0.020742844837489144,-0.010521678794318009,-0.012072794871791137,-0.011252984591519122,-0.01623039694520777,-0.011860840788877442,-0.006342804407267911,-0.0021909418536065354,0.0026382062235998983,0.0015951396672036744,-0.0024322433379611696
2021-10-28 00:00:00+00:00,0.005740995978484861,0.0015391204018129776,0.01104183866475143,-0.0021554170755264702,0.006669743973744194,0.008056555459790369,0.013419272891313946,0.011295503076516908,0.011661519494365793,0.011706236896441714,0.00846032810436285,0.002239648919895096,0.0044023620803345645,-0.0020632554535972873,-0.0008721071993730148
2021-10-29 00:00:00+00:00,-0.006242692424511816,0.005419205110850067,-0.001991105275848882,-0.01010082102202962,-0.002003726408827426,0.005821092957649798,0.00400071071093633,0.0066596783654250796,-0.0012958989603872092,-0.007744381626952763,-0.004211225459149439,-0.0035412009296158,0.003394070565946882,0.0012221144999467175,0.0013061862067928788
2021-11-01 00:00:00+00:00,0.009127055710546922,0.009767674934319919,0.016238906356670708,0.009981995988390403,0.0022779915547120975,0.01188823137617072,0.0021834545415810175,0.011589914185973802,-0.009889842504963718,0.006779438160184376,0.01187197361183917,0.010199824409449228,-0.0048341061754599976,-0.0019748905242768563,0.003749174844405875
2021-11-02 00:00:00+00:00,0.004349064636668046,-0.005077050615610184,0.004785585620670787,-0.007333084792331639,-0.00025688623185278654,0.0004470286947875356,0.0052395618215387435,0.012075355377642887,0.0018621556408694952,0.004434704420726516,-0.0015957354175003594,-0.0003448337746820528,0.002146396822213921,-0.001292443619870175,-0.00226323336870656
2021-11-03 00:00:00+00:00,0.005722892593343707,0.016182458807413317,0.013886339848564919,-0.012625334751836005,0.0062778152192373956,0.009574028443067697,-0.00036853163345005897,0.008662656332973393,0.012576575645812542,0.014168530804178243,0.0022369134768173747,0.005071655863405542,-0.00485007383404917,0.001377237102935313,0.002404558550198943
2021-11-04 00:00:00+00:00,0.005619489712614441,0.009040933245343056,-0.003656134062583364,0.0039175412040718055,-0.009477786903444533,-0.009951984996561334,0.006351552052386657,0.014010187354856686,-0.002290318590436334,-0.015851185509431615,-0.010593424418916388,-0.002480759454282223,0.0033947112629295895,-0.000175398967162412,-0.0014479270050156631
2021-11-05 00:00:00+00:00,0.01142610572667707,0.01882324679331596,0.012835115378548596,0.002948598897780094,-0.0022570794498623426,0.0032988442083434623,0.006204876018941888,0.005425535624683159,0.002271713966618205,0.012324121086217442,0.01671088736712636,0.011647403704412291,-0.006477366388265763,-0.0013893269150556352,-0.0012272197982780928
2021-11-08 00:00:00+00:00,0.004311482188035717,-0.008078067449204834,-0.006352947546193503,0.011637348877887563,0.0045960891918157545,0.005795273023470979,0.003533285869370184,0.004607741536224121,0.01619404254855699,-0.0026967377604451997,-0.013279551791328607,-0.001857325232838504,0.002024679569111167,0.0008069188995638403,0.002279122096867969
2021-11-09 00:00:00+00:00,0.004861409363669162,0.00702867479583261,0.0014963769737709783,0.002757133806557195,-0.008138888809559007,-0.005214392018316215,0.0019873822114898337,0.0012314917051236755,0.0016300680355949989,-0.0018730007614926624,-0.0019988528182516745,-0.002206834412647731,0.0015207573943888382,-0.003225775242108814,-0.003138616606073872
2021-11-10 00:00:00+00:00,-0.004324643409321738,-0.009317983440092548,-0.0036290542588341933,-0.027391337048011527,-0.0003674543099160036,-0.0008585957544617129,-0.0071860242368688085,-0.013226604379180204,-0.007338345510756524,-0.004882182286860556,-0.00035292518057291743,-0.0026060133944986563,-0.0031237376755012293,-0.0011596618976388749,-0.0033202581338754736
2021-11-11 00:00:00+00:00,0.005005570267179189,-0.00376991482080559,0.008670622951454958,0.005186991779433128,0.004566605932229835,-0.0008817995790437049,-0.0006911794662973318,0.009821710471697605,0.008641415737261725,0.004454631704082029,0.004933804288022991,0.0011987416011191429,0.0022354009076105442,-0.0004479002917117869,0.005815268118513157
2021-11-12 00:00:00+00:00,0.007219137214552269,0.006888624675296657,-0.0006834217446568209,-0.000538786624510855,0.004710072746876423,0.00421036356383979,0.010270278475513527,0.007705056871614434,0.008312976622318094,0.0011722303016637884,-0.0035911676075148446,-0.002323816291910948,0.0007689898609524026,0.0005908807894672093,0.0003527177083867813
2021-11-15 00:00:00+00:00,-0.009498147644642544,-0.0005135541542093558,0.010728034070828061,0.009336355424413391,0.0032057690612724717,-0.006837498386532729,0.002655904523033558,-0.002710837539817574,-0.00316518898249159,0.008411740328480636,0.014897838555034735,-0.00032713143538838196,-0.0015922803249664756,1.9316942164651543e-05,0.002032123136771891
2021-11-16 00:00:00+00:00,0.009917475136493145,0.007371272272779774,-0.0028718687531666676,-0.002350242226766509,-0.000164739303439124,0.0053213380537191065,0.0019530251705146763,0.009292047495070054,-0.0021807765635354012,-0.00932707341634865,-0.004185768498111971,-0.00207374689559006,0.004852390689022679,-0.0004643245227542916,-0.000898272795032165
2021-11-17 00:00:00+00:00,-0.009060078808610622,0.0007043379080465132,-0.01043878707260207,-0.022680974535288664,-0.01149985804647229,-0.003040329075752876,-0.005323766586024484,-0.0039667538369101436,-0.007636065813697183,0.0010552831071435854,-0.0035009411911217482,-0.00227324170127295,0.0010393522897770488,0.00010718734386366792,-0.003337349675871541
2021-11-18 00:00:00+00:00,-0.010531761887306543,-0.0014715445229072138,-0.002370816537815791,-0.008061440998509249,-0.007415479573305788,-0.0010035383668074256,-0.0013195570949247036,-0.002719216000744077,-0.0032709188233146893,0.0004650229632288303,-0.005166476592317086,-0.00040203158809555035,0.0038594421907006374,0.0013018677317324996,-0.0022438185713953853
2021-11-19 00:00:00+00:00,-0.014561578410765885,-0.005476526124358704,-0.004454444187339641,-0.03016728210577009,-0.006866010046887231,-0.008728122234050612,-0.0014936927514368828,0.001923815965690112,-0.0025544521867448644,-0.009024455606143808,0.005378557784223909,-0.004709563215186035,0.0015994226633708167,0.00047909495352966777,0.002199508799032867
2021-11-22 00:00:00+00:00,-0.0045247358911187025,0.002580352940180295,0.010889917071750289,0.008658336705318206,0.0034873501753478727,-0.0017535200353860634,-0.0003968431433570359,-0.011001498152245201,0.004649607005514944,-0.005349848553773408,0.006900271015335103,0.0044410296380880425,-0.0019469081185420351,-0.0013192610635284242,-0.0038497664217651915
2021-11-23 00:00:00+00:00,0.0006566803620672878,-0.007530963556939916,0.007883116587374037,0.032388703502916415,0.009663820815726344,0.00018074534495652207,-0.0008288614096891261,-0.0031123919700353124,0.001941739097617206,0.011084074272351304,-8.667183945495517e-06,0.003388848040162008,-0.0028827530046827295,0.000784924606836484,-0.0030319599517665444
2021-11-24 00:00:00+00:00,-0.0014754008069662577,-0.0024292403072386118,-0.003866249016422985,0.014503823834149358,0.0009797376162444997,-0.0013747981236959706,0.000748334099798898,0.006271506164372409,-0.0070516057090735055,0.011280319668467119,0.0026323220786580006,-0.0019790481972023835,0.0017998182039807157,0.0008800064823049282,0.002460132080750489
2021-11-26 00:00:00+00:00,-0.026774613920334676,-0.033106391188782724,-0.029049797015324643,-0.025149958042544197,-0.026626702835006823,-0.022866063204359934,-0.026652430021688767,-0.02472996808455711,-0.013598586613764028,-0.03522300927669942,-0.03088356919651224,-0.01725564173208212,0.0038313271987767353,-0.00022143712435925694,0.0029495565705187424
2021-11-29 00:00:00+00:00,0.004928287770212482,0.005867236327825683,0.007976158469391653,0.007927475013076044,0.006450359754315507,0.00508433216367017,0.00901389713569428,0.028742761955478854,0.0076662979868538225,0.011859437397909534,0.020381180637876577,0.00025679754185936067,0.0046565798447207795,0.003322961166822929,0.00013516569397462475
2021-11-30 00:00:00+00:00,-0.02121055924088833,-0.02262381438768963,-0.027391010602848723,-0.023014744614671033,-0.023245446572930876,-0.022255673232672638,-0.02561842020443878,-0.021003153857779892,-0.025987729793735575,-0.021239414028288564,-0.030732649939787186,-0.0010091546413108785,-0.0012678715351415579,0.0016134517186012672,3.4101855267880746e-05
2021-12-01 00:00:00+00:00,-0.023539514454355644,-0.015012542402921545,-0.015561231837145657,-0.013616482413554318,-0.016331765271950634,-0.008450455048088064,-0.017992921334442108,-0.007398017467261428,-0.013810730558860583,-0.022415340979256366,-0.013510782719512471,-0.00046068396020206535,-0.002593295687260325,-0.001835548406627141,-0.009211222931656535
2021-12-02 00:00:00+00:00,0.029277001631470304,0.030920563242188878,0.018160333353030734,0.01739500473962814,0.024999924616586323,0.019872014720046634,0.023794474131456973,0.019635012145159943,0.0152161460207391,0.029683543720462467,0.016593102961461555,0.0076489231854631225,-0.0015050115456040174,-0.003842462309725167,-0.002773973410933113
2021-12-03 00:00:00+00:00,0.005511721462225183,-0.008365120880758827,0.001369098684521894,0.00024144270157275413,-0.013713479488664576,-0.007889035467558592,-0.0018953226154104046,-0.006565159978966763,-0.002003760359863262,-0.00863631572847425,-0.0007491346799377999,-0.0039756119553074724,-0.004643474984202599,-0.0010407043159634689,-0.004122073339826978
2021-12-06 00:00:00+00:00,0.011375471837656642,0.023058991644202408,0.02231034498836242,0.0050586853939883145,0.01219029318445078,0.019537867458275127,0.012096379858954703,0.005006518792592873,0.013690095732497317,0.018286716010486762,0.02053487240170474,0.012858785559883384,-0.009295175503957325,0.0004711242323429954,-0.0026366378321695805
2021-12-07 00:00:00+00:00,0.007022770043413385,0.014345201822882089,0.007133079012884677,0.0266746696408793,0.017095546147868807,0.018699647534536682,0.014096242582067348,0.030230068998429154,0.017657559395448993,0.01902985863184032,0.017202266945355166,0.0005598012314081231,0.007291922749868485,0.0022480906252098747,0.003916948027321862
2021-12-08 00:00:00+00:00,-0.001886242222024247,0.006929411437295115,-0.004220992308849349,-0.005786844067617352,-0.0010293000217943093,0.008738263149181628,0.0029402906453098567,-0.000838140923814264,-0.0011378301575969924,0.009115962956654207,0.002081879621771765,0.001228723976800989,-0.001237810936805754,-0.0009612916275830745,0.0027113608578265
2021-12-09 00:00:00+00:00,-0.00809200691263237,-0.00685296189163782,-0.004109615695263243,-0.014983882022917122,-0.009111107413887452,-0.0010940071458837586,-0.008373029240701135,-0.004106454140177495,-0.006602934753022238,-0.016145868044992278,-0.01166152641812086,0.0011512097585533905,-0.003204824316764976,-0.000808946571701971,-0.006703491040346493
2021-12-10 00:00:00+00:00,0.0033977737277365062,0.009132230394097935,0.012392508286586942,0.011079375855578893,0.0004588931555291691,0.0016906117705124712,0.0038393092659862863,0.01040489724786101,0.004746724340017429,-0.0009499432332552053,0.0019363342751169597,-0.0014070538528423164,0.0022153614330994807,-0.0007611244746968983,-0.0038690590134402587
2021-12-13 00:00:00+00:00,-0.009286049950891724,-0.0184640745235279,-0.00026259466531051816,-0.013718617904315758,-0.005574433733393417,-0.0042470612687009555,-0.007550515013196867,-0.005507578692366512,-0.0028448742913436756,0.005321141491090178,-0.004180090106302911,-0.011169876088483792,-0.0019655762584703633,-0.002744579872361076,4.643178823027054e-05
2021-12-14 00:00:00+00:00,-0.005092842168422277,-0.009124629703548024,-0.0018609202190501134,-0.0045491228698453685,0.003333051682867373,-0.007433744509311472,-0.009045745471386347,-0.013340193223124307,0.0015811885949620554,-0.01109674087026038,-0.00548925842493815,0.0008211330959917765,-0.0038682317592862617,0.0015334073896982638,0.0004255429713361375
2021-12-15 00:00:00+00:00,0.004895123878649952,0.0039183583727730245,0.00989632355596528,0.0005877198434900342,0.010792187037450413,0.012106198743347141,0.012679118305508184,0.025008905913427224,0.0006122493807035863,0.01637599746643187,0.019711259890051423,-0.004507263423940935,0.006434796022630435,0.001201782518253821,0.00200931518699469
2021-12-16 00:00:00+00:00,0.0017149785825529916,-0.011437736344205841,-0.005580466753403925,0.011352399191894512,0.001747269931896019,-0.00365193359828792,-0.005067333635513353,-0.01658968265806111,0.012949553085749438,-0.009195473694330294,-0.012931281841967533,-0.002952819379289523,-0.007077158793016135,-0.002552981114747152,-0.007868145626788399
2021-12-17 00:00:00+00:00,0.005599137434367742,-0.007346795013990314,-0.005051881664291114,-0.019624388881538293,-0.015770896870824776,0.00375965450796401,-0.015301085957597313,-0.0008307615823603962,-0.009966382483514398,0.0047794837654777985,-0.002757162856189394,0.002754937710782754,-0.0017875699548990536,0.00014428170291291668,0.00990220867509548
2021-12-20 00:00:00+00:00,-0.00629142892513331,-0.011863872256663344,-0.0066054164164981565,-0.010774902560411291,-0.01929155689819396,-0.012976132361251275,-0.013951093276718932,-0.00866038137582713,-0.019851825758940025,-0.010284196851097042,-0.003038813616268414,-0.002621214424707893,-0.002051578119127127,0.0018224209372549541,-0.00017647884765609537
2021-12-21 00:00:00+00:00,0.02367395085644947,0.0217026929548364,0.01426996344571768,0.014982657869733976,0.01847755704250923,0.022911472981258257,0.01852349439254028,0.017809508658448516,0.014693346107653063,0.02021226103895521,0.017158240458838837,0.014943940342872499,-0.0009584301274365545,-0.0009026384228756554,0.0035039033610960862
2021-12-22 00:00:00+00:00,0.00666011705636519,0.014231118663494705,0.0070651501827319624,0.0006398835866024162,0.006920609143484027,0.013820065795037154,0.00542287176136878,0.005820969201244806,0.008405542463567698,0.01097082789096343,0.010284663058056791,0.002349863183326203,0.0018504182655359955,0.0009726566253002739,0.0008115042492102872
2021-12-23 00:00:00+00:00,0.009003948625814375,0.005090131290726529,0.007606270905534776,-0.001184404642136839,0.007308946633771805,0.008952324795756701,0.011303039274632255,0.005987996474319765,0.008194318992570867,-0.0023209538052183358,0.0026298400472089234,0.0021600457082743907,0.0001849536489451207,5.62710529188608e-05,0.0011471361567882044
2021-12-27 00:00:00+00:00,0.007299328383941872,0.008819700362101036,0.00881615150088753,0.025821538037354843,0.009226287723452313,0.010213861891587957,0.011082711500044133,0.022933311149365688,0.014416910624263979,0.01505446407984125,0.00605490435521948,-3.996546378278766e-05,0.004792027695165492,-0.0013101360171076538,-0.0015526067463051295
2021-12-28 00:00:00+00:00,0.0008817811769258558,0.002445897117918142,0.0037769731590843996,0.00436241470149064,4.6125931871743124e-05,-0.0029528702705311676,0.003484357836839345,-0.0014373628150307185,0.004163903184042016,0.0020932454801594943,0.0017912398402507319,-0.0006958341570510276,-0.0028550355298754505,-0.00041058731239239496,-0.004192552833764351
2021-12-29 00:00:00+00:00,-0.004020195971803929,0.005631620160353335,0.0020832163685627994,-0.006094890258793525,-0.0027597799862346672,0.006339963714018428,0.0014646284466653672,0.0050486166775067605,0.0035198788750418313,0.004212608195658087,0.0005028246910978032,-0.0017060307975121135,0.00031987601949332446,-0.0015509065126946041,-0.0021905221698215356
2021-12-30 00:00:00+00:00,0.002715689415860899,-0.0007915209061680442,-0.0018348360257657336,-0.00771450144547912,-0.0002906513215753649,-0.0004379696617422123,-0.0025793200529373407,-0.006608338332449674,-0.0038885423483306365,0.005337585415306664,0.0036969555271419065,-0.001407440758952476,-0.0006892157822978682,0.000332763287085452,0.0026538800132694593
2021-12-31 00:00:00+00:00,-0.007322310911076375,0.0031826111495522834,0.0059166490098485815,0.004163168670584488,-0.0021454512379072413,-0.005483708128681808,0.0038389356800650662,-0.0017462852171590605,0.0030862455463257677,-0.0007523397887089326,0.0013054160209309195,-0.0009951178878551223,0.001684547338933385,-0.001351123718388538,-0.0021613244865900374
2022-01-03 00:00:00+00:00,0.001985019167559351,-0.0012569659547147592,0.00888140462794959,0.020772015943837607,0.004401341438593601,-0.001560620520163159,-0.010131163373461729,-1.6644077205411455e-05,-0.007405006565658566,-0.0005114391709545212,0.0026051088430132014,0.009890531163574877,-0.009262822449620747,0.004980808742195066,0.001700123993706649
2022-01-04 00:00:00+00:00,0.0013587383855710954,0.006254699082123925,0.01219368452009672,0.02496517832844973,0.012835600259062016,-0.0031118822507644767,0.012047588177166113,-0.0025929766480093045,0.01395001521042485,0.0009479846796032703,-0.00400586771072425,0.009314107642702006,-0.0037934004622989276,-0.0018468171747785134,-0.00804854077585891
2022-01-05 00:00:00+00:00,-0.021176721642364484,-0.022806012313908434,-0.008421715719266972,-0.0072860909879998445,-0.014468065043435525,-0.018597470749390794,-0.017782025023007658,-0.02219529998988479,-0.003910339939485116,-0.029230913217126637,-0.015325466477169421,-0.0024448747240684594,-0.00626160009785669,0.0017110352278105773,-0.008046135368987017
2022-01-06 00:00:00+00:00,0.00526451451683214,0.00481397435519411,0.0031461200812650213,0.022993958510529704,0.013817687379138528,-0.007668882590123063,0.005474291552313877,0.00239180380766146,-0.008563998398526427,0.0010938480977411178,-0.0018709875586840799,0.0022877138812501313,0.00011686411229778213,-4.754143513582311e-05,2.6370758852597032e-05
2022-01-07 00:00:00+00:00,-0.007268298059961859,-0.016155029051775457,0.0019958217973091007,0.00991430677390403,0.005621722549282407,-0.007815429991324556,-0.0075653921690620905,-0.01569399746571762,-0.0007708459933192367,-0.0063206725565078,0.004675775777197715,0.002529681581677259,-0.007637289147746959,0.0002850538496180395,-0.0004866988840833298
2022-01-10 00:00:00+00:00,-0.009172610685874102,-0.013524920291063745,-0.008659319381818966,-0.00011657150565033019,-0.003445845461283353,0.006309125114358771,-0.005715751605682093,0.004651747290776014,-0.0114266824189435,-0.002334195018490739,-0.003405263918193881,-0.003675689445122698,0.0016027088450586476,0.000342351974713934,0.0034012503718346323
2022-01-11 00:00:00+00:00,0.012061528932092114,0.0089819236000755,0.008347738430162418,0.025069273377754542,0.010067005694022562,0.012289605569867317,0.007438419798018177,0.010224888562175887,0.010772400907753001,0.0035801162529651713,-8.701301073977207e-05,0.0070976945763302,-0.0012213985144813068,0.0004856659824751244,0.0015228611700830574
2022-01-12 00:00:00+00:00,0.004000751878550556,-5.459269003775589e-05,-0.00035450568282529,0.008475196992869317,0.0007702459602056603,-0.0026810357337785943,0.001557236234746132,0.00042396691246210415,0.010452281201344636,0.0032813601088604507,0.005130896461586973,-0.00028055168968981023,0.0023071335128576906,0.00010729907902535954,-0.0003120623317841887
2022-01-13 00:00:00+00:00,-0.002051966473915545,-0.0023674319541656203,0.0024279058236854104,-0.017056607062347844,-0.00965528044123883,-0.010067608272611224,-0.004854713667534998,-0.016650520293961843,-0.009180661984693635,-0.004840465680177223,-0.0020919508890789506,0.003344838625470083,-0.007438100679975751,-0.001932200870833611,-0.0078126781972409
2022-01-14 00:00:00+00:00,-0.002100665482103094,-0.008136441176008749,0.005474003934506099,0.0185739448051798,-0.005802446105953002,0.0026276954409531618,-0.009839634703274053,0.006988843522395998,-0.005015377860004605,-0.0070384286227920465,-0.000524056168444419,0.004692721819743689,-0.0038832154746194624,0.0018861385861671633,-0.0009282799669010182
2022-01-18 00:00:00+00:00,-0.02243734136696029,-0.015112065975295727,-0.02150693620804508,0.0020088776957114607,-0.018935791041933225,-0.022212891416217413,-0.015269300169786563,-0.0226534443181689,-0.011211723497373963,-0.013015847998687751,-0.019612984348128876,-0.004239865335444421,-0.0026547546872659807,-0.000985385041246574,-0.003592298540724268
2022-01-19 00:00:00+00:00,-0.006807591611016322,-0.012088719445581493,-0.005343414814383912,-0.009719523066263723,-0.015600575082261182,-0.009235195552048613,-0.011123235086363975,-0.014163658033392496,-0.0051624709428087995,-0.01645113918624786,-0.006911892241005239,-0.004897413166578653,-0.001770609611300216,0.00038599433628010507,-0.001984340428938666
2022-01-20 00:00:00+00:00,-0.025562259234782128,-0.018470875513439084,-0.017021174085850948,-0.018243742614183746,-0.010284518164841876,-0.010267547850931284,-0.01607845224131834,-0.01601498469776471,-0.023164256483936687,-0.014668436123329642,-0.007212390992534143,-0.0017901794096759332,-0.0019210842692763993,-0.0016188873845598539,-0.001119095584191444
2022-01-21 00:00:00+00:00,-0.014926563546616927,-0.008257958423269075,-0.010987116092156283,-0.01353964307450974,-0.02276233910930573,-0.011756009669369434,-0.012569951602924541,-0.011666173581047375,-0.020597353292554712,-0.008934081727310595,-0.017390425589927754,-0.005089867627262224,0.0002983671225694664,-0.0028476992814632875,-0.007217752364182164
2022-01-24 00:00:00+00:00,0.013718024886792262,0.01970660263968175,0.009034495957195804,0.008283559972551,0.00849264520096393,0.004669474382405022,0.011708931236094601,0.012526668755548526,0.0027010520383587426,0.0037780669530103907,-0.004215316045506899,0.0022676822243868407,0.0026120697614997624,-0.0027781396647103534,0.0025496641684362043
2022-01-25 00:00:00+00:00,-0.02093881544209149,-0.013594159760125955,-0.01248850858877908,0.030951425912517212,-0.007232849222393255,-0.01369848017971284,-0.01737266290624749,-0.0288931249928609,-0.0064589923259454635,-0.0044572140627433185,-0.006039431544922196,0.0029219716048750253,-0.004919084882475772,0.0036066473985642738,-0.0039563837218416446
2022-01-26 00:00:00+00:00,-0.010695263885825755,-0.009290591211619376,-0.005198093829407067,0.003726904880174408,0.0011629846874360045,-0.0007070485320525855,-0.00849931076688529,0.0002832672891063472,-0.00763508621600694,-0.008634284801175025,0.0021185505452570065,0.0034678437889331093,-5.1611817380446765e-05,0.0022023325573477517,-0.0014393173636228348
2022-01-27 00:00:00+00:00,-0.0008521047886533099,-0.011496665634391633,-0.0018114768757754112,0.011243849153671217,-0.0019788532476410015,-0.0075774648019021,-0.011927061841610426,-0.011088491490084814,0.0071564804145323735,-0.017562638345883216,-0.002797211524647084,-0.005681151343452295,0.0009916973845558812,-0.0006155414149788827,-0.0034087313739139024
2022-01-28 00:00:00+00:00,0.024963168772518418,0.016368658147985674,0.00930092274439048,0.0008033166133599869,0.0170826246726456,0.0238306239193184,0.010503849451542412,0.024551138887575354,0.008859749043796928,0.02833092528704185,0.014549293524651893,-0.0019707423396685595,0.0015219262963292756,-0.0010191830859877984,0.0034930571752835315
2022-01-31 00:00:00+00:00,0.01893212577347108,0.020046385644075928,0.015454376210233631,-0.00044131960432244215,0.01607861329928875,0.01406913829276754,0.01793621348057384,0.02384665983799648,0.012354047089757687,0.01879480743284873,0.025713808357353648,0.005072994867769286,0.0017808682883652263,0.0017418675089237133,0.009342862755598308
2022-02-01 00:00:00+00:00,0.017802002378735575,0.010511988915940322,0.011938863383308712,0.027028792276970966,0.009934018326727221,0.0085641624354667,0.007826295145201542,0.0022436765358926046,0.024422007747622286,0.0018608119513780575,0.0015462391872427881,0.00646670106907129,0.002123132878515203,0.0022147261807733427,0.0035812820951722345
2022-02-02 00:00:00+00:00,-0.0004520882075656621,-0.0012749125798884927,-0.0017985632212226274,0.0005588389483907476,0.0009938227575803117,0.011470506453024458,-0.002052754468133921,0.00644342233939677,-0.007993625660133844,0.0026062310595512833,-0.012189416705797448,-0.003910488591805366,0.0024627456786871,-0.005438428814773534,-0.009801504513556271
2022-02-03 00:00:00+00:00,0.00943181431544144,-0.005737856129951811,-0.004258839210974377,-0.0034419321693570843,-0.004296218162405102,-0.0057680404595338115,-0.012170190162889538,-0.01494422534590419,-0.005805006888942289,-0.006675213274404982,-0.0015052193442550664,-0.0018746703320187796,0.000915860463061257,0.0028955400383723086,0.0016461848428709139
2022-02-04 00:00:00+00:00,0.0017987832433557591,-0.015921525537932323,-0.010795918986948918,-0.0026022465660714444,0.010045821622435835,-0.004868251036738731,-0.011249611631236545,-0.006195215181979882,-0.010500333650907676,-0.008546074508301736,-0.002665914294478982,0.0016604932946582972,-0.00026549471106978705,-0.00036830876988550205,0.003144380893126764
2022-02-07 00:00:00+00:00,-0.006095353162206671,0.0040659245429377055,0.012605091552882957,0.021046633891248875,0.002812606646429419,-0.00023017509480060183,0.0009607437329692886,-0.0013050611642236357,-0.0022784036310790523,-0.0004249420347255794,0.005146951087892415,0.0029291308158704617,-0.0018859931676381918,0.0007612553559884095,0.0017105234391554217
2022-02-08 00:00:00+00:00,0.01848918091493858,0.014601255709936083,0.012074932833200124,-0.023463451856156697,0.005501992957072583,0.015620833422692304,0.009698947769035932,0.010553067159399887,0.013209882186456684,-0.004331957621595857,0.010661004055857536,0.007014091611995907,-0.0002694528645326112,-0.0012453307891838288,-0.001344595583446127
2022-02-09 00:00:00+00:00,0.0317777509548227,0.01784858986234528,0.0117292960208033,0.006200246547090262,0.008824384998241272,0.017842735836755833,0.01913635798042032,0.02138049225617138,0.018742441798531396,0.028380396061963464,0.014194431526109977,0.007255466868437924,-0.002148090866870743,0.0007823843275797486,0.0017634354122023441
2022-02-10 00:00:00+00:00,-0.012608338093817428,-0.018941476352643215,-0.013900594111032186,-0.003238095149268393,-0.011380302723428378,-0.018154189936150457,-0.022306042632809723,-0.023674739759825446,-0.006959166182875956,-0.024690419383287816,-0.02937100738376722,-0.0011946732539589702,0.0022245252467359517,-0.0021723125681682286,0.0006743253136662995
2022-02-11 00:00:00+00:00,-0.015569292699921477,-0.01522470043228741,-0.009820201890782804,0.04300691307598254,-0.015250115045918501,-0.017763049298810864,-0.01640683919986142,-0.020100684734890184,-0.009791648653935128,-0.015750720049849787,-0.016734646898118544,-0.011096148398876921,0.0006904501423042235,-0.00416563913407011,0.001190292751701732
2022-02-14 00:00:00+00:00,-0.002844105958866861,-0.001146609048316121,-0.0036821649169027646,-0.029966815427923416,-0.009824131312359494,-0.012026277076772297,-0.003763865712511596,-0.003698503321218545,-0.011852377242452895,-0.010745378223752617,-0.009254000674413737,0.0014186918896882473,-0.0015208148265826605,0.001659243934000782,-0.0015857019552180246
2022-02-15 00:00:00+00:00,0.018593395097406533,0.017826064494967403,0.012657878195917124,-0.01419322101647271,0.013917265552548887,0.01936041818775846,0.01604822720340275,0.022544833172893436,0.018128261894656515,0.012082967594812923,0.010873826944027228,0.010365993480059638,0.0013663622181752108,0.0001827340267399561,0.003413909678777187
2022-02-16 00:00:00+00:00,-0.013048634656235798,0.006121713052821493,0.0025449522384478227,0.008504223059565124,0.0014243343081155211,0.004240631842503134,0.005732463408494207,0.002424641613366307,0.004955166473058026,0.0045816311686614295,0.0033195616484154285,0.0008323832950724382,2.117695335656592e-05,-0.0008154542195678706,-0.0007743992290141465
2022-02-17 00:00:00+00:00,-0.011262598404953984,-0.018129193333373123,-0.01176417665522612,-0.006270260672265095,-0.024324429983265956,-0.025071071762739542,-0.018560594593477583,-0.0245172487093475,-0.01589672209678439,-0.015807571383210626,-0.010936607543932721,-0.011326437523868886,0.0031657791634399617,-0.00138095839510681,0.0008085819068921005
2022-02-18 00:00:00+00:00,-0.004917591614176778,-0.0038652685545721346,-0.0022944584410436756,-0.00829130865691025,-0.002762406766636866,-0.007228587981583746,-0.006476729395585395,-0.008338388946362074,-0.0065644227844965965,-0.009949030107610118,-0.011180980029463784,-0.003249719734005703,0.001902586548219697,-0.003200430283345027,-0.0033101720912388365
2022-02-22 00:00:00+00:00,-0.007031644887816085,-0.020637245421603497,-0.007494823456386574,-0.01786708437432819,-0.005979440927659332,0.0010224305185960944,-0.006975388847806187,-0.0035114370915830155,-0.009615387196567097,-0.008689638242278076,-0.0019108653236107676,-1.0804160174782617e-06,0.00012967955079486518,0.0038604577871566605,-0.004043143351349894
2022-02-23 00:00:00+00:00,-0.01701587993764233,-0.029778897744668385,-0.01834611934178553,0.005543433630324399,-0.020491065950685863,-0.013542984922198596,-0.027917062462298053,-0.022513668400337507,-0.015081290006394483,-0.014872742025424494,-0.029122573174241887,-0.006705830159007693,0.0012958107690127282,-0.003322985351280266,-0.0008208625508132998
2022-02-24 00:00:00+00:00,0.010248109152100598,0.00502026188337368,0.002760789603850186,0.005863498957701384,-0.003469333494595162,0.017770749140390337,0.01702098158496679,0.01954426192351121,0.0013852488505063372,0.025348747978969986,0.022386261052389236,0.008016387177101925,-0.003494158412329514,0.001855553952628897,0.00835615324276898
2022-02-25 00:00:00+00:00,0.02387228678018015,0.03134105354250846,0.03647145278787371,0.015280071502074609,0.0337901367651694,0.030135600511558083,0.027133334036123027,0.0196761763235292,0.0377613300747483,0.026577708593312276,0.034091913600325985,0.002255663676048701,0.003734813835689228,-0.0008448092502737828,0.0016212094171357931
2022-02-28 00:00:00+00:00,-0.00896044385740592,-0.00945208564000409,-0.004943193080576222,0.0323889725324242,-0.008011019444912493,-0.0123515825000023,0.006134618606300557,-0.0072256621062749046,-0.007577531961898383,-0.013291723445310337,0.010075361113547742,-0.0009848418098642336,0.0011589873186471297,0.002377153969688495,0.007967208805510481
2022-03-01 00:00:00+00:00,-0.024506829606190272,-0.01797458049253626,-0.013717235580861964,0.011645599920353916,-0.034099459354572786,-0.012839728695736116,-0.01369208806662392,-0.015189531101986915,-0.02381770663227413,-0.0031025219720239973,-0.02040951464825523,-0.011804041877969799,-0.0016672009158732043,0.0006806571749341742,0.004148941202825201
2022-03-02 00:00:00+00:00,0.02325327481682262,0.02541848503869152,0.012821344942964458,0.013300952307178546,0.02388656108100341,0.012941806478499445,0.020364534673810764,0.028576371277437077,0.021019243389946558,0.015971322658770087,0.013405475585123451,0.0033148500386091326,0.005320616220801329,-0.004225629664228327,-0.0025835164522582457
2022-03-03 00:00:00+00:00,-0.009195515486418837,-0.011137736744236893,0.003691834137952526,-0.0027492344076242643,-0.0034535781020972206,-0.0003753793880562398,-0.0013691470703852996,-0.004862256295168009,0.0031297292048115656,0.002201374871576893,0.0048029547619395175,-0.0064010717178835785,0.0026377366137787382,-0.0003313215908495107,-0.0036784832356256828
2022-03-04 00:00:00+00:00,-0.01914720676289296,-0.018746573953415335,-0.02034623934757922,0.02290198271630766,-0.017258577636595152,-0.011520887432218102,-0.006137173347434586,-0.00806738053889036,-0.004006555260085653,0.002089564188384393,0.002590580712780505,-0.01868586085891705,0.00449221675628791,-0.0008363754647787158,0.0021758885441719063
2022-03-07 00:00:00+00:00,-0.03878040776797585,-0.050303743292475014,-0.039566556319043135,0.0064448589730378356,-0.03390093152213736,-0.03287244458204734,-0.03002324879247226,-0.02941453067625315,-0.033984816253277136,-0.028109055540887894,-0.018772184766682007,-0.01645521906196929,-0.0012175035835795857,-0.0021847228343373146,0.0005824717764487293
2022-03-08 00:00:00+00:00,-0.011463483670147883,0.0004486142635504451,-0.008547321608545082,0.01336858554733958,-0.004832187428276033,-0.013253894411208104,-0.0038927791935246914,-0.007787751978708733,-0.00012009077912052417,0.005357205743104161,0.00490458121784959,0.013638231805367464,-0.001629684874941984,0.0018678012971966168,-0.0015778120358338264
2022-03-09 00:00:00+00:00,0.02232828551975792,0.028310525892884204,0.02748716422727174,-0.013458738644628467,0.032314919080832186,0.030630729080804033,0.021928550608891106,0.025362115843009812,0.025437432911768986,0.0211700346267688,0.01740256061419881,0.015388237905313757,-0.0015936345760821516,0.002091019200677526,0.001673047879369673
2022-03-10 00:00:00+00:00,-0.0074733748385931555,0.005812824485519483,-0.008884829726872177,0.023433839468172717,-0.007997762630804988,-0.005738353904057998,-0.0012207879596913488,-0.011671111759449081,0.006760526869771663,9.57060857293516e-05,0.004884094200205601,-0.003898229201113318,0.005034316530604705,0.0001474124697326308,0.0017559562358123188
2022-03-11 00:00:00+00:00,-0.013086349143647076,-0.011800212206638924,-0.020207435549503217,-0.013285361916783752,-0.0061559813880505245,-0.0149463585646904,-0.008579197155308752,-0.009887171480261237,-0.00534481769464146,-0.012123225610281313,-0.011820521405643212,-0.004469581429828325,0.002121802066650271,-0.003049694461018955,-0.002729536602113121
2022-03-14 00:00:00+00:00,-0.00869712776972832,-0.010806771687694474,-0.0024805249507135812,-0.03545781921957407,0.009174629783533774,-0.0005241734100949974,0.0021198135626576474,-0.01841390565215682,-0.0013626382142280249,-0.014853187785764825,-0.00806332002244782,-0.004491078309876709,0.001094976721237516,0.0007858639258665531,-0.005296873411063681
2022-03-15 00:00:00+00:00,0.013518616224556206,0.022479335020629813,0.021478771831163614,-0.025247281589002104,0.010118888088812509,0.0208866150534337,0.01623023200797864,0.02381769318350884,0.010695242689707115,0.01055642500233944,0.019912402488333807,0.006819516201826709,-0.0010837892743148104,0.0015320778292950005,0.0006333716356845334
2022-03-16 00:00:00+00:00,0.026108953881265537,0.024380795629954342,0.02516531765971443,0.025772601193874842,0.029044057319565313,0.033603106501851145,0.018353430514217443,0.019273233317310578,0.015909639551974185,0.021530778956066463,0.02710875569576303,0.019420227720802367,-0.006432512480849946,0.0032485314203323182,0.002365679935962985
2022-03-17 00:00:00+00:00,0.009736646556201718,0.001133002807184787,0.007678487724222346,0.04326238237459886,0.007597422980609961,0.012961306513185718,0.009599334820666817,0.007637108511551933,0.018666454921075496,0.013309518559157942,0.004117353066821691,-0.0007589065647030846,-0.000977596333787858,-0.0017513661869386578,0.005446994578569437
2022-03-18 00:00:00+00:00,0.007328115390503636,0.017771775089922788,0.015040100978584587,0.005353251582061394,0.009641934004695955,0.01398605522335394,0.011884578624675507,0.020130540968273727,0.010364496823140848,0.009254158317318758,0.0054555443126864216,0.006316099035775412,-0.001275358725234244,0.0023050602520145926,0.004311923393000079
2022-03-21 00:00:00+00:00,-0.0056803086601390045,-0.013384023154614086,-0.006192015493596025,0.02970578622877252,-0.001776201884133512,-0.005457649763986493,-0.002458624189697749,-0.002416827931887793,0.007979611363356443,-0.007820931756299766,-0.0003620065550680755,-0.008823016747360867,0.004757415822062947,-0.000514777009359443,0.0023493013332890784
2022-03-22 00:00:00+00:00,0.0024329425384269376,0.0029116597032653128,0.013464431668797242,-0.004838720875348135,0.016371232663656955,0.005659215631232816,0.006064290998210068,0.005572058765450076,0.0032904630860968753,0.0097885583753145,0.009844078647409302,0.004685334514880938,-0.0011531444380657595,0.0030941416816354156,0.003989058386991421
2022-03-23 00:00:00+00:00,-0.009728969118593294,-0.012496869838053207,-0.015426143283031352,0.007795578298435876,-0.015322780920473658,-0.024420454545923495,-0.011969427477785387,-0.016096645631027043,-0.0034545318784893813,-0.006591914306732532,-0.0031361038066828385,-0.008159026021758477,0.002526559052489793,0.0003185137363235103,0.005195069394390442
2022-03-24 00:00:00+00:00,0.007056023063061324,0.006537095592327221,0.012384766949470405,0.008380523860613207,0.001492043519263314,0.011990477668252944,0.006924125790070395,0.020524784156015365,0.018186533569889675,0.00941202787962929,0.018043629510893226,0.004837167787220266,0.0008330826088262854,0.003588101686702076,0.0005346282880588369
2022-03-25 00:00:00+00:00,0.004693646153859185,-0.0010389855077381754,0.0043250376624711625,0.021925074079566148,0.00989471516530147,0.00446042219138748,0.003990465538301013,0.0026518589659882312,0.012927480962277927,0.008753065111184597,0.008693594256329266,-0.003840521408613768,0.002804298100642094,-0.0004910169256258034,-0.0029618622078725902
2022-03-28 00:00:00+00:00,-0.0006748597211057288,0.004705195123701163,0.0064767274886606135,-0.016694684665342074,-0.0001660231003781586,0.007761168927349264,0.002702108760245507,0.005414340479811403,-0.004982323933392934,0.014098090290817824,0.010947966157238743,0.0031722929859560136,-0.004298528917169104,0.0022508165026926628,0.0007242096682705736
2022-03-29 00:00:00+00:00,0.015925626936344226,0.02083804506543259,0.017494381149304083,0.023134358551946847,0.012623542797606446,0.016367483857870166,0.01214012706645747,0.01216965750161361,0.007204085351146691,0.03001988680086402,0.021466294599018856,0.01244326375886389,-0.00831284901100281,-0.0011671467644695024,-0.0010414095696839043
2022-03-30 00:00:00+00:00,-0.007219032258518598,-0.009312850240426,-0.005390859622352339,0.004335650393006667,-0.006452184118445391,-0.0066309791712232695,-0.0027697179121125718,-0.011006470235365183,-0.00601547381536025,-0.006793509024814293,0.00019030542112100513,-0.008451790755944499,0.0012874735012873943,0.0007348397658524476,0.0014950211757631055
2022-03-31 00:00:00+00:00,-0.01892394395042674,-0.014511109366515179,-0.003990709067973311,-0.015189466024940663,-0.01741007117498383,-0.01011883004824273,-0.01607467159015363,-0.011516124351649473,-0.007578446705082921,-0.012891747520017616,-0.002168337161947069,-0.002927397904712384,-0.00010150477381513402,0.0008644904749887019,0.0015462459044143558
2022-04-01 00:00:00+00:00,0.0007912093334725103,-0.0031265137320966303,0.008962787314606018,0.015796464325018127,0.0013571295799490659,0.00825738701444646,-0.004152678680040061,-0.006710563647349124,0.007186834581158666,0.015453618991522075,0.01050781549021778,-0.0012987594583519528,-0.0017230092121170901,-0.002952024928633004,0.0006214738826442204
2022-04-04 00:00:00+00:00,0.014491038418907972,0.009583116724508116,0.002909892650075952,0.012417136324361994,-0.0030768031656976,-0.006723264886445587,0.00010022660399850033,0.009778217541201098,-0.0005312404369094931,-0.00018412241758120735,-0.0005029750281857122,0.0036903489337717734,-0.003228113122212335,0.0026066342750583576,0.0026102368288871544
2022-04-05 00:00:00+00:00,-0.012077716893019263,-0.01035658196155781,-0.011486442486516837,-0.030522039908778352,-0.004358959709991503,-0.0062902491249719255,-0.012705699790795335,-0.019905242513717662,-0.009073078670047467,-0.011523435590202476,-0.009424684141502796,-0.010242075521534076,0.0013618249102273594,-0.0011510701256389408,-0.002686332628810416
2022-04-06 00:00:00+00:00,-0.011251183879107712,-0.012445806971467112,-0.004628949912593534,-0.007164967597912994,-0.006615447789934724,0.0013247514546360997,-0.010565267455793483,-0.010575597078372795,-0.009509955600476792,0.003669591338215081,0.0006872043148707303,-0.010928285055325929,0.0020843741473987624,-0.0019913907698475555,-0.0037332664217372526
2022-04-07 00:00:00+00:00,-0.010191296154340708,0.0039591236573433995,0.008470812051627818,-0.0028884985102376,-0.0012023274660488245,0.016885177274587652,0.0037334587013561297,0.008369565959324334,0.005555857325089361,-0.009574084147983787,-0.006136500877179187,-0.0036474937399537,0.0035649045078339336,0.0013461514356714823,0.002358996331256447
2022-04-08 00:00:00+00:00,0.0013753746002739258,0.0037746743525911364,0.001495508334798253,0.021857250929925964,0.006475442946060011,0.004136509316885334,-0.0060687246788895454,-0.00989637279705454,0.00553624985830741,-0.0006445396924174404,-0.003123382072015092,-0.004577990250183703,0.0028387654362755296,-0.0023450250741851,-0.0006646031489922891
2022-04-11 00:00:00+00:00,-0.019269488943383796,-0.0020768555660475078,-0.0012578659321911864,-0.02692389032364756,-0.006195286446148311,-0.01940587968804526,-0.007025292468224652,-0.015174118412276184,-0.00415751296573937,-0.011582512405759509,-0.01362346968457918,-0.0012170412670851611,6.464926730083236e-05,-0.002033396013059411,0.0004347350284215026
2022-04-12 00:00:00+00:00,-0.001943798964040853,0.0067313909634600195,0.0014525539286238264,0.008249382134466635,-0.007781914832645397,-0.009544623543658757,-0.0020035882518509617,-0.0012429503169166024,0.0009603090870591003,-0.0012107435691328982,0.0059656455892999815,-0.00038111517482874004,0.003643113981033245,-0.0003027979973345444,0.001530758251263132
2022-04-13 00:00:00+00:00,0.01190254497070188,0.014689508265299547,0.01556588616441265,0.018407555881907126,0.005122597480144036,0.013753094812294704,0.011890032470401367,0.007986437367684184,0.013793556937348558,0.012540054533322324,0.009499071390082763,0.0074221473255337055,0.00032263457149404005,0.0004824265723265891,0.0034951734049353013
2022-04-14 00:00:00+00:00,-0.013317301118578026,0.000378376743885384,-0.0029356381478764623,-0.004381456853694257,-0.007591757201674385,-0.008877404078197197,-0.0056293642061630835,-0.015952366892330906,-0.005368450688596591,-0.006624461685293197,-0.007300375331220707,-0.005529945564611149,0.0028255143987915466,-0.001373240198984386,0.0003182888249196737
2022-04-18 00:00:00+00:00,-0.007859025384277043,-0.004283381483253497,-0.004314899923626154,0.016414759233911117,0.0013288223766415735,-0.011951049593075339,-0.003067613947503269,0.007165246069345072,0.0028930670068694404,-0.0024507943505286834,-0.0026911660127093805,0.0006516488850928879,0.003196949996614065,0.0024081484784012606,-0.0014508991704213015
2022-04-19 00:00:00+00:00,0.00871069834626799,0.021053358827085363,0.018916604175179444,0.005267849654950186,0.009829905962780987,0.017831306099177574,0.019408542436450835,0.01198695401889129,0.010776422912971576,0.016605831257265623,0.011923260387288847,0.009586620220573744,-0.0026391494425101504,-0.00577453703315188,-0.0030664873518122925
2022-04-20 00:00:00+00:00,-0.00040531576024034377,0.009376705831600714,0.015497197589172285,0.0024677040492176467,0.008686301018287698,0.018937220892663396,0.008884882109022609,0.01098057736975487,0.009508384142868299,0.011813813461587884,0.010555892206940122,0.002420561015617005,0.0029034290598987907,-0.0028689886340798844,-0.006266326488276292
2022-04-21 00:00:00+00:00,-0.017788136539515977,-0.014166850475348356,-0.01676603471371208,-0.031311305640040865,-0.018727078502890782,-0.02058641353959992,-0.013311044045056302,-0.015962799724196657,-0.013721890801318488,-0.01185839571730462,-0.03206210096768669,-0.007830379952413603,-0.004023049986141811,-0.0021579734723318833,-0.008545208917098536
2022-04-22 00:00:00+00:00,-0.034159617751125755,-0.02743998496406949,-0.022060626050702876,-0.02907044972225993,-0.03055450432528222,-0.048435181706543984,-0.024147533024251946,-0.02420661113405102,-0.035269726212462396,-0.022858867481525536,-0.02290186069987771,-0.005181974859237994,-0.003489298919342833,7.996800085310549e-05,0.0004805572744786095
2022-04-25 00:00:00+00:00,0.003196280457190707,0.008765735066152736,0.010777965885801138,-0.03301423355978786,0.004688143732247045,0.00505551235218581,0.005671982327583806,0.014597348517352934,-0.004662637264122163,0.003343255177465142,-0.001207760553923166,0.0051632284444689085,9.358026551115582e-05,0.0026734802927278604,0.0008529299935044043
2022-04-26 00:00:00+00:00,-0.0361015113577405,-0.023617102837213848,-0.030469776873647075,-0.005632938867786548,-0.028670989462685804,-0.02874201019063563,-0.02502277695623502,-0.02591304159746823,-0.012832174554807115,-0.020932252667230304,-0.02833408763005995,-0.011222824235070995,0.001353934832599454,-0.001589100152290709,-0.0015752662237212608
2022-04-27 00:00:00+00:00,0.0026517251051906094,0.0013551134480586857,0.009529498666463325,0.014445512428093395,0.005620517515629242,-0.005229161357517021,0.0101727308551235,0.008713649392505216,0.01850609378066787,-0.004244220896090514,0.0001971508377288276,0.0006440915113143034,0.0015377233909701477,0.000682694284294402,0.0001281653696573276
2022-04-28 00:00:00+00:00,0.00014776576644262378,0.006574673078283369,0.009745690618663466,0.031437542605051515,0.007750289227827426,0.010414149341500638,0.008701310613633578,0.023491515936286223,0.012027426307446023,0.013538988821108225,0.008331221503221133,0.0029104629459951476,-0.0017306462236176662,-0.0005765257926370927,-0.0034242995789608077
2022-04-29 00:00:00+00:00,-0.03132541935014319,-0.02617687263621267,-0.022589631348435966,-0.020277965611156905,-0.02906204834436919,-0.0192689438957638,-0.024398555694456637,-0.027957776632719734,-0.018490002175738735,-0.03552551273645101,-0.0244226490123942,0.0001287070027927847,-0.0016577191330939944,0.00012903121326610784,0.0016442012713481918
2022-05-02 00:00:00+00:00,0.01213056895208081,0.005595225940519423,-0.004964591952917144,0.019921795667357342,-0.0013413923869575138,-0.0020070306211017394,0.001773391906269755,0.007767116059233971,-0.0060310567459066775,-0.020365417826305632,0.0027195455401934337,0.0064359921362133,-0.0019089287676798928,0.0006256854313613006,0.0028563956778483823
2022-05-03 00:00:00+00:00,-0.0007013567823584188,-0.007521010703940182,0.0037414189801372177,0.03244734918093186,0.011956059902354998,0.007752418627062358,0.005641909228611746,0.006596468304277218,0.020395352312593287,0.014371437538797395,0.003474295224221117,7.654361859198155e-06,0.0005168353728800955,-0.00029609226177494154,0.0006248345847256458
2022-05-04 00:00:00+00:00,0.026605955176270193,0.021398511772884925,0.02209925615519627,0.042562334418710365,0.027798204854664162,0.025898034428393255,0.029128517873988485,0.028253076890434062,0.040146499332146784,0.012513802521550436,0.02679360947543939,0.003933935632933107,-0.0013918410049504094,-0.002723531785520336,0.0005615956780661256
2022-05-05 00:00:00+00:00,-0.032620807674523515,-0.036402018532601874,-0.03342058452316299,-0.02568988678449085,-0.025810341240595322,-0.030421089105757186,-0.03119935711222657,-0.03396044673000639,-0.036199553417595766,-0.030482095434395715,-0.03203415649063658,-0.011713805830127023,0.000882411562991502,-0.000881884899024285,-0.0037520363326366997
2022-05-06 00:00:00+00:00,-0.0379516782309911,-0.015612247408717451,-0.011496151596389113,0.017161456244823618,-0.012703578174346019,-0.013174575715885633,-0.011517198880221974,-0.010291417074921578,-0.013159856734290605,-0.01717730520109854,-0.006467487741387083,-0.009807417296629392,-0.00036976901853060136,0.0006377423482948064,-0.003915625353268085
2022-05-09 00:00:00+00:00,-0.01926302876316374,-0.027713173715375416,-0.01730474425417289,-0.08699138719810409,-0.02819476354562189,-0.03354435262557238,-0.024155106668609812,-0.025360475292600174,-0.030458566651572816,-0.04953562988499811,-0.03326749911953808,-0.013921742518292125,-0.006021534739499708,-0.0024877124525141767,-0.01033019852550882
2022-05-10 00:00:00+00:00,-0.003729525189184717,0.0015504379200960367,-0.008464304527606785,-0.007257310184264004,-0.0073468450188456545,0.0020467280563385283,-0.004711580072427622,0.014652249089963276,-0.00628957458085249,-0.023061935951855406,-0.015977298824128607,0.0014515083307100117,0.00814092276077458,-6.160299726897488e-05,-0.002088050253691193
2022-05-11 00:00:00+00:00,0.012945008678374661,-0.024300288577440692,-0.009344904132974004,0.0028262649699641535,-0.012953012703384571,-0.012232435888942694,-0.012598185945923723,-0.019938344659787773,0.0013804930891917816,-0.009410137141401067,-0.0061578282402094215,-0.004738997381279,0.004700032670248051,-0.0011092468645855051,-0.003237201660370486
2022-05-12 00:00:00+00:00,0.0158486427548915,0.006267900209083622,0.01315379993214689,0.020993169658544326,0.0022678678309186054,0.011778096712366175,0.0012989374147723695,0.000445813880009614,-0.000592113122340794,0.016171331169432843,0.004252816506556739,0.002310923057220744,-0.009972037374820851,-0.002292228682203336,0.008590941711992747
2022-05-13 00:00:00+00:00,0.01812491284933613,0.027448961744928793,0.03360490164663669,0.048683346716210385,0.017698850023007487,0.021691489331615733,0.01937673533229779,0.02632664501601896,0.016583347591187445,0.03393509596812816,0.040838452039861604,0.015525426447467485,-0.0006399209221292692,0.00137354036480483,0.0049045721985440886
2022-05-16 00:00:00+00:00,0.0004390250515075262,-0.012295271094735202,-0.009515724804409955,0.016365849994776673,-0.006651560388655346,-0.0008471855580119706,-0.003843986897893025,-0.0071716121335833,-0.006124287447531367,-0.010646661449589917,-0.01172390067954007,-0.00933264499744571,0.0031027289013191217,-0.0012403346484273778,-0.0009428267571178518
2022-05-17 00:00:00+00:00,0.019028500067181462,0.01648085548211354,0.005662240039893074,0.020740853186315907,0.026140365108579526,0.020344381620929577,0.02201530254162706,0.023334973706961255,0.031383129922083766,0.016587659489631625,0.022992417861704136,0.009948953904605725,-0.00188322003859009,0.0010765325742209206,-0.001081645307716355
2022-05-18 00:00:00+00:00,-0.02610217684468209,-0.05478675716992577,-0.08422985888813567,-0.03682643361234662,-0.03241827569121462,-0.0327840718957632,-0.04353004995636158,-0.04512720712406326,-0.0342520386181049,-0.03758435993463047,-0.024370164545736653,-0.008602598083708859,-0.002838512161682006,-0.004092336680590787,-0.003100744118458766
2022-05-19 00:00:00+00:00,0.00419025625187881,-0.006329798397273276,-0.004005260021552125,0.00867984434000231,-0.0020288051260396074,0.010618703591106442,0.0018558395715049473,0.0013811544772971433,0.008933954905281396,0.002966918258240313,0.0199618600180925,0.008943064704870475,-0.0013200147092229855,0.002349733523110735,0.005326728291765516
2022-05-20 00:00:00+00:00,-0.0014503315714860946,-0.004752200050084329,-0.0014777088291775685,0.011464112450474623,0.0008023716262774271,0.00931171447827235,-0.007022031143886822,0.0011265074825687663,-0.003941900371846742,0.0015532938656784335,-0.005846827314636944,-0.0011872787543345275,-0.004082638775285722,-0.0017437032960370346,-0.0047395638599827
2022-05-23 00:00:00+00:00,0.0033455486923937177,0.0009081269211906962,0.007175363915304824,0.013209667422445542,0.02424819556108474,0.005606010961792969,0.013247520531685496,0.008293823586622364,0.016863776304016767,0.008452996412071838,0.00645201860761809,-0.003579982621043968,0.005863116359174227,0.0005463653157957143,0.00011887419424439242
2022-05-24 00:00:00+00:00,-0.027484220105693687,-0.005028272444157928,0.001245257176959719,0.0028411392761751118,-0.001994902412583078,-0.006579880667151166,-0.0035353131586345742,-0.0012283594747629987,-0.005686559598676904,0.0050649181267110824,-0.003125571521293308,-0.014067219011107138,0.0005905297656542494,0.00438411173749295,-0.003484815533712946
2022-05-25 00:00:00+00:00,0.02088965081455403,0.023907945225551525,0.008528582821182008,0.021592269420496805,0.010794801792421002,0.0025109854789340203,0.007888830819419159,0.006715703620961343,0.004872950966985762,0.010194470037109766,0.00845556671685759,0.00318955794275989,0.0004888440514269066,-0.00287008326260889,0.00620196791538275
2022-05-26 00:00:00+00:00,0.021316807943603085,0.03960799263470418,0.02906327437764715,0.019090201979752683,0.0235858857280177,0.013614101781498644,0.02517388757689876,0.023807544006753823,0.019144311300322476,0.009548923147590859,0.02360635011151243,0.014757995146882969,0.002210737847222182,0.001112402284121971,0.0010004071943312404
2022-05-27 00:00:00+00:00,0.02475731256601318,0.019170520762400216,0.024357888036508193,0.030144983728477685,0.019725290406392645,0.026938582406723966,0.022521315206117238,0.024902848751941268,0.024907525343203344,0.03153704174171975,0.02572686759801073,0.01010765341291346,-0.0024259200581305367,0.001173854326579969,0.00043858577386152175
2022-05-31 00:00:00+00:00,-0.0032037540861635035,-0.0015835472223530577,-0.009627939210655391,-0.016533198745604015,-0.004370502231466856,-0.016331139949224267,-0.0097224046267165,-0.007985396581448735,-0.012053322816407978,-0.015241172958628254,-0.014972188781418708,-0.0030188231056288454,-0.00011668564844344591,0.001928617713244889,-0.001954174573498742
2022-06-01 00:00:00+00:00,-0.005693623130336123,-0.012684749122752016,-0.021722469426054387,0.009343708653456727,-0.01769862288195313,-0.019384370327883507,-0.00983614504786344,-0.0016816138898259137,-0.016074664534396783,-0.012257950991756607,-0.014042570944253959,-0.005444447273410886,0.0025738888037220593,-0.001620072090940657,-0.002068426834588937
2022-06-02 00:00:00+00:00,0.016475837823663093,0.015309957850761799,0.023530959863434613,0.017342754711993123,0.01715943661544124,0.02109909471055526,0.023827274873631628,0.022684133345631158,0.027022862817026993,0.01931315164547497,0.02583972764287809,0.013405555924119949,-0.004357155843835177,0.0017490022282934808,0.001865588082932382
2022-06-03 00:00:00+00:00,-0.016677403953668648,-0.012084003517148022,-0.012090010830484487,0.0018705501440131247,-0.01636350906764037,-0.017011965563187095,-0.006821632290170035,-0.014053275798116391,-0.01599947220765079,-0.017821961722049844,-0.016600881953526055,-0.005964163578521937,0.0035133812647416586,-0.002828491824912224,-0.0012136662674839234
2022-06-06 00:00:00+00:00,0.00764590650916898,0.005225282914517069,0.0034579918139661997,0.0032660250828430402,0.007767220583814583,0.002067470519719016,0.005634560074067362,-0.001631707017423118,0.006780607560231683,-0.00588113322478908,0.009383934684308216,0.002972321682432117,0.0014542619275623274,-0.0003811927013755885,0.001730471909447345
2022-06-07 00:00:00+00:00,0.010138900758964458,0.0003677875623958979,0.0037755764511688927,0.02619112110362105,0.005612554590672522,0.011968045208563668,0.011461600346452978,0.007128809201709875,0.005481911239227727,0.012321681155006394,0.007040224353356511,0.0020231349015860187,0.0008390717932172233,-0.0009630487008485795,-0.0008834375435736843
2022-06-08 00:00:00+00:00,-0.007375904168990287,-0.0068463603858908645,-0.00731782566310772,0.0005513483642618672,-0.015893997325278252,-0.0068074328286014925,-0.01630162693082777,-0.014778663321811353,-0.01755170648479489,-0.020411378516525254,-0.01839631316177422,-0.0026432262133188928,-0.0030914182095665398,0.001745501044552877,0.002441375076960287
2022-06-09 00:00:00+00:00,-0.016973469642352464,-0.015801811087242594,-0.020493823721620574,-0.028524664755672044,-0.025404720875798033,-0.025691973545450712,-0.018867821246153934,-0.01823324814600679,-0.027588899137529665,-0.030328771983479764,-0.03525696901196193,-0.004127808608283432,0.002260110021558955,-0.0013645521689759233,-0.00328538262840163
2022-06-10 00:00:00+00:00,-0.02636704843747433,-0.0306317282900642,-0.01704127083990298,-0.0292586747396013,-0.03391562744644856,-0.020795171743988976,-0.031577846595705734,-0.02299919424799969,-0.03305912360940921,-0.02434172100481493,-0.024145186466552948,-0.01221754339344457,0.001965343675436753,-0.002133560171062478,0.002720435456727715
2022-06-13 00:00:00+00:00,-0.042272522025049566,-0.03665054401674565,-0.035576847714833555,-0.05804696905755443,-0.033587006508084626,-0.04096403901841929,-0.03606818304711214,-0.035121724822535505,-0.03886164560681872,-0.057575108697445705,-0.06955006441612091,-0.013965447176559603,-0.0006120907513023355,0.0013374859878394485,-0.0030857150113853087
2022-06-14 00:00:00+00:00,-0.004998770064451946,-0.0042653603558070975,-0.006312792875646293,-0.013141272623447331,-0.0008423334575869911,-0.009067339553268156,-0.0037302176112225045,-0.0033777368847998203,-0.002863004737884309,-0.0059578662366081385,-0.022724089221311843,0.0036179253614921896,0.005164853868181092,0.001775042698297364,0.001959663263666844
2022-06-15 00:00:00+00:00,0.012341439918611617,0.013294916632092658,0.012611584085496466,-0.005765768548777328,0.013091979247546286,0.0140641313537854,0.011130775301815667,0.01287956594400586,0.00558542831470436,0.02216180359922022,0.017102017411558975,0.006524296711051276,-0.006131596824345142,0.0025367922612717455,0.001910210768244589
2022-06-16 00:00:00+00:00,-0.0359824761195255,-0.04690412715090919,-0.02977800397441744,-0.06333950680037818,-0.03221042501261195,-0.029159570476019393,-0.04274397350597808,-0.04155923161132377,-0.03611707528648088,-0.025372478703689527,-0.03745794405810157,-0.01837230358238858,-0.002052789313914387,0.001974231806323272,-0.0001860374476395782
2022-06-17 00:00:00+00:00,0.010905246589029204,0.011113339699572785,0.006046881916650863,-0.04355786593652905,0.006334475871206149,0.009637479118204843,-0.00033598569683877366,0.009817557063128412,0.00447784251872832,0.011229454411053611,-0.0009607746635679714,0.00484453148432455,-0.00568840006654104,-0.0013307667082697531,0.0032335544278008018
2022-06-21 00:00:00+00:00,0.01035681169988506,0.012309910885826858,0.02363929718169423,0.04450315979576866,0.021682250400092928,0.012247409223987826,0.014855872769255969,0.018657387349075367,0.0053237218872962,0.011368618003966614,0.015402165205078047,-0.00043572413420568017,0.0031058934868650433,0.0026678591259707988,0.00221738217486928
2022-06-22 00:00:00+00:00,-0.002695646534182022,-0.0013529910312421597,-0.006588521865223665,-0.03811843384625167,-0.005656140142317367,0.012269350870440428,-0.004591886214617815,-0.004573394204891404,-0.01188227371703986,0.008821575464351954,0.0040683288921119845,-0.004769153770742371,-0.005901154857077218,-0.0018827728600868978,-0.001485208087691146
2022-06-23 00:00:00+00:00,0.004711721277420307,0.00469426720740973,0.019675798487230396,-0.005420946692110175,0.0006780296430022073,0.025211214764597683,0.0024188354274212467,0.012265919594135364,-0.010422371840480194,0.01769690339030516,0.032052083223942845,0.000889251722493979,-0.012310101205309436,-0.0014255209339635237,0.0015000671361451883
2022-06-24 00:00:00+00:00,0.03037799756804318,0.04022176186967613,0.03241353592673956,0.020293552877543152,0.03984436248668637,0.026261297803076504,0.0385931949482542,0.03215792844357848,0.043662286325132534,0.024706059585445334,0.0314371958036972,0.010444367831364635,-0.0013912542282781548,8.100099710573253e-05,-0.001093157765205785
2022-06-27 00:00:00+00:00,-0.003991071818212642,-0.0019949658130519435,-0.003677045342034705,0.028080342184581285,-0.0018888763812330367,-0.0001266090479049742,-0.0006188071525590775,0.001331656444272721,-0.004404119737697349,0.0013441728771163306,0.003496356297694921,-0.0037798656401810877,0.005707732890182326,-0.0014825689745251256,0.0020993512770787486
2022-06-28 00:00:00+00:00,-0.013646276214870445,-0.02043875776767006,-0.016713707724821395,0.014146602750578439,-0.013323276467527305,-0.020136657309346637,-0.01650568867201297,-0.023355419800011892,-0.013735584805937066,-0.01590398048549698,-0.010229335945700396,-0.0018820845353355595,0.004282668570004708,-0.002887612348700494,-0.0018493109732458865
2022-06-29 00:00:00+00:00,-0.005728612176608942,-0.008948021989487371,-0.00281429517037592,-0.03763758731368636,-0.00890354549847351,0.004491637430043467,-0.006936751377165939,-0.0017865545157015501,-0.006721071185496298,-0.010621391149557026,-0.01294681647844954,-0.009040739592562366,-0.0020539422864714035,0.0013137189225349332,-0.0027069999818901047
2022-06-30 00:00:00+00:00,-0.006094431398960926,-0.00860568924784424,-0.01239783050585423,-0.02612680000075189,-0.007233779364226624,-0.012439714122339893,-0.0010469270885196764,-0.007960380029807021,-0.013165296330223075,-0.0044935499635439195,0.0016200748052064976,-0.004880287694449822,0.0026185676279634304,-0.0014983408750229078,-0.000991378441537591
2022-07-01 00:00:00+00:00,0.01394733231537941,0.016822582836915984,0.01243274365870559,0.022904748257856603,0.013606704713428957,0.019459164779080298,0.010769688448839436,-0.0034149841070046944,0.009679213253050429,0.016202385849343356,0.02355004660600058,-0.002555418815330949,-0.00444129275157488,-0.0013670035913490655,0.0015179410096478694
2022-07-05 00:00:00+00:00,-0.0027622835364480413,0.01262044742683315,0.00839402061923974,-0.01981378774580344,-1.7533777506056861e-06,0.00022872213841177583,-0.007043389976107513,0.00014200522243732724,-0.01092774926419612,-0.00039073351921686925,-0.022065148623262698,0.007212983172551816,-0.010465532745324144,0.0013711946981500723,0.0025834039937754245
2022-07-06 00:00:00+00:00,0.0018166859886148334,-0.007516861819157981,-0.0025146390471743217,-0.029826622099860676,-0.0006427155849021267,0.0014430316634118383,0.007505053662523506,0.010243542205461247,0.004628378595110742,-0.0019252207580315065,0.0027271709546955623,-0.00395526038170737,0.002658078652769473,0.0011543621791469563,-0.0014050840401883423
2022-07-07 00:00:00+00:00,0.008951417188243044,0.014160201101608549,0.01318238369032854,0.048352684359426815,0.01381122242613765,0.016130759356094933,0.01471956220515634,0.014672653891304772,0.011969531244312149,0.005299107982206562,0.012512532119291406,0.009562411916712954,0.0017250588398995698,-0.0002811702383340763,0.004352734253088719
2022-07-08 00:00:00+00:00,-0.003705577982970137,-0.004332103444445554,-0.00489176794477514,-0.00900938830790134,-0.001824854981534626,0.002250679144348403,-0.003765853184481022,0.004245483028046329,-0.00901513008909283,-0.0025719258029246444,-0.0004588949858394659,-0.0001873510942581457,0.0036312629904698976,0.002041166985907395,0.0017705613898432017
2022-07-11 00:00:00+00:00,-0.012747582888738809,-0.012676296220569778,-0.009115205873573137,-0.022428492180378044,-0.007899371265251996,-0.009427487804501766,-0.008871569014337598,-0.008656547941867007,-0.009022960163224323,-0.006941537175438129,-0.009512682470088121,-0.006310958438289725,0.00527157243341256,-0.0015008906089771209,-0.0034455885738351455
2022-07-12 00:00:00+00:00,0.002871478233941391,0.003670989771631849,0.0028723065980585318,-0.015055527481264484,-0.006555588659608451,-0.011294343475931187,-0.003227013821250828,-0.015926037841757994,0.001205219819766995,-0.006246132114558917,-0.001388450403519334,0.0031640013251273405,-0.002461457775841938,-0.0018211746574088613,-0.0012191343549368542
2022-07-13 00:00:00+00:00,-0.010436636290979292,0.0015136903927800843,-0.00015498127824267543,-0.0027605587734151425,-0.010805388884306802,-0.008874488176165376,-0.012182369791876023,-0.0016773187671123302,-0.00796369068040782,-0.00619910879681941,-0.007877705137113344,-0.0021362454976418376,0.0023580062207386432,-0.0010020997707857245,0.0023958386334985956
2022-07-14 00:00:00+00:00,-0.00843693414911669,-0.0054697708011929285,0.0018587092846927835,-0.016991326549833912,-0.01588326830258652,-0.0038031800111337387,-0.002129638968943704,0.006352023924793844,-0.013385108082661896,-0.011928833945161038,0.001112463955219466,0.0016843028002869137,1.3376089688923662e-05,0.00406545914484775,-0.0037396139297633285
2022-07-15 00:00:00+00:00,0.02380241577638618,0.015914233745554698,0.005596994869982186,0.02408621434524046,0.028944915708099685,0.022227069244676146,0.018584901044156017,0.015135458216764852,0.018922184215477013,0.022053509199026614,0.009341280901192177,0.0053790411049107045,-0.0017584435857949388,0.000749861591180517,-0.0027235210098042074
2022-07-18 00:00:00+00:00,-0.000581422486887667,0.0002443519978506054,0.0010522617459493072,0.03099803832449534,-0.003743812261439996,-0.01475810263239968,-0.005065965801380172,-0.012568202727080941,0.0023688104369878893,-0.0013634785809430862,-0.0015076495458300262,0.005185932071214853,-0.0027503500858786518,0.0002588814429713487,0.003120728343445521
2022-07-19 00:00:00+00:00,0.0423005448284441,0.025402105350622203,0.021310649136853134,0.039429276475043185,0.03023866984616626,0.02853086756071481,0.037255269287366374,0.03195061664521423,0.033506758538691915,0.028596904916951882,0.019484551613890767,0.010629837540211465,-0.0022495343822352947,0.0006249437792084384,-0.0024652222905222534
2022-07-20 00:00:00+00:00,0.00722224325051107,0.004665978142588544,0.007262327160732199,0.01210573270587817,0.002966266309932026,-0.0003261451892944101,0.007599200464359304,0.014776486197909297,0.0019346949273377914,0.003183699265069654,-0.0010161511956626396,0.008063827964027142,-0.0005989187823571976,-0.004037762763597127,0.003925754619217939
2022-07-21 00:00:00+00:00,-0.008600808503418968,0.00647512392570337,0.0013602304664139858,-0.013307390964494556,0.006062078438453087,0.016383787056378264,0.0076168738208709785,0.011183646968913141,0.01285375387791059,0.002495703763353911,0.000209340915981251,0.0019735607900018457,-0.002384234338494204,-0.0007079857894079192,-0.0037248261204256648
2022-07-22 00:00:00+00:00,-0.009753700217196246,-0.006275326692893287,-8.670921795397163e-05,-0.010732981443978551,-0.0055845987915161665,-0.0034098230921607645,-0.0032497407131347614,-0.008009382023969839,-0.009079638559760508,0.003429432587305282,0.002379938710517946,-0.004766103156365129,-0.0007132639660962902,-0.0007757649563796569,-0.0025944982509778693
2022-07-25 00:00:00+00:00,0.004188393798972238,-0.010979272505097597,-0.00770282547465414,0.027231258486986373,0.004555118517902263,0.00010322578582785627,0.0003115998893195654,-0.0016690680160717298,0.0077164843259556175,0.0006571516516760852,0.008906389357034706,0.002606730727619095,0.00708360231451115,-0.0023025853405919897,-0.0024407749216515547
2022-07-26 00:00:00+00:00,-0.00853321156274911,-0.008088343213456955,-0.0008302663451447692,-0.004014626271298653,-0.010821646219870572,0.003545417979007259,-0.0009834571132270485,-0.006288771563467385,-0.006305657847386313,0.0003615158598246436,-0.00117225863973436,-0.006190197846160818,-0.0002568085762517727,0.0017895723184680329,-0.0022980238442506682
2022-07-27 00:00:00+00:00,0.018682801482578736,0.01885781050394185,0.017083772049824884,0.021201235779253362,0.010932881921717435,0.014426384477967824,0.018588559736190523,0.017619962529975268,0.017451919189663823,0.01265544988701777,0.01690811809640764,0.012850839838842797,-0.00024942251073493266,2.3549762591130313e-06,-0.0037904240283541495
2022-07-28 00:00:00+00:00,-0.0046798080356304965,0.022353691873246366,0.020330139365033282,0.00185457013120408,0.010339568795527963,0.00943525407770909,0.023559204310775135,0.02253643284472055,0.019110286709399568,0.03414481078907944,0.03487428894941138,0.00682139650184496,0.0013010749617154808,-0.0007506168386884997,-0.0006895270997592899
2022-07-29 00:00:00+00:00,-0.00018922565073730205,0.0014097892231273016,0.005065581628262011,0.019900011873788474,0.011516972146562028,0.005432903943552854,0.01765579298005499,0.01048731009230378,0.01345534960480195,0.006138409106419188,0.01618030512484629,0.005210730802869696,0.0036066109938202254,-0.0013851365076036162,0.0021364728601031896
2022-08-01 00:00:00+00:00,-0.0032834771577414674,0.0018325946735905712,0.012253579691312766,-0.016098768604266685,-0.005755889981807554,-0.004465638986729879,0.0012785071449085222,0.002212009244834375,-0.011161312254486222,-0.006014375860136992,0.0020866894884590042,0.0005732365726904412,-0.0015999402560280297,0.00011733962791245541,0.001665452661901222
2022-08-02 00:00:00+00:00,-0.009912692593962578,-0.013743799931622395,-0.006022526395460753,0.0033447186925849616,-0.0036684872118230467,-0.003603546311649173,-0.006352684500469043,-0.009161325709845613,-0.004782819898293636,-0.01216603809413971,0.007440882442371186,-0.0005939733377001198,-0.002974254703236305,0.0009345078016275692,0.00816854214131284
2022-08-03 00:00:00+00:00,0.013247881529012174,0.010305893249063286,0.010560063494424673,-0.013152636853664117,0.01633710382377241,0.01109161029493295,0.00984827890771801,0.013729890554595711,0.004810525059207609,0.007532754445996471,0.017806209589388895,0.004521762366297763,-0.00509286557494385,0.0032784210085557734,0.000168902455946121
2022-08-04 00:00:00+00:00,-0.004627655146102997,0.0008023964965787715,-0.002062684434045535,-0.03616083798062954,0.00022021345622583226,0.0007213442653562027,0.005621568691498898,0.0020874229871335596,0.007679219314005406,0.004131812980907141,0.00396621529232304,-0.00037478262247180917,-0.005526558580735924,0.0003599678445909025,0.004551740669917008
2022-08-05 00:00:00+00:00,-0.0045441722559371,-0.0016850529690923435,0.0011116500582768326,0.02200424377204866,0.00566318373700347,0.0007062718123930325,-0.0002121919907292286,-0.00015657609680772895,0.00022277433084869132,0.0030281421080416517,-0.005148735574569639,6.543195370312067e-05,0.001781735679157793,-0.0018501118599961708,0.0015255467347637453
2022-08-08 00:00:00+00:00,0.01793036630704811,0.0097068015960378,0.001561812267371288,0.012416693214971977,0.0039411657506595015,0.0033977847031113405,0.002518605911766267,-0.0021919774612492076,0.00582837603058803,0.009469463849471173,0.004033483307000267,-0.0012535631757828378,-0.0020235399831438714,-0.0015698852697112655,0.002256691528576135
2022-08-09 00:00:00+00:00,0.0077237150597407895,-0.012236054714253949,-0.010949330803068593,0.00641271130390417,0.0012953777929647456,-0.013422384661047643,-0.009304035631946496,-0.01779475404650302,-0.0027107385875011374,0.00318422264782789,-0.005726743972432249,-0.0069057034668343524,0.007063088992193588,2.5769505454571132e-05,-0.002241105488877137
2022-08-10 00:00:00+00:00,0.023466567695050778,0.018467354774659942,0.017365417295757246,0.015708123205958397,0.022800812253655815,0.017920146699988593,0.01992918865098475,0.02157267680684164,0.023113421322174945,0.017165749582185388,0.016640389772205454,0.010617758800035827,-0.005119754002094497,1.3345564236672686e-05,0.0034358795892432733
2022-08-11 00:00:00+00:00,0.004676112778724518,0.012812385739161023,0.0014246281877456466,0.04388525928760748,0.009065489911445804,0.0032266636674927423,0.00854881672734943,0.003407438423589932,0.008815034978812582,0.0030228408292658263,0.00712320936639883,0.0008686799813510744,-2.1426258256252925e-05,-0.002645240724417375,-0.0026652866736804415
2022-08-12 00:00:00+00:00,0.01099840493873603,0.013064368631344013,0.011401740593906213,0.0038848811220004633,0.01614398877409208,0.011709698013347251,0.01725328608902055,0.01973215903316778,0.016979187458274515,0.017341383181726053,0.02206471510810075,0.0017795978731614862,-0.0012275826862006255,0.0007930062692462761,0.00030088859053213016
2022-08-15 00:00:00+00:00,0.0023985816797842713,0.003142166432612695,0.005668714982976882,-0.024595203746379087,0.0008193780506845867,0.005206320619188368,0.0034857710865041735,0.0034259900590293277,-0.0030109162023853006,0.000988429820716422,0.007272209507721042,-0.0014120314724441042,0.0007284060535319304,0.0015070859334275217,0.00045113585375181173
2022-08-16 00:00:00+00:00,0.00210362615062121,0.016662495199102928,0.007561825440718196,0.004660568533493797,0.003229630283585134,-0.005385996016935389,0.003757209268935929,-0.0004748668459410942,0.008156327884459249,-0.0013567943573065582,-0.0008662503600394332,-0.0032137625076267638,-0.0014846108421526748,-0.0006880013835763223,-0.0007742562154159673
2022-08-17 00:00:00+00:00,-0.010335757776449619,-0.008716603052472831,-0.012571714400096913,-0.005931773806372633,-0.005941603288708237,-0.015367458158118883,-0.01003551265114545,-0.008146388517754625,-0.014725963480226556,-0.008891484782115168,-0.015170219544698223,-0.005448948760924368,0.004872569577405538,-0.0017936147247315354,-0.0031907041775853227
2022-08-18 00:00:00+00:00,-0.0025878351549681075,0.0024015531707014728,0.004657530326422292,0.027854059972127962,0.0036917176773063835,-0.0021547731430740166,0.004049782439298744,0.012592292181577952,0.0022558492491764116,-0.007259516672001684,0.005968193290080677,0.0038300770869202716,0.0041870064591560535,-0.00034666582758537037,-0.0007480896454416502
2022-08-19 00:00:00+00:00,-0.015952013421008434,-0.01439812066048371,-0.016020164603945557,-0.009993056554115457,-0.021236901420337812,-0.008132147056984047,-0.018380649819918812,-0.016191593762080004,-0.01929017360516336,-0.01905608851459422,-0.017226451891020178,-0.009313783579235856,0.0038327596667154093,-0.0005627926220763656,-0.0020496602138883368
2022-08-22 00:00:00+00:00,-0.022746794237322045,-0.021850550568481147,-0.014611010495897019,-0.008334268586826179,-0.017149768070438914,-0.019946134284564727,-0.019079244350289994,-0.022475097939253487,-0.013348219127470187,-0.017148290465266048,-0.01706238128427773,-0.004873669843673949,0.004655485652160502,0.0015092280764445604,0.003390915395533732
2022-08-23 00:00:00+00:00,-0.006635076658753629,-0.0022244938381199234,0.0019937912048786145,0.03338802063569874,-0.0034226934471484256,-0.01222602829820678,-0.0023928288396188623,-0.004295247466607894,0.009910092768722635,-0.01080644591720203,-0.0009633137389657431,0.0041469598541638095,0.0017337019383496717,0.00028891998337891183,-4.972310208827663e-05
2022-08-24 00:00:00+00:00,0.0046240776847982475,0.009618483173778093,0.007075863496350124,0.014873540408325352,0.003660681223154884,0.003902500181707311,0.004531897016803168,-0.0003844854563839177,0.000926115334364222,0.006085484491463637,0.0095045887327685,0.0023279357488612176,0.0008213912271887863,-0.0009113198922846922,0.004717456397818438
2022-08-25 00:00:00+00:00,0.012932644682835602,0.01204811911713826,0.006888231891341067,0.008832557440883201,0.013853394872622698,0.015844412446297994,0.01433730618636428,0.018902294146814602,0.029391319793875957,0.01862699724821668,0.01645979143128849,0.006326290224690086,-0.0015722283838006338,3.3471994794404165e-05,-0.0006808924249680787
2022-08-26 00:00:00+00:00,-0.025906618781070596,-0.03389096705639799,-0.034102221298708706,-0.01958423586366595,-0.029910114163607664,-0.03871114279062467,-0.03723973206266406,-0.037572456757829484,-0.030252767041357598,-0.025585125792580626,-0.026773819383821458,-0.008987379548318887,0.002492048278308092,-0.002236241312504928,0.0019331747784296065
2022-08-29 00:00:00+00:00,-0.004524646945419832,0.0006516869024471795,-0.0013799703323766693,0.01629688257950225,-0.006485255515986565,-0.005936715456542849,-0.004301826144357465,-0.011543618612407812,-0.007529542432604538,-0.01215448677593259,0.0021220519730681523,-0.0010727821770962975,0.00021868589740735178,0.001124495571715952,0.00028784448325013424
2022-08-30 00:00:00+00:00,-0.009439301068531131,-0.009981230028056969,-0.010346273178509852,-0.03622273355015395,-0.007589825589013874,-0.006347314301810573,-0.013076721867508675,-0.010469320781423057,-0.019496261681726655,-0.01329757332926309,-0.01509905865129714,0.00031351569506225157,-0.003030996031761878,-0.0004307570483290512,-0.00304146382194295
2022-08-31 00:00:00+00:00,-0.0034179056494557385,-0.008604547536279946,-0.009334307766339754,-0.007955869134586206,-0.005880152703483174,-0.008358423317289046,-0.010078915108105093,-0.013763523194478528,-0.013655957494667779,-0.007880314422585603,-0.008347728585925973,-0.0026163785896890675,0.00119158632970547,-0.0020430174738054335,-0.00016306762214468758
2022-09-01 00:00:00+00:00,0.005746624102176113,0.00891244811370089,0.0010982738396393523,-0.024510159673665696,0.0043628534769724805,0.009849394361344476,0.006723647300148785,-0.0045736289438467635,-0.011484150718501172,0.004296782587856426,0.010963780698605216,-0.003704484021209996,-0.0011208850934018785,0.004860856324121152,-5.4348301404368114e-05
2022-09-02 00:00:00+00:00,-0.014747000482338953,-0.006990376977383812,-0.008266286617084671,0.023306608994516143,-0.006723160587409288,-0.011187909817013245,-0.010864305357071575,-0.00842333806620079,0.00020362575625607152,-0.006255121722778763,-0.009559062697874033,0.00012142858504693172,0.0020316735349551066,-0.002271278491848509,0.0021366743729730963
2022-09-06 00:00:00+00:00,-0.01210944493360383,-0.0036713050850911075,-0.009677769189855905,-0.01873067368943439,-0.0007667820698902491,-0.005385552363120699,0.00019656018587788592,-0.010117006833531596,-0.0031686256095412517,0.005526709573437261,-0.004294463992479575,0.00023841502546284804,0.0008949584717967928,-0.00013931820231807466,-0.0015280020219046264
2022-09-07 00:00:00+00:00,0.015294109173939118,0.027320878383382236,0.023239422662117884,-0.005406257176500781,0.02146401852481728,0.031001790953908967,0.022045817027235518,0.01844204866371258,0.021834916262511724,0.020548062625455388,0.035868469077395326,0.005138905238313457,-0.002591039983884137,-0.0012207121706321895,-0.00022822849957749615
2022-09-08 00:00:00+00:00,0.0027326420819176562,0.005944723583079643,0.006206913674749371,0.005763983531069757,0.015957386307021676,0.023058652489743776,0.004043390962492203,0.007397908271292722,0.01148538544428694,0.006539596902331622,0.011405831375785614,0.007194393389446681,0.0020310305315596115,0.0005376829302334747,0.0020436117876612577
2022-09-09 00:00:00+00:00,0.02469885288436774,0.008111914013731967,0.017114154989774942,0.03102506583902095,0.009961595980590588,0.01225741193067873,0.014751483806667052,0.013358901041789661,0.014738800003991661,0.012308239457455399,0.014845433936724833,0.004948416017592324,-0.0037342916556275087,-0.00029797894743560194,0.0026673931665514164
2022-09-12 00:00:00+00:00,0.0106582180223366,0.014181181421824203,0.006581462274640224,0.028577391913268965,0.010873218886536435,0.008934216596658214,0.006775667622339266,0.008901296397904337,0.006068368847489685,0.010230923635668823,0.015296868444928693,0.0032276835312122837,-0.004477173065373351,-0.0009000287106032574,-0.0010521812469566757
2022-09-13 00:00:00+00:00,-0.04398344302400199,-0.036246303068058906,-0.04134787039017501,-0.03938605420718138,-0.03593532481947728,-0.040725291689548825,-0.038761847009670634,-0.041803522050200076,-0.035901064936743984,-0.03908714607585871,-0.04021975510976756,-0.009407602224369592,0.003353473659071217,-0.002225601869606044,0.002050599312331841
2022-09-14 00:00:00+00:00,-0.0055222653716759705,0.0024485757165185742,-0.0014455244315757032,0.036344203268471965,0.0010854810321511406,-0.003762733459873087,0.00027063772251856213,0.0017002831490862255,-0.018239995989613872,-0.008895498860848694,0.015537174942067836,0.000958034209567196,-0.0004934388656382178,0.0023434862823725833,0.004379709517016688
2022-09-15 00:00:00+00:00,-0.0012778389026892884,-0.0047970525538995785,-0.010525692371556157,-0.03250098729412159,-0.003518315891246964,-0.0012938632707711728,-0.01897870659285683,-0.02075281086023641,-0.013675410050408187,-0.022460662360695143,-0.0245982767461783,-0.0009854157395341988,-0.0008226062130225883,-0.00585864096503753,-0.00028349142832005225
2022-09-16 00:00:00+00:00,-0.011184793676055349,0.00024974377001317125,-0.003359229376994178,-0.026574370597216873,-0.008243356748158792,-0.006785773823524162,-0.009013672866072587,0.0009164611840213974,-0.017821448187267355,0.0030613640637299705,-0.004960758472207015,-0.005462081866682779,0.0020377407558207867,0.005901303300496218,-0.0005903281599203444
2022-09-19 00:00:00+00:00,0.01017854462660988,0.010404205654952873,0.01065463843200311,0.00605197951092661,0.009070712164161434,-0.001921645411520329,0.014425380024098652,0.0033170656357688908,0.022288255362873786,-0.004492092524446663,0.01067775953049055,0.0035593895808512916,0.002760407426056292,-0.001696325044906962,-0.0025378100673725873
2022-09-20 00:00:00+00:00,-0.01636949207068489,-0.014400719836536452,-0.012915322917501098,-0.015816116140051833,-0.017286937357595056,-0.0175980482546563,-0.015286344397528805,-0.014752092435152414,-0.021277405248771343,-0.027785787999808513,-0.019824183628470844,-0.0037784457617593714,0.001996600216464084,0.0017713428509950153,-0.0007678178670854291
2022-09-21 00:00:00+00:00,-0.027205261742734344,-0.023221010023477987,-0.007576813739178869,-0.021060394779629385,-0.019666032819444353,-0.01978596334345366,-0.01628994071600312,-0.009645953456362402,-0.0224217437020733,-0.01863328254380916,-0.019451871547000482,-0.0030364154293909666,0.001523206183715953,-0.002666389042696107,-2.983106443226781e-05
2022-09-22 00:00:00+00:00,-0.012668041332450442,-0.01616189372520116,-0.01514603786401603,-0.007637023446687725,-0.01584325999362739,-0.008458681508491642,-0.013828478372194756,-0.009880074625333475,-0.00883752690268903,-0.015124521140991321,-0.0112759024873878,-0.009558012069540926,-0.0008070311720870787,0.004036365255489908,-0.0011511984452465115
2022-09-23 00:00:00+00:00,-0.020827906105905156,-0.01529788716001414,-0.01694119156712115,-0.06771483387784534,-0.01813983550709656,-0.0076692735893501415,-0.016501629567019876,-0.011319599341749139,-0.02199860431824673,-0.012888590939853017,-0.016379414399304515,-0.002894168634410578,-0.0021858077422536627,0.00039398454732383556,-0.0018535689704607663
2022-09-26 00:00:00+00:00,-0.014850457657310983,-0.006659815130015546,-0.007306178653754945,-0.03629619067055659,-0.01747099162566248,-0.011288597981596813,-0.012233071563843812,-0.013557793312221945,-0.01821293911501153,-0.026270653451659114,-0.030022568415659052,-1.8244308209796386e-05,0.0006861543278517748,0.001189860512455706,-0.0017130215910841958
2022-09-27 00:00:00+00:00,-0.0018494580089727084,0.0003759583874414765,-0.009430324643685113,0.011788575899659788,0.0010186467352283804,-0.0025410979266789462,-0.0017986741389378403,0.004629380109596987,0.0018016024698951395,-0.004245350130515143,-0.009142920924030282,0.0015305253937606424,0.003429796156000685,0.0009788291559597628,0.006477342660851885
2022-09-28 00:00:00+00:00,0.030620275183077073,0.025160575062834457,0.02023521525520901,0.04834043713015112,0.019569542438241026,0.02695817196144611,0.02521427481863352,0.015382099822349926,0.025433670176450568,0.025216387472849856,0.016911342921946168,0.004710177728655307,-0.0006510786756925985,-0.0005934778301964413,0.001254321468413101
2022-09-29 00:00:00+00:00,-0.022069216809070168,-0.026281102473258808,-0.02372675812183007,-0.006132949732696917,-0.013713115209156107,-0.010754778161383911,-0.01917917090424881,-0.014533211450251944,-0.013637814012044861,-0.02933859105888743,-0.04924429457501054,-0.00590466919320125,0.0011769253204993967,0.0001190579827455001,-0.002975287306554759
2022-09-30 00:00:00+00:00,-0.004891620910102951,-0.02435616110297164,-0.015417607897760557,-0.01170850788583146,-0.006013717832664448,-0.008656286062375895,-0.010661340446544564,-0.010523509518385613,-0.0055936003689464,0.00998363760559151,-0.02139375877497452,-0.0011383991114424516,0.004465544337377706,-0.002298803740362239,0.002179020850781912
2022-10-03 00:00:00+00:00,0.03226814055637139,0.01834097306702519,0.02149751643503142,0.05625370593554831,0.026350275332943346,0.026690326864111526,0.03232640822550011,0.032935339812057214,0.03338432846116353,0.01854209830445427,0.02949946581506418,0.0031173099984807924,0.0005307645542485563,-0.0006463091407424536,-0.0013177954899860605
2022-10-04 00:00:00+00:00,0.022256680129778425,0.03734407275117961,0.029036359855691914,0.051210962259600715,0.040431801278159436,0.0330385816052114,0.035138456242579115,0.027388800505184316,0.03426684393162442,0.019504058084515403,0.03829304077156934,0.011540353081981876,-0.0008959293080784934,-0.004000475488195383,0.00281759903735063
2022-10-05 00:00:00+00:00,-0.00731975244670085,0.0008028500330158665,-0.005614507132944395,0.01822419139861785,-0.004538242582613253,0.002020066225125145,-0.004343284082140032,0.006482127024136323,-0.011803385191599108,-0.016230145865799094,-0.02207663377557285,0.0008736952252085875,0.0004990481397906577,0.0016879768780925276,-0.0006039170077249568
2022-10-06 00:00:00+00:00,-0.010389587935601277,-0.01250497152472004,-0.010432904794348047,-0.0005939875014972411,-0.011337591854529145,-0.011474522633054157,-0.011790992143646059,-0.013905735857880665,-0.010518514666713016,-0.0248373687268535,-0.028837096442004894,0.001510627697882756,0.003416074136573458,-0.0015951294608778878,0.002934538172305058
2022-10-07 00:00:00+00:00,-0.01905241669318622,-0.016480716254268883,-0.023825474431982522,-0.011165526201582853,-0.0229900279002046,-0.025192845491486954,-0.02448777789662524,-0.028903825056844495,-0.025225272682050992,-0.028804073891542974,-0.028800714493689452,-0.008245835405110737,0.00231552222313737,-0.0020894777419966344,0.0002665013921074825
2022-10-10 00:00:00+00:00,-0.00491095398986956,-0.01087182034829038,-1.8579092560333e-05,-0.02416098578158002,-0.001373262202604854,-0.009805337021746125,0.004048919898259666,-0.0187946757244785,0.004044910098589443,-0.010334386218062907,-0.0039340232531481336,-0.00555892853679345,0.002078335036167808,0.0004050900324090532,0.0005055944536993301
2022-10-11 00:00:00+00:00,-0.018672936788193567,-0.0005911729260590672,0.0020002364988711985,0.0005122852707583572,-0.010402169796195359,0.0016908869692696727,-0.003865366294234493,-0.015136827856291096,-0.008166887760738024,0.0071959053964322835,-0.007041931486011258,-0.004921572101722107,-0.0005975684650255224,-0.0014453105380521903,0.00027618770620437867
2022-10-12 00:00:00+00:00,-0.0036135060485889383,0.00635112209350241,0.007501352986172232,0.013215213577687842,-0.003473458459284019,-0.0037465983107210737,-0.006001532539867295,-0.010964775469563297,-0.01201899173997129,-0.006461302210342815,-0.02040505514995453,0.0023347687021236436,-0.0037663108589169655,0.0014371286316160682,0.0028357566577974494
2022-10-13 00:00:00+00:00,0.025933454653946492,0.011190383085007027,0.009049082133560758,0.04036465951521037,0.03310920154315532,0.019082527443144467,0.014965971248256332,0.022270917718526146,0.031569260197267315,0.01283184629591982,0.020409667359272753,-0.0009478493689840865,-0.001496059249044739,0.0011184985000724625,-0.00549680406824092
2022-10-14 00:00:00+00:00,-0.009898246842476836,-0.01763634838076454,-0.02625192122139943,-0.0382371961479012,-0.024509704972773442,-0.015377500923477862,-0.023506095094711306,-0.026999644050771595,-0.03436934208498455,-0.02958863054219429,-0.01942972666873487,-0.005190082781618692,-0.002867070091264726,-0.0013448345407151875,-0.004095927955635046
2022-10-17 00:00:00+00:00,0.0170247009819019,0.028681858099005753,0.02242482694195165,0.020619423772312812,0.02644452802209189,0.025634496262041354,0.02971544948452223,0.024994193094832334,0.02640505366040207,0.043423463265245224,0.02866574765068704,0.009392318211598336,-0.0008699000153666696,0.003591472556765984,-7.892345578774766e-05
2022-10-18 00:00:00+00:00,0.02149853343530802,0.014773383302141022,0.019582122351051705,0.010292965603004097,0.015544311040742676,0.01466023628420452,0.02427462810596803,0.010355995566313825,0.02184930715004523,0.011790200787651705,0.02479197178735694,0.0036256991110496604,0.00040375403992211,-0.00038993328488936847,0.0013347802582896534
2022-10-19 00:00:00+00:00,-0.006265601021733868,-0.025269289449455605,-0.018294139238265946,0.016794565610162307,-0.01984766003318773,-0.022687312571609483,-0.019765460030483302,-0.0027948774627796643,-0.018185366238630065,-0.026202660772483597,-0.024417272796652147,-0.007325337806711194,0.006462245843400428,-0.0024741264267945824,-0.001380457054567021
2022-10-20 00:00:00+00:00,-0.007109033036985381,-0.011083662723181788,-0.01499633571269734,-0.007120980641913918,-0.014901023174861252,-0.013704024540164292,-0.016098977733209025,0.0006762183509483512,-0.001510976039278722,0.00013005263226072313,-0.022001386381241876,-0.0022710756108416967,-0.00035785341405793203,0.0019339954816592472,0.0042334467797258656
2022-10-21 00:00:00+00:00,0.024388666927631284,0.02373078293820582,0.02399109018592312,0.030319249907744834,0.025338704993308016,0.024013633432332166,0.027176465957235364,0.029734243133934028,0.04091059749798017,0.011844177580875434,0.024889465434400494,0.007718776990931718,0.0019210460626214367,0.001390256902995348,-0.0010613639996051027
2022-10-24 00:00:00+00:00,0.003161167676542674,0.002097405449325039,0.01345881926051777,-0.001868556948870637,0.013648071297171936,0.01725165134686377,0.015598654233010266,0.0072004836609168114,0.00026536963467085255,0.0031494233010496823,0.0038357798549366346,-0.000329477766511618,0.0014018296601642426,0.0011680539646848262,-0.0014149988719936812
2022-10-25 00:00:00+00:00,0.0046789518213588245,0.021267157175093046,0.02197103592867981,0.007286973177616859,0.01237464159429188,0.023227693476573028,0.014270986284549947,0.0074159876209677015,0.01653754488911173,0.035465895666986644,0.021978976848693335,0.005236412523337095,-0.0036395456610428516,-0.004346808164680755,0.0009624147619426704
2022-10-26 00:00:00+00:00,-0.016397752547718907,-0.0004893154302452996,0.014221837925759193,0.015685995078515,0.008360118377465503,0.012373594772271337,0.004797746967557132,0.014036763169307161,0.003182770325729937,-0.00020675457451548962,0.007390651512633321,-0.000340489360983884,0.0014302099528139957,0.001529333085131487,0.0047553480480840744
2022-10-27 00:00:00+00:00,-0.009253578206648131,-2.841553392493243e-05,-0.007477840759625891,-0.00127003460707544,0.005302567426470055,-0.012468224929888194,0.004846215000410379,-0.005506904396912168,-0.0039962332319116185,-0.006520331973448758,-0.00042853515770830883,-0.005514962526465969,0.0036554959011337396,-0.004122206741039722,0.0013014570885844833
2022-10-28 00:00:00+00:00,0.021495572665098477,0.026546837328976332,0.02506032549663028,0.0033251428635780404,0.028529947767733665,0.015962123243445547,0.0270133192839874,0.03155660008415261,0.010128460198856222,0.0256371353751868,0.02818391481917359,0.002366164968935854,0.00030963448706503027,0.002740148037787502,-0.001250106390165883
2022-10-31 00:00:00+00:00,-0.008884007110788775,-0.0019129508673706452,-0.009486927721447212,0.0021102078516173637,-0.00705505957190922,-0.004211999174494452,-0.004031081127587171,-0.005607236085129508,-0.008961034738988271,-0.002813626705018271,-0.010666398420425608,-0.002715793854988556,0.005370705151044274,-0.0021889654208963223,0.0027587987542859486
2022-11-01 00:00:00+00:00,0.0026612073944560543,0.0005616969754577879,0.00020916222947689987,0.010615413613665631,0.0007349045804611981,0.004574230707521534,0.0026711533057529892,0.0012762698302236104,0.0012676349801743446,0.00225671107474814,0.006523630416262812,0.0036958965390753366,0.0012697872920305216,-0.0027026291395098262,0.0013458583596273888
2022-11-02 00:00:00+00:00,-0.02877504024531414,-0.02371003665420219,-0.028085277344852826,-0.027748152174974325,-0.012824772987944558,-0.019796699610535207,-0.024361184816566753,-0.031514969552244226,-0.0338607352749503,-0.02951017991839917,-0.015340835433766147,-0.008138646025372788,0.00034307122988092194,-0.001683598836374393,-0.0006392496111557126
2022-11-03 00:00:00+00:00,-0.014938737831930227,-0.0005785204117768747,0.003062516104153694,0.012757832936549227,-0.017492153932966364,-0.006534123146910317,0.004728904208861945,-0.014503039730535194,0.0011700319578965526,-0.004987399711580313,0.0033284428797858805,0.0040534398795613125,0.00564208504394051,-0.002419779152125329,0.0012446898895158117
2022-11-04 00:00:00+00:00,-0.0032880288048237664,0.013668861393087539,0.010939646995797117,0.023174742079142874,0.018670686172999152,0.01479754537966646,0.007571517600139251,0.010865371713134888,0.04085114339094706,0.01637999833368665,0.005796989251823757,0.003994013698577118,-0.0010562937368846538,0.0013101909547100924,-0.005781527070332375
2022-11-07 00:00:00+00:00,-0.0021335504853498607,-0.0028313115015181902,0.009322446158390188,0.025216216721925606,0.010149892117057741,0.014991599267514873,0.011977849178762151,0.012673167702981032,0.008884399321136114,-0.00034586569766671194,-0.015347596960109924,-0.0007873325757662029,-0.00029138863328124673,0.0017360139773901192,-0.002763606479264847
2022-11-08 00:00:00+00:00,0.004062711791704844,0.0028940519732892616,0.0052963074094717465,-0.0043402758606318915,0.0026918599248320456,0.0037957831891116496,0.01192810837243646,0.004617161588797298,0.014676151647255066,0.008834613770324313,0.007098042423387678,0.0012139923498891167,0.0013198804984726426,0.0033148040369576073,-0.0009449860325180093
2022-11-09 00:00:00+00:00,-0.02521730000825943,-0.012605953590371921,-0.026535067984368298,-0.04822839595370708,-0.022289355400569574,-0.01296891788401915,-0.01496370387105914,-0.012469436091168566,-0.022446546923967137,-0.01764585154703076,-0.019070889377549333,-0.007522895983717759,0.0005273059726850111,-0.0007113616114131673,-0.0032566057030831517
2022-11-10 00:00:00+00:00,0.05869397037512783,0.05483980962593862,0.05462810079411442,0.04870853899452327,0.0553463300146678,0.0539856843230332,0.05212298987169241,0.05982973615393913,0.057061030364649844,0.07671348457568565,0.06807283022806661,0.023760812570914926,-0.010866838011218013,-0.0011781370867859388,0.00020098467871502643
2022-11-11 00:00:00+00:00,0.011966304102171758,0.016211583238814116,0.01575169453430771,0.05623657584182869,0.005446108906476191,0.011120102890638512,0.0037039420970548477,0.010515098332014696,0.012700232427634678,-0.007001769660650695,-0.0032926653343597193,0.010615051424856924,-0.014834050854044578,-0.001222818280170711,0.0006770486965827103
2022-11-14 00:00:00+00:00,-0.0033393747140898463,-0.01167283913916287,-0.016173078823517324,-0.020640733220557338,-0.01719660779889829,-0.009005764093545374,-0.006862026472269824,-0.00454643243903541,-0.0007741713347771538,-0.019731326538336525,-0.015989330335868752,-0.007691491821867099,0.004629127244351797,0.0035034175001995033,0.0012964057017692647
2022-11-15 00:00:00+00:00,0.010709056198584609,0.005890347087981071,0.0124570133701355,0.016704323872527578,0.004042679563397714,0.005558426471661353,0.007951785651877747,0.018054541691077237,-0.003657365633596457,0.012754828834355181,0.011669331208050329,0.004039576135152873,0.0007131176025373183,-0.001396157910193649,0.000936768412948691
2022-11-16 00:00:00+00:00,-0.0015864014117786028,-8.720653024881994e-05,-0.010951562680984378,-0.037466113381342106,-0.007172210577647835,-0.007617054273853778,-0.010092245606915386,-0.01290388257932737,-0.009848888366350865,-0.012110650947506048,-0.0030316579213282187,-0.00847175159344646,0.004927758426890322,-6.884012623404982e-05,-0.004007207780946771
2022-11-17 00:00:00+00:00,-0.005667979152858355,-0.0021475690736917213,-0.005637891239822917,-0.00603598270493181,-0.005481361406616621,-0.014655264553689509,-0.0026783881928521946,0.0020833026644067254,-0.006048115845496455,-0.005598298861556544,-0.01851860483494815,-0.007098325118655411,0.0020618031560788647,0.0015897487633156366,0.0028177790639201854
2022-11-18 00:00:00+00:00,-0.000993114353672567,0.007008530323197235,0.006813900142615461,-0.011540017184649604,0.00488961265447348,0.009433371253227227,0.006788061438420138,0.003809704260283497,0.0028177751621248654,0.01109403820523687,0.014787276429055786,-0.0014759267841726433,0.0018669492343636107,-0.003021269183400112,-0.003988004871570503
2022-11-21 00:00:00+00:00,-0.0027237826505145776,-0.00424091218826432,-0.0015379017375108466,-0.02424981286420444,0.001055979333002173,0.0017210417578827743,-0.00041524484930254566,-0.006250968338858574,0.008504668606841828,0.000613979210963694,-0.003294375166426855,-0.005058856954436928,0.0020272734594217645,-0.000225937797215065,-0.003933069675887198
2022-11-22 00:00:00+00:00,0.015298520977331987,0.014845115518108479,0.007288091544471192,0.03688008005263594,0.011152234709806998,0.009591411361448452,0.006429637002959906,0.01687567091416895,0.019949006172258338,0.005649124972510283,0.010397509971920764,0.0026531308632786596,0.0005242321479786947,-0.0005288539235178639,-0.0011765093266623994
2022-11-23 00:00:00+00:00,0.009005700192834379,0.009316989433303904,0.00555705237059863,-0.00683925324040881,0.006618204620164758,0.005813323883987446,0.005037313729743894,0.00939202598311965,0.003472660140968369,0.0008119709670180042,0.014599660429995777,0.001265078433962822,-0.0043316934864362985,0.0007381226741750399,0.0034131248438780573
2022-11-25 00:00:00+00:00,0.0032807297119859516,0.0038213849959582123,-0.0008500983869326097,-0.003624640679701443,0.0033701048539751437,0.0036746678019752856,0.0014095869670854991,0.0008081937912433498,-0.001243040412552431,0.0042010122286064685,0.003013833358054521,-0.002399235483080988,0.0012597114701331197,-0.0025450823502112833,-0.00011801121405058271
2022-11-28 00:00:00+00:00,-0.016479011549040468,-0.009020077113382296,-0.011955456448345479,-0.028718629520946486,-0.01974271965438914,-0.016917178774111103,-0.0203704616810498,-0.01812580846309514,-0.023433669675463585,-0.024365038045742145,-0.014321547827849385,-0.005811817147708989,0.0011191244068121083,0.0018112457323425407,0.001360793928553249
2022-11-29 00:00:00+00:00,0.003977393576278318,0.006353332031948982,-0.0032044118704202813,0.018253016010507054,0.0057084195281979595,-0.000373820902086556,0.0010098570004887437,-0.009740482304639838,0.006677244979473617,0.014050190258789882,-0.005159635701931468,-0.00022798888061658913,-0.0012805417320436293,-0.0020175770307419775,-0.0005888557741765364
2022-11-30 00:00:00+00:00,0.03452702670707342,0.020806880664668972,0.024847403395247148,0.01362718319205583,0.022419652216134435,0.026603190341189065,0.021970660526689254,0.04077050851475823,0.024527927751453668,0.027324114142626036,0.030959930495058106,0.005594676276447408,-0.0022523951959037315,0.0034000246370289996,0.0015521325596627427
2022-12-01 00:00:00+00:00,0.0022143552315890603,0.0030998412391536586,-0.007934421829627798,-0.00024653114919977843,-0.0031136344889272226,0.00796524705944912,0.0012097645487790416,0.0020019356152135184,-0.0029210291860853666,-0.005542911287305896,-0.005070784061179894,4.918822561613724e-05,-0.0014833333429199653,-0.0024169615058891574,-0.0005124854122361745
2022-12-02 00:00:00+00:00,0.0032689555546908666,-0.0004789946471464063,0.0025022853671275215,-0.007981369504108762,-0.0023922670588952142,-0.0018614569942148405,0.004270636017291,-0.007489630894815887,0.011654670898812263,-0.00334147123401326,-0.007412841251255231,-0.002354724102654023,0.0006884284499019164,0.0001896232653989681,0.001563205205074728
2022-12-05 00:00:00+00:00,-0.01711395669323004,-0.014415296974702882,-0.020965679639217458,-0.03458776483845875,-0.023494282108766404,-0.0181646018151188,-0.01729616098298403,-0.015563327890540893,-0.018095831165843658,-0.018576719849716206,-0.011870155041218904,-0.004680993737947555,0.0012011316881791918,0.001748593418281718,-0.002595262028501387
2022-12-06 00:00:00+00:00,-0.02758409264446491,-0.012857162111098011,-0.010869031537005743,-0.03032374127730491,-0.010142111671238054,-0.010672601049875344,-0.011891970905742988,-0.012864636954778587,-0.007774544291811806,-0.012799787199182273,-0.0020474497489967364,-0.003308752719412807,0.0025146610021776847,-0.0017017979207870943,-0.002608065543297463
2022-12-07 00:00:00+00:00,-0.0011980164421170096,-0.010219058353565097,0.00035512789767888023,-0.014835843585992397,-0.005362450495494761,0.00929921589120052,-0.002175256418791316,-0.0014124124506446239,-0.0022354222710697044,0.004749960317227777,-0.008703041112632336,-0.0017379608405435,0.004033250205295856,0.0019668340414315927,-0.0027362113721732823
2022-12-08 00:00:00+00:00,-0.0031149772651839058,0.010296840625675497,0.008159055977090098,-0.004839107977638159,0.0018504639294583554,0.010059398949116291,0.00552547486762458,0.017842586335824258,0.0023046499454580536,0.006428733559936896,0.009299545906238785,0.0036316505610816743,-0.002784632826677037,-0.0005221552657976801,0.0005617244146278936
2022-12-09 00:00:00+00:00,0.0006327728448340306,-0.008798369271510583,-0.009806488977267927,-0.018584203178646286,-0.005066816204893957,-0.009843371050667274,-0.007375972447353815,-0.0071753739345014785,-0.00481998593341926,-0.0059086191470641555,-0.004827625065235432,-0.0001558514334986951,-0.003805073130224223,-0.0010275023349491583,-0.0021578118130245044
2022-12-12 00:00:00+00:00,0.009970010194992903,0.010299512955289372,0.01102474263640775,0.037975661965376536,0.012094917470331772,0.010103927660724937,0.015296971704213866,0.01690329493519033,0.006647054188808309,0.007743361950140733,0.018631269113619574,0.00322549586673716,-0.0011523381269601804,0.00016644574407759672,-0.001784677169538446
2022-12-13 00:00:00+00:00,0.013884838108833897,-0.002682830726647602,0.007249274594473125,0.019711383937838604,0.0013750592462128109,0.016870666608730395,0.004549960366458498,0.009235662017956177,0.011362335896875402,0.012741089682774896,0.011005402869261714,0.007930108099732543,0.0013473414233662404,-0.0017038489223729788,-0.0019448432778394302
2022-12-14 00:00:00+00:00,-0.013258958855912129,-0.00221914462456439,0.0011326777652187953,0.0006971524612214411,-0.012656050210147448,-0.0023668371350127598,-0.001539137556544287,-0.010521892706274915,-0.013554343059533206,-0.004563946518082487,-0.0009939825893475326,-0.0031635684592108827,-0.0007529208701872272,0.00030479194864922797,0.003897032284655777
2022-12-15 00:00:00+00:00,-0.039932029622198176,-0.009527076714122909,-0.028081810045121426,-0.010685604800900089,-0.02075273055197276,-0.02333191626591712,-0.031055546947874903,-0.03202680418292327,-0.029435572697511268,-0.01942989955219993,-0.019986722892511976,-0.006952796235795708,0.00023767831448234453,-0.0018035621995644725,-0.0005344019604010459
2022-12-16 00:00:00+00:00,-0.003084273597470706,-0.019096400104527143,-0.007206694372771959,-0.022117224062040683,-0.00943369409726885,-0.015098308013710393,-0.007763320129508284,-0.009387443561388981,-0.0054292490087553096,-0.021378086790364164,-0.016500564134704382,-0.0033310454064535908,0.0024681619075789373,0.0018769417810721445,0.0014488819170366436
2022-12-19 00:00:00+00:00,-0.018456918749875116,-0.011841501479415501,-0.010041711338848017,-0.0084377230033262,-0.005932566248061017,-0.006639718149087644,-0.0057457600098040195,-0.008373972493783747,-0.012645054218380388,-0.013590062232008773,-0.008930704664604036,-0.004076372621947836,0.0024984222277037284,0.0006019864215984563,-0.0019097074118895573
2022-12-20 00:00:00+00:00,0.0113856301115907,-0.0015451906891955692,0.0010917050215235792,0.011431755239971867,0.005201332498327314,0.0018829017040357559,0.001480182190028124,0.0015633347314226592,0.008698455653495224,-0.0006091908364918185,0.003253509709280019,0.001117800544147622,0.0019913762158027563,0.0003667946597062635,0.0013430467473192894
2022-12-21 00:00:00+00:00,0.01977114148726534,0.01445907969137593,0.010249154051162286,0.021084332347764603,0.016173584366246,0.01627495126142978,0.015331594157961094,0.010900567365686792,0.008418636788130238,0.0076429434096873215,0.014499504248239066,0.0036917215147266947,0.0016088097926387664,-0.0016093510967438406,-0.001765758128828069
2022-12-22 00:00:00+00:00,-0.002857525846959414,-0.01264630098459581,-0.00893169530393945,-0.02578479149688056,-0.01052987757368769,-0.004323459454945734,-0.015697859583957943,-0.01644651194325462,-0.014459133774947234,-0.010510828153307386,-0.014546147074692223,-0.006589887098412666,-0.0019508165257373887,-0.0034354659853056265,-0.0015176241927255304
2022-12-23 00:00:00+00:00,0.012020400197954457,0.0028451678798955965,0.0045699774900764024,0.03134276630523313,0.006759593631150066,-0.000736551921312369,0.006843417744050236,0.0014512519580799496,0.007545713204864557,0.008457841479714397,0.00695765406211434,0.0002370164986943067,-0.0001938271401016726,-0.0002074573057527535,-0.0019981502306068693
2022-12-27 00:00:00+00:00,-0.003870766864699897,0.003290660107422947,-0.002658716160506891,0.0077462143405809415,-0.0015664831467779095,-0.004099396736860419,-0.0011606361825137424,0.002016262678008708,0.00012954169033663188,-0.004251357253751384,-0.002250961700684608,-0.004913554129640975,-0.000561841493122891,-0.0028062014148387136,-0.004463481272525177
2022-12-28 00:00:00+00:00,-0.01682301283460526,-0.013702621502742077,-0.013611116201313885,-0.026828433843241142,-0.009229657582321152,-0.008093254519423384,-0.011167327103541621,-0.014360713880735763,-0.015736494922316525,-0.015951316282559545,-0.007113935477993827,-0.001001464205317402,-0.002163338594287226,0.0025026694889984597,0.0005324887542945056
2022-12-29 00:00:00+00:00,0.017412887493848506,0.018503452124705232,0.016197212700273526,0.021311094595974946,0.014959022731241362,0.020146387722535696,0.015408065165917754,0.019381557125052476,0.009243508933015423,0.01666355170878334,0.013474464710540875,0.008425904618119194,-0.005706618019335906,-0.0018243918597012046,0.0006895473728261358
2022-12-30 00:00:00+00:00,-0.0004290803092573183,-0.0005968073047670675,-0.004691291527837995,0.007906457616184666,-0.0025222335756075356,-0.005189345259466945,-0.0033126923661051695,-0.0002603523529131628,-0.00520703231970348,-0.0062512286657038065,-0.009507210055668687,-0.0012788523499396528,-0.0006833016533693448,0.001893731515896503,0.002062453738829107
2023-01-03 00:00:00+00:00,0.005414595040424768,0.001492257404094835,-0.0072471899314263295,-0.036670494046625826,0.0011753754182223656,-0.0010281672980795757,0.001011221418202979,-0.002267857638948879,0.003232650652968719,-0.0070487739973956786,-0.01064586204507445,-0.0011701215942928737,-0.004789854982768994,-0.0016224773278915266,-0.004563306648108375
2023-01-04 00:00:00+00:00,0.0211418517262291,0.022258141713392278,0.01321096162920004,0.01187774981358903,0.016765339751078353,0.014229375511054606,0.008379542171441908,0.00825075062123294,0.020982640054018738,0.01647531610492939,0.013710212427415743,0.006066148231958709,-0.006347845420082973,-0.0016833938258270344,5.982091544411497e-05
2023-01-05 00:00:00+00:00,-0.0014004220997431817,0.0015103497162064494,-0.013823043680778994,0.007400125425844289,-0.010797068560231373,-0.010115815941103478,-0.012269226103782005,-0.01594822758022825,-0.008696649701869816,-0.025632247130703313,-0.025909030740839077,-0.004869473102585667,0.002248584718593058,0.00047043446191770335,-0.00027868750324940494
2023-01-06 00:00:00+00:00,0.016466039072807703,0.018435751899586975,0.02327142580288919,0.02118802199349366,0.023593211126084448,0.010183911930977192,0.02814295433565204,0.028813791872913587,0.03130360978391697,0.029646731560931797,0.024056149559514083,0.0024957921278738965,0.00211030878152591,0.001355321958535053,-0.0014785635219104094
2023-01-09 00:00:00+00:00,-0.006031393057561097,-0.006859601231107487,0.005199862576016831,0.010274963346166599,0.0010218682363582472,-0.005247190556830205,0.0025037032677632854,0.004950913145089136,0.0029314646941518514,-0.0009679523474294815,0.015360464870414058,0.009767058218519838,-0.001968839468487983,-0.0005246565438590265,0.0025715068733527043
2023-01-10 00:00:00+00:00,0.0163241303507667,0.00875421745314506,0.0036302227259870745,0.0040093710917087,0.008349691667297059,0.014850853304249578,0.006580242084268428,0.0025344099255976004,0.008866645447860394,0.003485807538103059,0.006342621991307156,0.00406323518325967,-0.00038525103836276314,0.0009551559077709709,0.0010647527965941604
2023-01-11 00:00:00+00:00,0.0007780547950971122,0.019553899716702655,0.009168610618813383,0.0096778579013297,0.008705117997722518,0.010871502384202557,0.013347957757827964,0.007474111236287146,0.013547398254625006,0.032675397446866525,0.01107917038378077,0.00657825020085674,-0.004631103431175433,-0.0004553659998748913,-0.0017896318021938945
2023-01-12 00:00:00+00:00,0.0027615422852000516,0.009313725134608146,0.004047913855675296,0.025106249284064783,0.006177558717821871,-0.0023117501143493815,0.006356170599816245,0.0006960998108127921,0.006104096400413027,0.012776771954282643,0.002948848829722142,0.005127559892592632,-0.0009717085521904921,-0.0009533910778364713,0.0053017689896653186
2023-01-13 00:00:00+00:00,0.0042889511988658665,0.00039700697826065357,0.00873429180803945,-0.0017943962001536475,0.0053721087953741194,0.005175442012803081,0.001783479984736204,0.0013002021185550545,0.00458880617753668,-0.0046121942703881485,-0.00447245644364875,0.0018726248448775265,0.0018889768259131843,0.00044257219731297235,0.0012325404947045168
2023-01-17 00:00:00+00:00,-0.01216704033177919,-0.00015040201398848485,0.00549387681789867,0.0040839489873555025,-0.0012984591445851213,7.240718647814007e-05,-0.007692371835491991,0.0015571058640894981,-0.008423009484500631,0.005353327682611433,0.0032543296841143743,0.0007718299506492468,-0.0018826555371857833,-0.0005884697559661678,0.004706297534388014
2023-01-18 00:00:00+00:00,-0.01371765232612071,-0.01115395588577791,-0.027422048544272087,-0.020338848103809364,-0.016177324950157508,-0.012837819054505163,-0.016121433623245807,-0.009258570444583902,-0.014249206973954402,-0.015300327506696616,-0.025402249078299306,-0.0003138471626200857,0.0009099593768313787,-0.0004616366439460749,-0.0004854838649353335
2023-01-19 00:00:00+00:00,-0.000558482273278053,-0.01236327570037853,-0.0124991725981917,0.014112422333750313,-0.012147215730215712,-0.0010372114175768257,-0.019727255912632885,-0.01307643710923821,-0.0067771399360168644,-0.008411649827259522,-0.01092021182598969,-0.0046855322662811075,-0.0026200368684051447,0.0022785391542399394,-0.0014033026576572077
2023-01-20 00:00:00+00:00,0.02054715600087726,0.01278811571806843,0.018063226040832978,0.014179696644599588,0.02050365481095795,0.015013572658996154,0.017537749864625994,0.016843201811564873,0.01905787190535793,0.013587944409455937,0.014703145906114812,0.007904743853886646,-0.0031995750302730597,0.0004718610388039328,2.3186966103638188e-05
2023-01-23 00:00:00+00:00,0.013935082687102718,0.00992554207024584,0.01489959633228078,0.00636940908120701,0.010950139159075015,0.011195016201595902,0.014105808084142978,0.02251728860667577,0.0051801129734084395,0.006177153254377259,0.008989087434579915,0.0073905351682655475,-0.0027260052132573476,0.0008500460222778277,0.0019202611297614303
2023-01-24 00:00:00+00:00,0.01250236623849863,-0.000302705208205278,-0.0016166753385226662,-0.01585987306615939,-0.0013822588953724322,-0.015242406669638527,0.0032745505765589115,-0.003776290599303989,-0.004097714869240459,0.006384111880872971,0.001799953353483927,-0.0033160441336028915,0.005663449927627098,-0.0013845877360201115,0.0007197961934607752
2023-01-25 00:00:00+00:00,0.010238117151362195,0.008363237166644107,0.003954075905695643,0.006438282233926429,0.007041199257578676,0.001619827033478063,-0.004550034161465086,0.0011077395957945692,0.004339927298696698,0.001056638549365222,-0.0010780261137026575,-0.0015765919513484005,-0.00163474707073776,0.001778306395272581,0.001054101797510624
2023-01-26 00:00:00+00:00,0.00877522144299751,0.0020906057762113887,-0.001538091041612845,0.017379575019769434,0.007093047605461903,0.00779750453819391,0.002294066333064132,0.006198904610369263,0.010266987859722826,0.01247849314567244,0.00614712929549657,0.0031008615643800383,0.0020783678137689214,0.0013787713407827583,-0.00029780244237797735
2023-01-27 00:00:00+00:00,-0.0036213836302563004,0.005664600581147239,0.0047597437218204275,0.0023230434842655824,0.0030584908509923344,0.0002603931507987481,0.007666194970591145,-0.0015355224818448137,0.0020440120129890183,0.012529004110003546,0.008398945032272195,0.004847860674219994,-0.008105946732311556,0.00021461349247047607,0.0027278120155776104
2023-01-30 00:00:00+00:00,-0.011482624885795573,-0.0006795704030836056,-0.005475156567067922,-0.022965482943551718,-0.0059029526549117,-0.010672903889019864,-0.00925221394953584,-0.011830012610585534,-0.00760885160968097,-0.017539843799180638,-0.008610286374909267,-0.004815878054838799,-0.001181211817677706,-0.0023294815821381797,-0.001900939961946865
2023-01-31 00:00:00+00:00,0.006451329356993499,0.018773127011988338,0.015734197328130476,0.010220038556502449,0.012764756717619175,0.017776794753747438,0.021433469700339512,0.010153999933430895,0.021688957849505787,0.01466585919058726,0.010878993024827662,0.005674242114593323,-0.0016611132596051625,-0.002835472406928677,-0.0022123747798067786
2023-02-01 00:00:00+00:00,0.02534910707703455,0.01084021003087191,0.024849687919051275,-0.009056085979860472,0.005778928925318378,0.017488077489891514,0.014305497576389062,0.021700809620792995,0.00701767187345206,0.012606688488310046,0.01757631599590185,0.011134319906105288,-0.0038326284849917553,0.0031541073375248815,0.004956785466068988
2023-02-02 00:00:00+00:00,0.009753597303697063,0.0003523247214766252,0.0005337087536662296,-0.00790336915191641,0.004091181555724703,0.009908277969679292,0.012696466492982025,0.006753973017826239,0.0010213088751764847,0.015359117518025621,0.004137817888041139,0.0067878858009955065,-0.007922186606048046,-0.0028652730496070917,-0.003194406341081074
2023-02-03 00:00:00+00:00,-0.009698173741264625,-0.006770099009015252,-0.00561224133296092,-0.00832616661033503,-0.001290805561090325,-0.008785018949180289,-0.004520392815413452,-0.009216490728074797,-0.011846082060109649,-0.015352288011995972,-0.022321869913477132,-0.0014418028889407928,0.004289153786056101,0.0010037564139223885,0.0002736622511644389
2023-02-06 00:00:00+00:00,-0.012808362866370155,-0.003886546679451462,-0.005002144000561658,-0.013382454962069346,-0.003202211746168267,-0.015139047193201343,-0.00530099844036846,-0.00970500589011333,-0.010654109089195988,-0.0058614926313106195,0.0031904426714404912,-0.006148614125878236,0.0021055486590219876,0.002503559125676935,0.0013485461411236516
2023-02-07 00:00:00+00:00,0.006777957697277031,0.0021300704672811213,-0.00254576267061563,0.029610266879180346,0.012078901847580868,0.00810998546111951,0.003985219291322036,0.018560368200639537,0.0032428374020392905,0.0002765395360242402,0.0030539045610657517,0.0043230437237671265,0.0008929505013791916,0.001491171398631854,0.0001164656662493009
2023-02-08 00:00:00+00:00,0.012779218865014689,-0.006507832875455422,-0.005063977433362755,-0.007564275982485983,-0.005655625794634722,-0.006127043120254131,-0.011708350107588887,-0.009807485727684773,-0.012134469521856116,-0.0008539367927962925,-0.014460820812631737,-0.0019847545784289528,0.00020416895007987438,-0.003855404730265898,0.0040475990146104125
2023-02-09 00:00:00+00:00,-0.015580545264770783,-0.0020575527918089307,-0.008956477990866142,-0.015655150343082822,-0.015428029407895338,-0.013497591233638688,-0.009933567738385829,0.0010833203327911783,-0.014561454960869746,-0.006351836208879477,-0.012671357198147456,-0.0021580744448357306,0.005107969705502121,0.0007726154118520803,0.0002521692352004453
2023-02-10 00:00:00+00:00,-0.014364809467840516,-0.011339806633772542,-0.0007880310302379942,0.0325351773483486,0.004970629992803684,-0.000729527893001613,0.0030439386120739848,0.0005066671825794725,0.005776144747369641,0.0065000062504950214,0.011968971365118361,-0.00831845635651754,0.0032785025580830806,0.0011237666325422785,0.0010956796265108176
2023-02-13 00:00:00+00:00,0.010357141015571286,0.01929849637576685,0.01697401823916493,-0.004164079535836366,0.009101807731767093,0.013668568838148548,0.010268972277254911,0.011205948061203144,0.004417998584141927,0.006877604496663399,0.0076712386544851435,0.006621394566081916,0.0011402289393735738,-0.0011759501913757263,-0.0013978481433704476
2023-02-14 00:00:00+00:00,-0.0031015201954466536,0.004794676093662432,-0.0014209136850723836,0.001272567851780677,-0.007235792533813895,-0.0023939295216619362,0.00044698015554577367,0.0023547429331407755,0.002522056522170259,-0.0057176726499087675,0.0033084278757932704,0.004282462287527357,-0.0013387146547084593,0.0016425462508327104,0.0028613848825152304
2023-02-15 00:00:00+00:00,0.024757431913856955,0.007246630561164665,0.012794692388254241,-0.007170829839805708,0.007819143617231822,0.0019744437607956624,0.010035873787297143,0.002836521901068082,0.009598412864766336,0.0006448607958009037,0.01352356140610238,0.006766414441686056,-0.00451889111813451,-0.001962016953847805,0.004959561890007707
2023-02-16 00:00:00+00:00,-0.013835235002121509,-0.009194768685684793,-0.017205031267145034,-0.013477893487862687,-0.012101276787728509,-0.010268345054143075,-0.011192851291913015,-0.01183245975044767,-0.010616445755725113,-0.01134255877889171,-0.01676543736471083,-0.007034478126528171,0.0019687050222335586,-0.0033815008250848875,-0.0024112356288707865
2023-02-17 00:00:00+00:00,0.0008221178326908787,-0.0027135400319950255,0.003977453439140494,-0.037847184953176946,-0.0005394884856431542,0.001453085194402683,0.004962192810817968,-0.00459989264852213,-0.007870174775781915,-0.005120454848665905,0.005236521931394003,-0.00501775975793911,-0.001962034474108666,0.0007895956543728813,-0.0011551649974076152
2023-02-21 00:00:00+00:00,-0.027040893202307417,-0.021527961282937942,-0.01141861759683888,-0.007681723438913353,-0.02071857197247948,-0.021581879229892294,-0.026570231909944918,-0.018824510063401044,-0.022386044377929147,-0.023802737569344853,-0.021316446550917658,-0.008935517027018013,0.001065306461896818,0.0016441600420163656,0.0009367942672757357
2023-02-22 00:00:00+00:00,0.002067261587517511,-0.0019373299589449753,0.0007991919202009995,0.0010500120119948495,-0.0004079410952501269,-0.0034483867722084035,0.0013997742602430599,2.2028062287577724e-05,0.0075520896355047665,-0.0021662587681045226,-0.0007252221059433365,0.0012008456373295293,-0.0005226541039249676,0.00035948470571940325,0.0027180702517200024
2023-02-23 00:00:00+00:00,-0.002818968083358902,-0.0074525003982292125,0.0013673938461098963,0.007311876991774096,0.0009618193231677814,0.005440763422028072,0.005485861445825072,0.005187152575256834,-0.0006058070485746228,0.01085744726013924,-0.002178060183277859,0.0038206808075051516,0.004481584275407867,-0.0022865584493016915,-0.001791157212913111
2023-02-24 00:00:00+00:00,-0.012348808983845107,-0.012739024497842887,-0.011330050311508317,-0.0012505413815604887,-0.0060690969724946555,-0.017006823388658734,-0.004660759091755457,-0.01202456719032128,0.001492503703600703,-0.015312641699471854,-0.004082772400187441,-0.004007572573721908,0.0024441644205523954,0.00028894922068179677,-0.0010175513738412186
2023-02-27 00:00:00+00:00,-0.0002448833236900693,0.00701515857470046,0.0035906061767998,0.0017118346232372524,0.0016513615369606635,-0.0027720685789961374,0.006231048086228056,-0.00038370336724933033,0.004153498189206691,0.002151706965961489,-0.0019004367295543138,0.0029581914683484817,0.0016274445483484073,0.0021813532057139698,0.0007098189104328247
2023-02-28 00:00:00+00:00,-0.0070632804841907456,-0.005910459537733625,-0.003448275297118617,-0.017036374796273304,0.000948744380445721,-0.0052586823829648376,-0.00014232614726100603,-0.004756272425548503,0.00144499094546306,-0.0010312235641339036,-0.013831366334281585,0.0028538819717746967,0.0005985152842119244,-0.0003871693906451999,0.0011393642514126276
2023-03-01 00:00:00+00:00,-0.0071475657852351,-0.005714701646221515,-0.004185276411722745,0.018679383825583696,-0.002134104646153074,0.001349034917477218,0.0023177811925557453,0.00380639524784954,0.005271863824760167,-0.010614531743224166,-0.014478511743942248,-0.00023648774348000614,0.0048409004438028265,0.0008534219517937743,0.002208589862606693
2023-03-02 00:00:00+00:00,0.00933890149580148,0.008269437426394424,0.0110534139840468,0.0069263359482140815,-0.0043370600662144,0.00600179391664328,0.010880142525551442,0.002350150408835079,0.01669454357298646,0.00764089276829869,0.01594429539866953,0.0008749652286769234,-0.000408057836885343,-0.0001205075828266712,-0.0001385636764026461
2023-03-03 00:00:00+00:00,0.008923249825791613,0.013778363276973123,0.013001905137749849,0.02100327108314181,0.013790039710063883,0.01806155099623045,0.013916386410307107,0.009103899765599648,0.009644960591706709,0.017660649153020326,0.02079072326183205,0.007303630456767718,-0.00017235916729822602,0.001489960224387632,0.0009350221800101524
2023-03-06 00:00:00+00:00,-0.0013299528175588216,-0.004133877017104141,-0.0042912003240225104,-0.010849581992278213,-0.0021700220262718174,-0.007022359850362812,-0.004844073571232727,-0.0003009412481604773,-0.015353961854257412,-0.0007937815989358122,0.00836766032959407,-0.0035659019545175395,0.0016333287320658364,0.0008811214610881999,-0.001354196360253545
2023-03-07 00:00:00+00:00,-0.01350076737463515,-0.011054079406896726,-0.007289169640112019,-0.017599587357880503,-0.021248109557900435,-0.01945560802915817,-0.010982217828876435,-0.011850988220925618,-0.020061453863952396,-0.021056522508228665,-0.01167218064821608,-0.0021869176151699046,0.0016211309969111458,4.626478902163868e-05,0.0036051104897963544
2023-03-08 00:00:00+00:00,0.002143054735719336,-0.0009829070309801116,0.004338827867667434,-0.009771074201729702,-0.0013798170913487484,-0.00013213147048425676,0.0040559375418826715,0.010952504775265463,0.006405911498676591,0.011714785285144937,0.011026253857593319,0.00395175306046159,0.0015682860400574395,5.5856119085567486e-05,-0.0022400097499340977
2023-03-09 00:00:00+00:00,-0.02627438602973981,-0.021700636555940872,-0.017339441499347442,-0.01993181886520822,-0.034225960693338185,-0.013721682111611178,-0.017606511375227448,-0.017328485246345386,-0.02487974032492052,-0.023348020471533764,-0.01594568512254564,-0.003458313241498644,-9.915612833776358e-05,-0.0003188969226809689,-0.0038970900333128843
2023-03-10 00:00:00+00:00,-0.012760119147126318,-0.01151051924678199,-0.017937632093602756,-0.021802703287965738,-0.027717865067741702,-0.016212561697707052,-0.019934075866920562,-0.016983636497555264,-0.02192641446406582,-0.03522038855124093,-0.024056343563114254,-0.008400098934577778,-0.000672780934220075,0.0053478792451653505,-0.0009906230711511027
2023-03-13 00:00:00+00:00,-0.007615543589916021,-0.005920356614380437,0.006687762957035266,-0.018599964564504835,-0.03391765070108056,0.006617616806973196,-0.008837427628418638,-0.0037950368260247923,-0.009805662130640946,0.009996514744023858,0.014147732775309264,0.00025301202347701064,-0.004125954050438813,0.0018950393825944451,0.00023441941600017748
2023-03-14 00:00:00+00:00,0.015768330349447208,0.0032950346733075972,0.010800236886806076,0.002082642761773505,0.018527431750607226,0.011051314705276143,0.011414767035725783,0.015330037403180417,0.008217583821595717,0.008299503800705202,0.01676078589720032,0.002512254526347675,0.004370308891228246,0.0005964928593665333,0.001005406586861535
2023-03-15 00:00:00+00:00,-0.0009116349697985408,-0.008902434237575509,-0.004696602086748533,-0.0449710007485472,-0.023836642280889553,-0.010056478528519062,-0.021009364346692292,-0.008051522380725502,-0.0288173618750669,-0.002610292941032392,0.0065955238308725754,-0.003851063485117611,-0.009726510474120936,0.003544587440428167,0.000462493807014951
2023-03-16 00:00:00+00:00,0.015141792889585034,0.014518649610288193,0.006611373199682292,0.01588300032424118,0.017206702770125537,0.013785135680264992,0.01471026290079502,0.019530057780116076,0.008935347287431618,-0.0043945687972011815,0.011492746037273401,0.004075916433278769,0.0011157174687130116,0.0017319994534929235,0.0010187681659574923
2023-03-17 00:00:00+00:00,-0.011576579504389057,-0.013085816297838407,-0.015047175202714856,-0.012055047195475243,-0.02555080898502177,-0.013600911813005786,-0.01744457849023032,-0.007132609983337344,-0.012039555238472185,-0.022119062079291076,-0.010185481678791705,-0.0028577849611687665,-0.0037423411476746682,0.002579986266265281,0.0008979560924589937
2023-03-20 00:00:00+00:00,0.0126577148394769,0.006181445676778854,0.008997743844210518,0.01451731442759012,0.014202621967545532,0.01181416211041255,0.011624199455405557,0.013587317248268293,0.016777143124702847,0.011373988552970352,0.007107624773845387,-0.002607632001957839,0.0038589185033970097,-0.0017571182070633233,-0.00114580704510207
2023-03-21 00:00:00+00:00,0.014429223773170739,0.016528168504690206,0.013215927847454751,0.03261081978570847,0.03145079950949752,0.01633034605201295,0.013578397763183486,0.004725898045103954,0.013056651573771314,-0.0011947978230304917,-0.01017527932821417,0.008043972273729246,0.0006591487069108398,-0.0015789469494769115,0.00426260612947607
2023-03-22 00:00:00+00:00,-0.014880069633699311,-0.010707129934368818,-0.01252765121873324,-0.02368581107020334,-0.026932419354862746,-0.019148937223644216,-0.017863639550746737,-0.011591044723245337,-0.014569261848689782,-0.03295161576718493,-0.024475826773119828,-0.0032805031528680122,0.0012891256700394973,-0.0002003143459111843,-0.0012486836143008068
2023-03-23 00:00:00+00:00,0.010902456332232335,-0.0067636082899279045,-0.005052179428753802,-0.017450464165476305,-0.014234785967413201,-0.0033104431358351415,-0.006022708034681161,0.009054738673935876,-0.004248364160321723,-0.009427328144126175,-0.011064165352168573,0.0024865263018395093,0.0013661627336092191,0.003895515483419805,-0.0012994738827837539
2023-03-24 00:00:00+00:00,-5.613633689721693e-05,0.0011205736639210173,0.010523117841218768,0.007158630442612257,0.004835274733812042,0.010039134185290989,0.004343103894728861,0.0005807200404895525,0.0062298100789976996,0.019672869639259714,0.025183913435526364,-0.005168537917269554,-0.0029772079054167077,-0.0006462125996786877,0.00022524373866087018
2023-03-27 00:00:00+00:00,0.010355391630865953,0.0040241673019127035,0.003965796351057035,0.02109581738419993,0.010728423703733553,0.004738958592531845,0.00835586980740238,0.0034573891306900672,0.007597437582113948,0.0016533773990467372,0.00021993670474246177,-0.002617502570710436,0.0016013945846900801,-0.002665128114397031,8.191488952188474e-05
2023-03-28 00:00:00+00:00,-0.006926412570261905,0.009698873011422662,0.0037919921757113935,0.018385663783616443,0.0024220554591294573,-0.005916151146225746,0.005156082349628056,-0.0038490344306539304,0.007881122171766206,-0.006349698564600824,0.0007682725125898065,-0.0007113670446917564,-0.0009346039981713676,-0.0009777306037091456,-0.0018428320103487626
2023-03-29 00:00:00+00:00,0.014667311280149423,0.01194404643524377,0.011024302255288033,0.010276931198974907,0.015247522545220257,0.008906469771700315,0.012816602484845232,0.02042103185005071,0.010849304314029458,0.018734576703948756,0.017430052435416246,0.0056210888050978874,-0.0019034205472932613,-0.0008293643379913077,-0.00048638102558761897
2023-03-30 00:00:00+00:00,0.005671992700742541,0.00953156912096044,0.002818896758119357,0.0042515166167242735,-0.0029248175631796185,0.006582281124152047,0.0016004617675390383,0.008735220074105555,0.006657471300069826,0.013388784258487111,0.0046973138155240336,0.002581810519848218,-0.0010139902442364342,-0.0003097800408964719,-0.0008270049230396674
2023-03-31 00:00:00+00:00,0.017128105573813644,0.01951325698175209,0.014468218422736039,0.012625031653678193,0.011647277339334428,0.016404827988266726,0.016326138951929574,0.016148576139482593,0.014457923467929262,0.019710303341613493,0.013194171482279825,0.0024797847193514444,-0.0006763986255592155,-0.0008180484226950665,0.002446936813888575
2023-04-03 00:00:00+00:00,0.0054304343845001605,0.002868634360044495,-0.002027023357580101,0.038892914672785606,-0.0010195181251491502,0.0006155899213597068,-0.0017822880027152255,-0.0015509953320077137,0.006679020860539426,-0.0070326412034385,-0.01160075370236109,-0.006078119098091104,0.002066257294092988,-0.0003162353440197274,0.00016350439815142163
2023-04-04 00:00:00+00:00,-0.0004191981366347125,-0.005570651268391905,-0.009414856471214478,-0.016602713933483053,-0.009227572572549367,-0.0035688729276412146,-0.024210353299679174,-0.008848341479622107,-0.014289947877317787,-0.004834889921348783,-0.0010440509753029564,-0.0042219386800686765,-0.004807541781641987,0.0020095400203136715,0.0006420433945779191
2023-04-05 00:00:00+00:00,-0.002601782186728848,-0.013506726150297604,-0.01059994904494316,0.011810955166505354,-0.0010399478232222834,0.005120452808458336,-0.013731055795683064,-0.011990243268130843,-0.004883780443532894,-0.004372980794309378,0.019474933540432084,-0.008502542998429539,-0.0003053652243716204,0.0005970904240204782,-0.0017573640793497533
2023-04-06 00:00:00+00:00,-5.0926381099937896e-05,-0.0022295475354598905,0.0019582258365182723,-0.01187352501557183,0.006769257490394538,0.0006536880044773759,0.0009910952635985909,-0.004062331594212942,0.001485685205737176,0.003830968828037021,0.007099446960931437,-0.00025614399963733397,-0.003036220134543734,0.002156022527273159,0.0011595214345019233
2023-04-10 00:00:00+00:00,0.0025588746349576503,0.005032047704538651,0.011703953288273828,0.013186856262136183,0.0026719926616280516,0.0021602933433565092,0.01005315441017481,0.011222179266333433,0.002246848388866715,0.006959520482293117,0.004991016731510801,0.0041968908641234585,0.0023428293426211687,-0.0012010242597895778,0.0032135816615874854
2023-04-11 00:00:00+00:00,0.00286231264746063,0.008289007727521424,0.006415037683993825,0.014209394062362936,0.009447852647778004,0.009334313651697259,0.005912062068507258,-0.0019991237661266884,0.009406127583848381,0.004180903807714441,0.0028403233296034093,0.002813411509412403,-0.0019092512880677197,-0.002290326627802124,-0.0007440027090766721
2023-04-12 00:00:00+00:00,-0.01063306468988183,-0.012409497602487834,-0.009948183072402632,-0.007086421959628526,-0.0031855826715213257,-0.004442962899039607,0.0024350689680859346,-0.003877630271917852,-0.001094022127292206,-0.0033979805791041102,-0.006061817147005163,-0.0039434502022363425,0.003128424334554114,-0.0017776147736603357,-0.0005058907232412709
2023-04-13 00:00:00+00:00,0.010590530347465559,0.01179185361423931,0.007446333642328169,0.005009575012050619,0.007637460450186144,0.014639994130493907,0.003493978443342078,0.007532384587492847,0.010001772748833123,-0.003981802635955781,0.002120811554108104,0.002428714721469606,-0.0016537174082299063,0.0019613360672264737,0.00019923059676525343
2023-04-14 00:00:00+00:00,-0.001287512793195739,0.0015238594723154862,-0.004238172898683451,0.0009572953864615037,0.0008118316929954894,-0.004431965622748879,0.0009313999035411599,-0.004549256579544793,-0.006067125215140852,-0.007978442145593057,-0.010420276059198036,0.001420321145150095,0.00202101896364511,0.001732737335808891,-0.0008266888812480154
2023-04-17 00:00:00+00:00,-0.001018078247361729,0.007545142778308896,0.007782024949528553,-0.013800518765849845,0.012240931053510692,0.0013412767805891339,0.0073127291434690895,0.003643931090130322,0.00532241024148211,0.018382365226880415,0.004619005398366701,0.0006668259468756454,-0.0015531933388372799,-0.001130802632281316,-0.0006503646672186818
2023-04-18 00:00:00+00:00,-0.0017902874509253765,0.0068733470869574344,0.004381053327052641,0.0011021339317922043,0.0029492990993769935,0.000415252086521907,0.002426266318517465,-0.003269417542670655,0.0023662097311197023,0.00028951989807741074,-0.004100263708190699,0.002538392699167127,0.002948230851436621,0.00019996276193693513,-0.0001841886924139292
2023-04-19 00:00:00+00:00,-0.003198444871701358,-0.0011475569601398943,0.0015812889985580844,-0.006755231857986709,0.0058619976151165765,0.006119632562825782,-0.001257845347614829,-0.013602905555714528,-0.00196503004786284,0.004543653868461426,0.009464273143545168,0.0014043084636618769,-0.00013242821594065417,-0.000980073715374914,-0.0028042865665871934
2023-04-20 00:00:00+00:00,-0.007197682871373616,-0.006154121705197954,-0.0026392872435489307,-0.013914372471112666,-0.007204095565997268,-0.009072829503832872,0.00015944084788789572,-0.0072995971410632805,-0.00033531300415368744,-0.008046457448872902,-0.006222731147165207,-0.0007678760397650949,0.004384050449940297,0.000988362425253328,-0.002408110777989463
2023-04-21 00:00:00+00:00,0.0015796108586329375,0.005636772307329523,0.0006014512771081182,-0.009136784852423457,-0.007797379273069104,0.00919043135548855,-0.0027155724448997515,-0.0014564090561977976,-0.009381744312817115,-0.000977548224561742,0.0009186212540042832,-0.0014842795312635755,-0.0010467616854643973,-0.0007192668184502486,-0.0006048976855039939
2023-04-24 00:00:00+00:00,-0.005331153994194591,0.00348099101709995,0.0021855292565921055,0.014028562073252291,-0.0040509813605596615,0.0068889612839362555,0.002735100823801679,-0.005189755443784571,0.0010413471817110804,-0.002258047825400185,0.0028256466082389894,0.0009132777479269273,4.84966371598818e-05,-0.0002869785179926707,-0.0024347995269896855
2023-04-25 00:00:00+00:00,-0.010054002336608537,-0.011819385364091044,-0.011549455435907727,-0.024078616302892413,-0.01458817612217792,-0.021946512983303343,-0.012748306532010699,-0.01203613468222311,-0.01815610010324502,-0.006276668606715975,-0.005952511447149901,-0.00851270313726021,0.0008481994605111531,0.0014162231373180886,0.0014630687008786334
2023-04-26 00:00:00+00:00,-0.003119120940234424,-0.008131244266534481,-0.003838415448105756,-0.015372157934471532,-0.010587018015530155,-0.0095046678941883,-0.016748543134327103,-0.004621180239932681,-0.015772519094131666,-0.006254941885208449,-0.01780408324581397,0.0003651685524145962,0.0011198386607903844,-0.0016242717183991527,0.0015617067192160942
2023-04-27 00:00:00+00:00,0.029885393648049915,0.013462443330491772,0.01184428068223312,0.004930838504361586,0.014176286346324622,0.003995059443759059,0.025599611247229655,0.011957377620180122,0.011627755300668443,0.020455033562882453,0.005644433838986085,-6.412435650087703e-05,-0.00227616860597548,-0.0017908694058123321,-0.001676472890580977
2023-04-28 00:00:00+00:00,0.013726922830266318,0.012563263016263506,0.011177309839321936,0.01859469602708819,0.01290806150726204,0.015634712018917432,0.009991918108793985,0.007609862281838926,0.012158277805985945,0.01354401094631464,0.0056073737191771325,0.00457079837911868,-0.00028086297819035575,0.00041457694390542154,0.0006610993559256623
2023-05-01 00:00:00+00:00,-0.0013388124408380978,0.0031197256998832315,0.00046292849231952546,-0.00896025015291187,-0.007493148947370497,0.0006675313502212454,0.004302660011799263,0.003668484971768116,-0.0010914024654782584,-0.006964861237703104,-0.005731121666571052,-0.0008711969782771856,0.001789171366392079,-0.0011678118921569234,-0.002440995589106404
2023-05-02 00:00:00+00:00,-0.01648989974547218,-0.00380602893171253,-0.001355466443636816,-0.04401493248272285,-0.025481182884395083,-0.008720385193782433,-0.00792738444835016,-0.015550608071175264,-0.00862572237728701,-0.01230390115957453,-0.009404552075650937,-0.0019443203003691352,0.00496387834621803,-0.001004198495869855,0.002803886069333914
2023-05-03 00:00:00+00:00,-0.0020312537849130202,-0.007499282855605036,-0.006275291786128012,-0.025206712875275324,-0.01749994714362312,-0.0014724134988920992,0.001374199971542458,-0.0032321615003494137,-0.01232744811428736,-0.0025030166872333157,-0.0036893895092199426,-0.0006560886508873631,0.0009998517185372123,-0.002567107866308171,0.002764367716392407
2023-05-04 00:00:00+00:00,-0.014273874384596043,-0.0009609246565416424,-0.002020275074465783,-4.758687235372231e-06,-0.008279520592209572,-0.009192570437708165,-0.010363278286195867,-0.004656492848891972,0.0009718776337561255,0.005846288015296959,0.012148897452184377,-0.0011937067977779697,-0.0037060797351233478,0.001019008785831293,0.005196002964398131
2023-05-05 00:00:00+00:00,0.015914206293831914,0.01280523332737841,0.014128852269532755,0.026428593836068392,0.026040134531308087,0.013381343375561922,0.017217981066117927,0.014672125660904044,0.013573231354584337,0.013879306038207974,0.00967343704215503,0.0045300836351685695,-0.0013360903423246155,0.0014137987404305042,-0.00103060861539236
2023-05-08 00:00:00+00:00,0.01339783438587702,0.007800306568861267,-0.0016805822967262416,0.0016151133783773597,-0.002069584224451717,-0.0007753940214967718,-0.002940987634541507,0.004520567360369962,-0.005406911384812296,-0.0027154069810342504,0.0011792721178136784,0.0017965859265964882,0.0008517031721179745,-0.0018254290835305223,0.004737197641044959
2023-05-09 00:00:00+00:00,-0.01098710416390617,-0.0024375516422638147,-0.004759241840982869,0.0001052028618180878,-0.0002991579091875105,-0.009612404185475189,0.0007727385447269128,-0.005503223937289604,-0.008490613706374975,-0.003961464942168259,0.0017365153003984263,-0.002419928565697436,0.0013187086794127535,-0.0005792366146656195,0.0035644703632325835
2023-05-10 00:00:00+00:00,0.006073632524776812,-0.0016993216748811568,0.0005762205532667852,-0.008057464732146262,-0.005967225026796069,0.003404370772947734,-0.0020752585830719947,0.007696246850696225,-0.004868601413327029,0.008556727706616219,0.013031299072026157,0.0007112978825451414,-7.230833630016262e-05,-0.00011202849789766463,0.004075773135864845
2023-05-11 00:00:00+00:00,0.011068872805435701,-0.004479587688536449,0.0026612663804376664,-0.012902741388936418,-0.0021232220980528715,-0.0044154646155306005,-0.004681381762981958,-0.004279492355699505,-0.0065750179618330315,-0.007742695765248167,-0.011434018822024009,-0.0006417321234237017,0.0020982298246316807,-0.0002951891124459557,-0.0005502501098859202
2023-05-12 00:00:00+00:00,0.003668929423330912,-0.007434931084289199,-0.002983772934123394,-0.0014043082394673586,-0.003024018900032859,-0.004534569156197187,-0.0020960506894877645,0.004819084597434605,-0.0020652191772219846,0.00150679638898663,-0.0023321577255551672,-0.002567929690655578,0.004413325991360623,-0.0008017944485922027,-0.0017230522967992515
2023-05-15 00:00:00+00:00,0.005474754097788547,0.0060960051373128545,0.008809135998287363,0.009588073358354371,0.006816006510479139,0.008410364395508867,0.004762893312051038,0.015048793571426406,0.009175909951240848,-0.0026885317031813284,-0.0031751653523928044,0.006400917485163858,-0.004176716405790138,-0.00044245666644114883,0.0018598344858977156
2023-05-16 00:00:00+00:00,-0.005287292775633168,-0.013827692420135379,-0.013750630910075019,-0.028806911842771184,-0.011495410179379611,-0.01285383521234203,-0.012209104028332762,-0.0042062901992555735,-0.017155208676284766,-0.017418773322466812,-0.020863895292890816,-0.0017462281950895234,0.0032042840353487785,0.0015792205330272015,2.874547545931444e-05
2023-05-17 00:00:00+00:00,0.014772266048341757,0.016187268496248675,0.010069244698452872,0.022321580949064914,0.015867931396659145,0.004689566878083721,0.014723272633273216,0.013355522646784638,0.00592128652959693,0.006145145855171232,0.0025904501079247423,0.006730314129599943,-0.004686039083469604,0.0010395342823013376,0.0010522775148763437
2023-05-18 00:00:00+00:00,0.011843730614470619,0.011778851067405467,0.004441475126263991,0.010195528634768624,0.006120612567959069,0.004183735294833464,0.011979484642418763,0.02058362053538351,0.005068752144229362,0.001529696372166809,0.004881057362036653,0.004774263405609812,0.0009034463231030096,0.0012423442517669747,0.002262864917170063
2023-05-19 00:00:00+00:00,-0.005798844144453787,-0.014967079249793801,-0.004636934919460314,0.0038943635820032664,-0.0032250825403041788,-0.0008563493860713308,-0.007474734994611419,-0.0015407480797780468,-0.00044688717934649445,-0.0034025004795428136,-0.0073773095208767465,-0.0031711528121354396,0.0009860188938098056,-8.858340711554759e-05,-0.001807253991443273
2023-05-22 00:00:00+00:00,0.0010049486095633081,-0.005718641367178895,0.0011911293473585167,0.007855660943349788,0.006504342525075891,0.007868734507111065,0.0044371581491846725,0.005677319728111401,-0.0033178833663900136,0.005374920711413501,0.0103208687727395,0.004285942347209957,-0.004067799949311058,-8.508703977630743e-05,0.0034236594816418253
2023-05-23 00:00:00+00:00,-0.019794062533571733,-0.014964693083511286,-0.010391671226478723,0.008216255044861454,-0.010930932218306181,-0.01774614269055443,-0.011559198980160725,-0.014166714431065418,-0.008777245615603897,-0.013091946061659403,-0.0024246843770603056,-0.0035864954350988826,-0.006615970111365439,0.0015329074120487545,0.0015449151019424259
2023-05-24 00:00:00+00:00,-0.004442349959427587,-0.010757186823760777,-0.0048772159978777195,0.0019956807697208228,-0.012915814327199323,-0.012117376073138014,-0.013331881770726946,-0.001916069787770474,-0.016666079548688637,-0.011541566473026121,-0.003926014145381107,-0.0010181190814256363,0.005983938750969095,0.0011303387303774025,0.005500996273373955
2023-05-25 00:00:00+00:00,-0.011751968742962493,-0.00566189009035343,-0.0010662583805537505,-0.023794982802345523,-0.000758460019944815,-0.006871382854485514,0.003806182546694432,0.021882279996925862,-0.008792181728532442,-0.0018303914440153067,-0.009583103099955697,0.006897563806806664,0.005906502375570428,-0.0005227277226871026,-0.0016438573231105794
2023-05-26 00:00:00+00:00,0.012011145826910059,0.0076424224410699595,0.011297430704759899,-0.002164143652507159,0.005362702656706613,0.0038223857714875563,0.01030389058693055,0.030768762683056762,0.0026826852417697073,0.011933838562924093,0.00707426852275114,0.0075496319814382954,-0.00039234076773176176,0.0016465875805225837,0.0010974532421488552
2023-05-30 00:00:00+00:00,0.002478999984442542,-0.000336340915963693,-0.005686561235954539,-0.008421585717236462,0.004550235799844557,-0.007307033030404674,-0.0017972661195724878,-0.0015476865416869674,-0.009895263910499877,0.0033349842689602556,0.002087068181959477,0.001546884021662582,-0.0003632301588634328,-0.0008729608108763308,0.004078224129049554
2023-05-31 00:00:00+00:00,-0.0033352516377573235,-0.009552878660241498,-0.0075751713106067394,-0.01860343007295912,-0.013782257863390065,0.003963165747380647,-0.016790379454465803,-0.01086530179804757,-0.013153489811465163,0.006236463270308278,0.00381327743669501,-0.005085565978908416,-0.0006486669751379823,0.0014799332273395527,-0.0018039827944106622
2023-06-01 00:00:00+00:00,0.008638309323637907,0.013413604514387164,0.004577045419989482,0.017936652027877253,0.010709571557898482,0.01553113413045252,0.01153716169835692,0.007520844586682885,0.009673310449719688,0.0020111589219476505,-0.00035957196464370854,0.005699358357605993,-0.0003502261143067233,-0.0002084371587765003,0.003261439867472309
2023-06-02 00:00:00+00:00,0.00410529563606101,0.02625079092524457,0.019055526299456803,0.03307843429212505,0.01981004271838367,0.01598257443558132,0.030120237310664936,0.00923803698680507,0.034060863804948986,0.019868508124218982,0.01138647578678623,0.004029133033296118,-0.002688600502202654,-0.0028452745795446363,-0.0040790552928721795
2023-06-05 00:00:00+00:00,0.004639229836045829,-0.0013988563013637807,-0.010337485860622777,-0.007488740853494873,-0.004354669565845549,0.0008190273644882867,-0.007502132770348501,-0.008639608995863416,-0.00116962545238991,-0.00360804937992448,0.00237641954425439,-0.002525287999121773,0.0018194253407270548,3.55506139395102e-05,0.0006200691326260086
2023-06-06 00:00:00+00:00,0.0022809568489356394,0.013559049574333598,0.006262925216124898,0.008560165985089123,0.010756561047722492,0.0006306927938307178,0.007820669800807535,0.001531106659457983,0.010915467326242958,0.00989039830799981,0.006764942638648107,0.0076213234634518135,0.00015102652310290676,-0.0008196524407337973,-0.002157663687160411
2023-06-07 00:00:00+00:00,0.005792182530144383,0.00436204474885585,0.0010010979692565937,0.027054306492450275,0.0020985979516520586,0.0001352225179392324,0.01373085522073621,-0.0011464672462614522,0.011588802260352811,0.00830797377912866,0.013882604404376107,0.003967819325060434,-0.0049085353602598605,-0.004600238275657002,-0.005995828056262781
2023-06-08 00:00:00+00:00,0.007580037587254472,0.0010667009788929457,0.0025718516422948163,-0.003708624774851767,0.0019865836512888368,0.0002674963816777172,0.0019506990805861345,0.005282615218829575,-0.004920314158890508,0.0028729746682795232,0.005020933623494636,-0.0028799975488780598,0.0025382100007714367,0.0025840813594328995,0.005053757243486262
2023-06-09 00:00:00+00:00,-0.00012298203019341604,-0.0029352198081058693,-0.005075435284290015,-0.009606038774249906,0.0030718984196246757,-0.0006877353753525089,-0.002704314026786142,0.000990109037771744,-0.0030152721943481646,0.0010035405599099437,-0.007808744755651167,-0.0014752862116337161,0.0032811533173559733,0.0014378814010090495,-0.0016798033870957386
2023-06-12 00:00:00+00:00,0.004449894387690265,0.01829724376814449,0.0065660054901134305,-0.008296484880424147,-0.005763869676205442,0.009383636681870776,0.006469602777345315,0.022355855479121445,0.0016623730492491234,0.000903628354978637,0.005133481014037718,0.003858855498186722,0.0004715314064553623,0.000577744818543292,0.0017897500033793295
2023-06-13 00:00:00+00:00,0.006120952705996414,0.012030558422760036,0.018975435737724956,0.007865520303593639,0.0076937337997856695,0.013588168267141421,0.014312818831889583,0.007004036031906334,0.02107984573874904,0.005300233695660973,0.010256763020914956,0.008347746775648021,-0.0021729638398388183,-0.002156382719322723,-0.0007102627517547259
2023-06-14 00:00:00+00:00,-0.0033440667150117917,-0.0019606841333708316,0.0030273891234821083,-0.011397410059544933,-0.006718492977268364,-0.003978324842013932,-0.002869012773576257,0.006423704184044866,-0.006723244601159814,0.00021850345935475017,-0.0002959807117692704,-0.00020850602747606684,0.0021022750784615435,0.00010189065332156079,0.001222223419126497
2023-06-15 00:00:00+00:00,0.012969145383153812,0.011405714317167429,0.006211985732908644,0.013355188229368507,0.013666131615420735,0.015022009049450709,0.013252612352808038,0.008721812985874277,0.010426041160146561,0.0005079975370692128,0.008885458322672351,-0.0011368204494940325,-0.003354194544539127,-0.0003561506836551893,0.0014801299712297608
2023-06-16 00:00:00+00:00,-0.0023483186902953333,4.585232453399525e-05,-0.0013593804881434537,0.001984036619151075,-0.0051446172002653735,0.0009035158844989228,0.00022833832481596007,-0.0012351866074305723,0.0044617069363708526,-0.0028981258957433806,0.0003654746345961115,-0.0032681425662749552,-0.0022433072032146547,-0.001892348344052593,7.308725703178269e-05
2023-06-20 00:00:00+00:00,-0.014858684707213951,-0.00658795708075597,-0.007458004516262346,-0.021961354380322446,-0.006567425392656027,-0.005379677428089494,-0.00464923221235838,-0.012818777463287735,-0.011965738120116294,-0.006794091566065313,-0.010746471980931647,7.5278704797731265e-06,0.0023526279143924493,0.0011022509966645503,0.002189928703005122
2023-06-21 00:00:00+00:00,0.0005124797471834732,0.0013159058862239415,0.0033883216040699144,0.008888699659999449,-0.00037835017544724344,0.0021196166709375286,0.005051308745034331,-0.01852974495066927,0.005776460440996025,-0.006499885904515611,0.0047295722821205635,0.000151857271843567,0.003361059335856686,-0.0016844115940761472,-0.0035332479751160753
2023-06-22 00:00:00+00:00,-0.0028476241142404496,-0.0006036459971142587,0.0019029828450307655,-0.014275258786939764,-0.00630389763280213,0.0024703064690288845,-0.004107411207393215,0.0015687535441733281,-0.004265351168523085,-0.008649038285113339,-0.004479705863085249,-0.0024461259078003596,0.002181154259489659,0.0022513655072704114,0.0038529759247349733
2023-06-23 00:00:00+00:00,-0.008205011204998008,-0.011582221607359278,-0.006621819467774393,-0.008972091903158888,-0.008525615956852426,-0.0038696428787524293,-0.008711546978964493,-0.014223012921109439,-0.0067825436969440826,-0.013360263031085378,-0.014902918300036755,-0.00014064684053968594,0.0021205338302604498,-0.0004988132261989544,-0.0017447438928002625
2023-06-26 00:00:00+00:00,0.005845786299449235,0.0029831669576180927,0.001847689234792285,0.01752603710728315,0.0011357296106188901,-0.0011410151522543849,0.009580929977900674,0.005193079523797306,0.008689283968383893,0.02091771122247176,0.008372243673145766,0.0018894154609349725,-0.0030936594122790485,-0.0015695228503137442,-0.0021674382690402803
2023-06-27 00:00:00+00:00,0.02204270803003146,0.018084062434617028,0.015071325172843094,0.005254876140074448,0.007863003443497005,0.004675026284403615,0.01514581910101469,0.01321951435270553,0.009753799709884638,0.014245323822249842,0.010466688706984223,0.007661942075748813,0.00020612046786450838,-0.002075006104504786,0.0019805523362856157
2023-06-28 00:00:00+00:00,0.003775545026787654,0.005565858644499542,0.00072547807984871,0.01108626242448703,0.005381541520303691,0.001819186623431469,-0.00024673149461639735,0.0008423708277881126,-0.010615810487016973,0.0014107889636050164,-0.0049896840330479345,0.0040893852194898,0.0015095352399676655,0.0008429622057589815,0.004304959956675863
2023-06-29 00:00:00+00:00,0.0009117050562852143,-0.0005607295233081041,-0.003570091513323337,0.013515344162906161,0.005790520223520875,0.005431752945892324,0.008485526526338015,0.007499662072893748,0.012102598078961873,0.006520739405732896,-0.0024111442069193615,-0.0012112364291628594,0.00044517423396806026,-0.0031572860598246713,-0.002561219079348675
2023-06-30 00:00:00+00:00,0.003941606579097461,0.013094003882182226,0.010084560237537067,0.003844771878110323,0.008678402004099618,0.011633854218058712,0.00876057260982838,0.009374546257328689,0.009455876745261028,0.007038296819552027,0.011304160376045688,0.00018112165788288252,0.0019966418262997703,0.0009029109282761138,0.0019119978099392271
2023-07-03 00:00:00+00:00,0.0029097949639776766,0.004057067176404649,0.013129324242014073,0.006527766589003366,0.009384257653168915,-0.008390320413770342,0.00278368895428125,0.0008351647793218737,0.008369915160125651,0.012435381842350494,0.016324868422380765,0.0017752911737489276,-0.004323651778734706,0.0016682102939488887,0.0032866881503987666
2023-07-05 00:00:00+00:00,0.0016228923323155211,-0.005421290391068702,-0.005677498096622444,-0.00444024925304351,-0.004447302103590479,-0.004140198271725571,-0.007305122603328276,-0.010224422062435626,-0.022256231283578492,0.004499177250395704,0.010808723001052333,-0.0029698365680306833,0.000995097589560855,0.0007270585189226748,0.001709428611369847
2023-07-06 00:00:00+00:00,-0.0045762393971875755,-0.012778295046127014,-0.008271076290911606,-0.018529666199056747,-0.01015501517050645,-0.010446106542666532,-0.009652105480193966,-0.00489983692848271,-0.00936173308739617,-0.006749414617039538,-0.015255507893258694,-0.0028068797577403912,-0.0002366205788744076,-0.0020561393274661074,-0.0027765719501982216
2023-07-07 00:00:00+00:00,-0.005287962617829943,0.0045432439987207075,0.0019166899671755715,0.03440893521841109,0.005526966699936296,-0.0017197608740283606,0.0029006484924055764,5.005440116441094e-05,0.010423511656417698,-0.0025184722680276672,-0.0002516921370896416,0.005211805649739394,-0.002383149783863861,-0.002039075277197156,0.004206782512102623
2023-07-10 00:00:00+00:00,-0.0024666502356685094,0.019284404884310134,0.005265818566898164,0.004015926796643968,0.0022728212992883727,0.015955649852218447,0.014674424108513053,0.014140976915540834,-0.0027809721606634175,0.004785943867409392,0.0022554288619895295,0.006380087983696032,0.0011044409489872457,-0.0006348147465669012,0.0009002188503038199
2023-07-11 00:00:00+00:00,0.01609291629015778,0.009670055554016871,0.006393052551502506,0.0260227806090705,0.012595413392370079,0.004035593756600774,0.012808603904428627,0.0044665401192249005,0.009654110551876621,0.010701554707606517,0.015790968500230054,0.00296073887806659,-0.004253695644847894,4.362082939779986e-06,0.001927598782535283
2023-07-12 00:00:00+00:00,0.004797864431493761,0.008333046216381297,0.005653834008310292,0.00897852885942379,0.0038565392514293396,0.004290862012675575,0.0003968643398649745,0.0024098348775715758,0.009128788418935632,0.006713215833293163,0.019520976250496366,0.004412391136388118,0.0007009781330449841,0.001102633016603862,-0.0005646655341659617
2023-07-13 00:00:00+00:00,0.006335421303209775,-0.004772066825856016,0.011207480669396017,0.002410000854663022,0.012253513868274911,0.006422415442642336,-4.945637611866922e-05,0.008490291172253353,0.005936795723313646,0.0062417765233417025,0.012655030867235403,0.005186031210766239,0.00041820053361558604,0.0019314660594696277,0.0025808864315096745
2023-07-14 00:00:00+00:00,-0.012053794091663603,-0.002471195743326355,-0.0037181660592847704,-0.024082987855710756,-0.008335968751136865,0.00440457696468793,-0.0040002883010390785,-0.010003129670465174,-0.004033758193114181,0.0026700666391908405,-0.009043166923847797,-0.00439868826920084,0.003715741901574527,0.001974719763058305,-0.0012176660960371713
2023-07-17 00:00:00+00:00,-0.006653329857063405,-0.003491801229636934,0.003907715497291925,-0.002224970236867646,0.010751233628607873,-0.0024312546346219525,0.003520757522097227,0.008580900251552878,-0.0004261945336610982,-0.0010550177720436253,-0.004312761397606359,0.001045801555919385,0.005023133382236821,0.0005050997593540546,0.0026324365604257047
2023-07-18 00:00:00+00:00,0.007640694490502774,0.004460997876761428,0.0035327008930793463,0.016501850843791983,0.012436027805300934,0.004655944028440255,0.0077702594295728155,0.0019529254094462762,0.01073073315968036,-0.0033596830050278883,-0.0021059928183997448,0.0025002263577520423,-0.0015421815853885424,0.0012938594138514987,0.00029302437393281247
2023-07-19 00:00:00+00:00,-0.0032662897357215374,0.0029129835163002205,0.005509288544110341,0.005084641355599041,0.004420606239366137,0.00185081767336768,0.0008192713032889425,0.002021512802981436,-0.004108772940195443,0.005481287894718453,0.009662032063711738,-0.0009740138319209883,-0.008158121366535945,-0.0011591744168591587,0.0007040438770117559
2023-07-20 00:00:00+00:00,-0.0010030949761685804,-0.011237457352110656,-0.0020943135121076328,0.01128066190694256,0.011567842075447152,0.003519761508998481,0.0006093304942057864,-0.011522072001962577,-0.0004694304616352068,-0.0020136017029497035,0.003963509407391991,-0.007726482279554457,0.00022594323012509513,-0.0016080181510822935,-0.0032127040945178946
2023-07-21 00:00:00+00:00,-0.0057524680724094475,0.0036585143349051525,-0.002085038059419047,0.006289255626289961,-0.005785564312927993,0.008251115083558613,-0.0006427715932935639,0.007671340162599949,0.0021759620133096685,0.002038233161653408,0.009817140930551409,-0.0009179308058558534,-0.0017945805169089283,0.001579522671429552,-0.001875175122494912
2023-07-24 00:00:00+00:00,-0.001080373730122261,0.004730057140324321,0.003098985237258444,0.01651443907240739,0.007797343265760318,-0.0054150504570977835,0.0027097705662452094,0.0009314602790978822,0.004204467105748337,0.005925526383312108,-0.0025068992266489474,0.00014035088318541664,-0.0022154974842354884,0.0011022181971027268,-0.0005359929148318087
2023-07-25 00:00:00+00:00,0.0053245447194967,-0.0005675847536591669,0.0021368779108749928,0.0044390368293037745,-0.0030576205435099684,0.0004079559083260054,-0.0023140659623536587,0.006369052220864239,0.018607880651432984,-0.008219630951424908,0.00404800070962212,0.0007375420487935521,0.002914159937683746,-0.00035257816061962197,-0.0004291650190233073
2023-07-26 00:00:00+00:00,0.003954507157452742,-0.0002017580497021762,0.003366245896056143,0.0032441288624310326,0.0038446502269534914,0.0012587457059405791,0.0028005542077225638,-0.006625358954078154,-0.0006983949094689112,0.003795774670341559,0.002323254995050218,0.00224313695746397,-0.002846268045009908,0.0012962789856072205,0.0012996037200869504
2023-07-27 00:00:00+00:00,-0.003771418539690804,-0.005660899864222969,-0.004264211004148937,-0.009383710555923287,-0.01228885427941599,-0.010848110776061256,-0.0033925704718706174,0.0036113657610408315,-0.005989378975229795,-0.02063896697152383,-0.015663983801198152,0.0011044626730404008,0.0012396455880308275,0.0007192550811196911,-0.001196317832319195
2023-07-28 00:00:00+00:00,0.009555186432660444,0.006888138720934831,0.01661355253897739,0.007916033788293747,0.002373927849698362,0.0051390534961944945,0.008802823908017784,-9.461637594812642e-05,0.006356479072257558,0.0021948795512065577,0.007384166104576569,0.005065085499448028,0.0003091424006450926,0.0027251040100690605,0.0030842573153006445
2023-07-31 00:00:00+00:00,0.0059671453407612405,0.0029959547663964805,-0.00013324614607983665,0.013225465634211227,0.003603175916976427,-0.003475298374037742,0.003549157412357766,0.007813760865178288,0.005825870271994937,0.009875391088982086,0.002548858733901601,0.0019211275218749308,0.0008355793638062165,-0.0013548880017625992,0.0017874693825666928
2023-08-01 00:00:00+00:00,-0.0053029014513640066,-0.008766160882192658,-0.010465004704978086,-0.003948878936493753,-0.000391325791429846,-0.008630111162519483,-0.0008079761463500324,-0.0015930687819752467,-0.005300461264030253,-0.005154874291617996,-0.013897003007875592,-0.002863898426701318,0.0015641307524709958,-0.0009325274462173728,-0.0012940144643684781
2023-08-02 00:00:00+00:00,-0.0049194901328369,-0.005165409246979224,0.0016864060958502085,-0.011753211403602956,-0.003495121385299396,-0.0007622647190243936,-0.00643682938372912,-0.013874695875669639,-0.006668747332737562,-0.00783007136632749,-0.007615159887933235,-0.005273714856334331,0.0010201683125536883,-0.004448553242278022,-9.41369170462241e-05
2023-08-03 00:00:00+00:00,-0.003958883801609572,0.0001937176304540693,-0.007209999403482632,0.017498427244997363,0.0020580398116195205,-0.008193134885490524,-0.007122744355184463,-0.0021349608385933874,-0.006089808052425913,-0.009442549895895332,-0.018858764140021474,-0.002197295920307916,-0.00022577216907367122,-0.0010680319116478099,0.0026754574631780758
2023-08-04 00:00:00+00:00,0.003767935824644164,-0.0100231313166942,-0.006083073923415808,0.0036620964705413213,-0.0031502439056978744,-0.0038338419846599046,-0.005128506872531462,-0.0035939397567005893,-0.002621022851152309,-0.00591029741295357,-0.012363409341093761,0.00032663369266983143,0.0010359395395053744,-0.00228331312178965,0.0008113037289430546
2023-08-07 00:00:00+00:00,0.008644174128638233,0.011077662917511812,0.004921462293284399,0.002776774656327102,0.012176710807073254,0.009291745854018811,0.009837852855322208,0.009158472270488313,-0.002571438735038657,0.014146277633650214,0.00020201290706398718,0.0001686362559330805,0.003680276674540164,0.0007329511250883797,-0.0019979342189899284
2023-08-08 00:00:00+00:00,0.010164007217046996,-0.0033837434532902094,-0.012633755705075767,0.004623164879890347,-0.01019217404721274,-0.0034374422432985265,-0.002369477612142735,-0.009694547825423592,-0.00809264092009288,-0.009967102684852904,-0.001984640158819783,-0.0007825191448908632,-7.013820754239231e-05,-0.0018375802484774464,-0.0028036629454462943
2023-08-09 00:00:00+00:00,0.0021342178519010405,-0.0031441198132382553,-0.005127476691794573,0.016411236573486924,-0.006539115422906889,-0.0029789832546985797,-0.0022513528165967675,-0.004450053274716009,-0.0013606025109219643,-0.001941987317558348,-0.0033304104688422144,-0.004936223491581255,-0.0029309284985306735,-0.0008051815816981498,-0.0006854564247140011
2023-08-10 00:00:00+00:00,-0.0007746874206443436,-0.008443303414468936,-0.002963773566047985,-0.00364741360145725,0.0010279485936905532,-0.0032264939558380988,-0.0031982297887507487,0.00011330436220617597,-0.0007410878233059747,-0.0029755400856854115,-0.0026982036866140583,-0.0016722760218442277,-0.0005416277954003344,0.002008034443422393,0.0018931412673277711
2023-08-11 00:00:00+00:00,0.005272589484373605,-0.0006573250562963723,-0.006641584686474777,0.017457058748501286,0.0018139499353585326,-0.00014564404112883583,0.0015971714210335146,-0.004182155626285266,-0.003106149662415443,-0.0011086791548410102,-0.005998947054253689,-0.00481951794684089,-0.001980830038327527,-0.0026492830795183018,-3.498545842139846e-05
2023-08-14 00:00:00+00:00,0.002001137192566567,0.0002988461043697175,0.0005472093057210274,-0.0055209510284372244,-0.0016968412100843593,0.0031067742828996252,0.0010918300850787247,0.011940195354959725,0.0029961832850751253,-0.0026478032591172526,0.0009001290058687945,-0.0005009162259864838,0.005910782029681425,0.0016672258667870838,0.002756388527915511
2023-08-15 00:00:00+00:00,-0.0073596735606876575,-0.010938432924173024,-0.01684985181458901,-0.02089418596938863,-0.018945647979606767,-0.009833850571180467,-0.012191301744406781,-0.013926593528796802,-0.01490201324271805,-0.013495095368141804,-0.02257917393096857,-0.003561473943239895,0.0017100651920993171,-0.00012357288829592354,-0.002213860629404883
2023-08-16 00:00:00+00:00,-0.007488364265939535,-0.004067132415188862,-0.00985774483449823,-0.007289266519616981,0.0004948307617275025,-0.013581319193782377,-0.004426108917829354,-0.010825830511838426,-0.005758503329640301,-0.008730356334163029,0.0009694501235868013,-0.00489519563519162,-0.0008147955964956625,-0.00037009913061707405,-0.001670337801446506
2023-08-17 00:00:00+00:00,-0.01296576643119459,-0.013204602003531771,-0.012231896021851213,0.009200298786236216,-0.009312223110645385,-0.013266247495079908,-0.011003859442431452,-0.00980394170451064,-0.004448133610934484,-0.01264476177077816,-0.012097550805547374,0.0014424566714229268,-0.006415366506894771,0.0014448595231999362,-0.002459361642301497
2023-08-18 00:00:00+00:00,-0.0004921095274949154,0.0019491897739284305,0.005416821444169435,0.010374328525743715,0.002162761929532075,-0.002583439435270633,0.004147477160342779,0.004890221857231087,0.0007273028454099332,0.005938365070130198,0.007832940305637123,-0.000983325291235187,0.0011982305945154742,-4.229412136236326e-05,0.0039262214690934825
2023-08-21 00:00:00+00:00,-0.004070463162657227,-0.005741791451845044,-0.00487934930616855,-0.003952212663132057,-0.0014567244769153765,0.0032296864721684504,-0.002134788613937286,0.008248236256601042,-0.0012350037425501899,-0.00457058842481914,0.002633972939845872,0.0002892859785522501,0.0021955700781702637,0.0022167275951340618,0.002919269035134234
2023-08-22 00:00:00+00:00,0.005029323641034642,0.00040449513696089656,-0.003435706749600454,-0.009438168614042801,-0.0097660161036411,-0.00023702284623465124,-0.008506720262960692,-0.0013337714375325728,0.0016324041287252673,0.0028152887231182727,-0.015687386330048916,0.00011332275996617924,0.0034888364334368254,-0.001338002630625642,-0.0010800284857247161
2023-08-23 00:00:00+00:00,0.012342731937096132,0.006662488462958145,0.01284696795949768,-0.0032408010043291587,0.011330987084903307,0.006291234693372235,0.010997270544326749,0.01915166724050753,0.0016574935718748837,0.02222133138109179,0.015888277608466755,0.0053596136344230706,0.004913398685879271,0.0013809773996340253,0.0035357916012746186
2023-08-24 00:00:00+00:00,-0.01253099261283317,-0.012226414106432371,-0.018245075179637762,-0.006905616552849456,-0.004019407571182369,-0.010612602568308841,-0.011363762003046035,-0.02182907464228865,-0.006637494282490242,-0.01517228943497673,-0.018788372842913147,-0.00441255939786562,-0.004662360919079111,-0.0040904646624657206,-0.0061865820882322535
2023-08-25 00:00:00+00:00,0.003008156418128636,0.004192319356993592,0.005863172731910958,0.009609740448341033,-2.825193245495602e-05,0.006238176820660325,0.007875274504884604,0.007425389905550315,0.003544667979251439,0.0012261762868201111,0.007706777743724859,0.0015006004402350701,-0.00024482015756385127,0.0003436840486942868,-0.00026249183076283516
2023-08-28 00:00:00+00:00,0.011932772317461687,0.009298330123034219,0.009465626404949495,0.005721939658723743,0.006283058631245166,0.006871616829669476,0.008201031582237962,0.01138435731012727,0.004766157132469723,0.00690157483568473,0.001797228065398951,0.00241524855207772,-0.0007769292595361237,-0.0004887698903589151,-3.946044531859608e-05
2023-08-29 00:00:00+00:00,0.01455932519650164,0.010616985098844697,0.014594924541239356,0.005166873431505936,0.011254553029667144,0.018632898183341785,0.010505272413690427,0.006733775926887835,0.019137415294721228,0.013466663578019702,0.013600072436519908,0.006989936253826838,0.0006838594880868246,0.0028276392982619324,0.0024757786305642116
2023-08-30 00:00:00+00:00,0.004402037221575041,0.006727394559985547,0.00017450895844368388,0.004547280709848955,0.001239374278430776,-3.967279545161779e-05,0.0043802813727245905,0.008849248623210484,0.002751894834966368,0.006003179836410984,-0.0024510044841737776,-0.001441720091746101,0.00043268579648630566,-0.0006704398307911053,0.0018655742363814158
2023-08-31 00:00:00+00:00,0.0008992154188375499,-0.0018203606373864147,-0.006675851703707975,-0.003032343908349954,-0.003339995164489437,-0.008851998569400422,-0.0036985563478348655,0.00898124777107745,-0.0029908833378169595,-0.007679414978757985,-0.00822819510762549,0.0023378281396005483,0.0006325462214332793,-0.0016575039163774174,-0.0006201946634089785
2023-09-01 00:00:00+00:00,-0.01814174031866569,0.004740079839336506,-0.008415591031336152,0.02061991667380396,0.007786281095332684,0.001928196499746548,0.002845788876224702,0.0063992183708241395,0.009035189650841177,-0.0015659599754736873,-0.002812813292380041,0.0006198794631975762,0.00203677435035203,-0.0006492457306521825,0.0002626710294723043
2023-09-05 00:00:00+00:00,-0.006267636218556735,-0.013181848221555593,-0.009618951025740436,-0.000602939434966143,-0.007639471642246179,-0.016327573514100108,-0.017604034763608497,-0.006941819887858577,-0.011459176189176978,-0.002506317932192728,-0.015305037856022784,-0.0016508123829519564,-0.0004592481913530764,0.0047541279968902825,0.0017824488166382942
2023-09-06 00:00:00+00:00,-0.0005144044472640721,-0.003194871003504746,-0.005518468622049602,-0.004264452844734818,-0.004952088380219904,-0.0018330287226764688,-0.004084751583451414,-0.002656368329696157,-0.005980966897051107,-0.002342873622344902,0.006207464438658233,-0.00018659071429491324,0.0025139560997508898,-0.0010069642139757984,-0.000919675354294013
2023-09-07 00:00:00+00:00,-0.004926252346141669,-0.00412994605179135,-0.001818219562942043,-0.0012921097406434342,0.0014901560756765144,-0.006283598975480555,-0.0030392524278056543,-0.013790033598397162,-0.008498986732066498,0.007233990628227005,0.008958938942682734,-0.006834634398922435,0.0049806529129512835,0.0012048531508517526,0.0017329001946932443
2023-09-08 00:00:00+00:00,0.002959761224593767,0.003479777365963223,0.0006604001161378253,0.00798179872874217,0.005366792288664475,-0.007553834740248079,-0.0035083029987809334,0.0010222689263020897,0.004141249750504683,-0.003402780934348668,0.00894880277851144,-0.0018964573943333956,0.0002888881722746766,0.0003244354223825674,0.0005024170624512939
2023-09-11 00:00:00+00:00,0.01109732877818789,0.003962232954756364,0.006812827263737066,-0.012339603041884525,0.0047669421404920665,0.008099007719876754,0.002530199555163691,-0.005148611746330465,0.003066799850050487,0.0013946480454408356,0.003697248782503528,0.0007795986105304021,0.00020999711626557647,0.0018753476470501154,0.0017567397220975343
2023-09-12 00:00:00+00:00,-0.005187253044248481,-0.0018634112194968809,-0.007109564179909272,0.023807688319894205,0.008357551905814362,-0.008305668040323268,-0.004345582254820994,-0.008059741126674215,-0.004921041497838535,-0.0005681115182519952,-0.0030569019596929157,-0.0011389700337190918,-0.0024553739473394875,-0.00033675599217921823,-0.0014166790579614732
2023-09-13 00:00:00+00:00,-0.004913012573616536,-0.0030663327457488114,-0.005727709638377256,-0.010679140198624447,-0.0028362387612342116,0.0009105458958598942,-0.00518307397855569,0.002789550061090328,-0.002512655841875077,-0.010162234509983735,0.008770299121617814,-0.0033845912669128696,-0.0007081187448709401,0.0017653692408316592,-0.0008734332565738662
2023-09-14 00:00:00+00:00,0.013144643333761894,0.012230158396760681,0.012310093139128134,0.014719356208709703,0.010236356521870415,0.00279715270093457,0.008193834770261376,0.0054662231219515306,0.014264492963187122,0.014627866800318402,0.016413522676547974,0.0025277203039429557,-0.0022565244717894653,-0.00016184760375555045,0.0018183134029858784
2023-09-15 00:00:00+00:00,-0.004983585500480563,-0.010818229097758106,-0.011911347260852844,-0.012729589958795936,-0.006611382904540201,-0.008442081027025107,-0.004565248216974197,-0.015525643372586516,-0.013442101012723235,-0.009204799390611706,-0.012609535116040816,-0.000962161735604772,-0.003802315902729562,-0.0016283329237320003,-0.002379648264197021
2023-09-18 00:00:00+00:00,0.0008435490454482158,-0.004507827484465666,-0.001755007357062874,0.005097325837021471,0.0015866069079065821,-0.0017341008374616644,-0.0009208192129751712,0.007647703130559799,-0.0019847087863200438,-0.007989492264490665,0.0015877258958212218,-0.0021328967510354704,0.003401199607882078,-0.0014635288075392017,-0.0009560135556581748
2023-09-19 00:00:00+00:00,-0.0049310526280747224,-0.0022527802917412226,-0.008075544587972874,-0.013537476602204482,0.0009251720822798817,-0.00040362733183237613,-0.0022638458401866217,0.0007335709530727017,-0.0012412057499346367,-0.00415441410995922,-0.007372471605950741,-0.0030846354145794767,0.0007345567151742201,-0.000755699541563397,-0.0009196998202502367
2023-09-20 00:00:00+00:00,-0.01282332476447184,-0.005341781867838226,-0.004994693941331158,-0.008650916819529814,-0.0037126799982400093,-0.006633467477616967,-0.004675152159094539,-0.004996223430949654,-0.002495053020172164,-0.0004870418916980523,-0.006307749132036352,-0.005566918299712971,-0.00015822266668308956,-0.0017890791269988366,0.00011246351670421233
2023-09-21 00:00:00+00:00,-0.0026299544224438224,-0.018749694508107477,-0.019506237275237967,-0.013120425113949783,-0.016423302474733583,-0.017223254886320517,-0.017727591911916512,-0.01323135870437807,-0.018754676105293074,-0.034905458442900904,-0.016091867375480136,-0.00453820481960226,-0.000620292030036892,-0.0006477013034779464,-0.002053200302662036
2023-09-22 00:00:00+00:00,-0.009564676714420973,-0.004788826401596389,-0.008604750686574056,-0.003378092134580305,-0.00506265868751549,-0.00129565527334092,-0.0018324205247760555,0.0052939690772549185,-0.0005580840190625687,-0.005696078949496128,-0.004106801276852395,0.0005757784833985548,0.003153841066723327,-2.5620614054668728e-05,-0.0011450289614814532
2023-09-25 00:00:00+00:00,-6.123430864487421e-06,0.0001519867462254534,-0.00021394371697741003,0.011442859444978797,0.003037940055314866,0.008153710207513404,0.0038751689788885215,-0.00044021275326000135,0.010956653405488874,-0.0002368545089695526,0.0032499601672822402,0.0020372168506231493,0.0023588013404143766,0.0003315451809474293,-0.00014352108170703092
2023-09-26 00:00:00+00:00,-0.00883470324755828,-0.010739334654152326,-0.011296221183668242,-0.007719380904595134,-0.012898848070306657,-0.009592071145063406,-0.01413725293763738,-0.015509844145048586,-0.013551495742173575,-0.016133578295977013,-0.03123608545052222,-0.0032715154074753816,8.260819790584413e-05,0.000629231552877552,0.0021576970061219806
2023-09-27 00:00:00+00:00,0.0028711914302907557,0.0006589200270722927,-0.0022522750625878028,0.022174571619304192,-0.001731187641157024,-0.00012018448753823275,0.008449468631429648,-0.0016073658264262587,0.0006296251278098024,-0.003236710208520021,-0.002473270763978328,0.003506371452266058,0.0027492680316992878,-0.0005089552944597942,0.0033277811233688444
2023-09-28 00:00:00+00:00,0.010678591707821986,0.012907866412820716,0.00801083625046141,0.00406253996519557,0.008388858504651328,0.010788820414440901,0.0057930492449979635,0.016691680554617967,0.010109010341728302,0.008835567822373002,-0.013867638854470638,0.0035972154943733382,0.0012398700334739295,-0.0011315218070144899,0.0004495941395283266
2023-09-29 00:00:00+00:00,-0.0013240720476224049,-0.003053021194692575,0.0002820769425266763,-0.02058449576512002,-0.0073350395359377835,-0.007574473818631044,-0.005315390003275886,0.0015832254308441992,-0.003765883078633356,-0.0007121086463706754,0.0014187614693999297,0.0019285124443861894,-0.0036011403166880803,0.0002884811135672226,0.0005128809298573826
2023-10-02 00:00:00+00:00,-0.004115583571029032,-0.0066186337586635665,-0.012634189947029174,-0.026491065294879493,-0.008699124576064159,-0.007779693237846156,-0.009390501117157194,-0.0004983041275758915,-0.011359873893063525,-0.01294139879673039,-0.0404837046872161,-0.0039236776265574105,0.003985425422029016,0.0028166926182033487,0.0024175408637028724
2023-10-03 00:00:00+00:00,-0.015092702715213064,-0.021984853937510068,-0.014816798437132274,-0.000566096685976873,-0.01818373009966776,-0.014127848717964563,-0.00955384417734791,-0.012490388803303457,-0.006901341309126227,-0.022038686286637646,0.0028851738189531327,-0.004875290134053266,-0.001914045882342382,-0.0010504285794673447,-0.003022398579455429
2023-10-04 00:00:00+00:00,0.008153928292564519,0.00725301796272003,0.007333305375140032,-0.03656049945754945,0.010617368235559,0.00610271712640418,0.005177131585513045,0.005955283974555772,0.010442022896554843,0.015584502656571894,0.0045385479401861,0.0004094868648394697,0.00433411839603155,0.000560513732013249,-1.1758350817284678e-05
2023-10-05 00:00:00+00:00,-0.0031733796623768778,-0.007565505259658557,-0.02062217537353897,0.001338917454754115,0.006899723551651645,-0.0004634947040064696,-0.006199760052022154,-0.0047576946133861,-0.006880282305125763,0.007279396327791458,-0.002722008956550637,-0.002161014367386934,0.002132349184470822,4.209353558018176e-05,0.0005169257788622127
2023-10-06 00:00:00+00:00,0.013208749224657871,0.005258284543932218,0.0014618157218132025,0.009998557166657835,0.0092016143432584,0.013165813932895532,0.013090447764222742,0.012182524840915917,0.008482485815675895,0.004083330713431432,0.020112573704350024,0.005377397506153639,0.0024662106512402314,0.0026368872324652286,5.991403818057946e-05
2023-10-09 00:00:00+00:00,0.01391687872841687,0.006364814387897035,-0.0059601662296517866,0.03771789128029945,0.0026401717168047845,-0.002195139678824096,0.015069098091510077,0.006020457368037181,0.005738991243171339,0.014343823725503007,0.009916609394605147,-0.005034043109694438,-0.0005919875223981759,-0.0010023762882630308,0.001545384153305824
2023-10-10 00:00:00+00:00,0.004567756273277235,0.007647511883861599,0.016547044727299842,0.0015804219842165527,0.006123655732332621,0.009688407487322253,0.005298268480255806,0.006511153175600267,0.008349965376619613,0.004526107077994137,0.014966735421764453,0.004277289529179551,-0.0004917126387262477,0.0006621309898492194,0.0014755691539818433
2023-10-11 00:00:00+00:00,0.004257873072153573,-0.0009287084194850473,-0.006356429175808685,-0.004947761991116594,0.00333688065549399,-0.011034913677722896,0.0074437791687120575,0.007766592404669792,0.004059641278376244,0.019163441521057638,0.016967937022964175,0.0006579570627170176,0.0035069447617985753,-0.0002193911012110932,-0.0014143852642877607
2023-10-12 00:00:00+00:00,-0.016498513474347692,-0.01668938725088177,-0.023615991026106255,-5.494836442696571e-05,-0.010208140699336324,-0.022122810835114925,-0.01134987731047817,-0.008651155265914121,-0.013426069011004887,-0.009657434117956243,-0.018682046507519683,-0.004880663649268423,0.0014530082906493236,0.003579001485937929,-0.0014210455719121662
2023-10-13 00:00:00+00:00,-0.008499982614907222,-0.006120223462683196,-0.005403030705609937,0.019545768368737802,-0.00010243466191282673,-0.003026397907497213,-0.009199709006239738,-0.01099688227046683,-0.0033275722375327487,-0.003979541528841511,0.0014908607168553206,-0.008158752535573657,-0.0032178408925870507,-0.0003576487487304235,0.0002546704745339538
2023-10-16 00:00:00+00:00,0.019822293911869265,0.015055602288373385,0.014287724770661136,0.013135233150629503,0.014233451451288353,0.01026101186458914,0.012230679269998936,0.013275273595386244,0.010346029614274986,0.010779026073910923,0.013744969401678336,0.001358003047220822,-0.001329746431768104,1.4537725462207898e-05,0.0018546232046925803
2023-10-17 00:00:00+00:00,0.00462553608552861,0.0055813666572200596,0.009915269124480696,0.010676970227128716,0.007579624695706023,0.0020757222038518203,0.0013061521309124236,0.0004486315651651006,0.008324500344661135,-0.002666809663528991,-0.0008487430115914855,0.0018174178253649725,-0.00027608299225979926,-0.0023099097282252602,-8.324779358105791e-05
2023-10-18 00:00:00+00:00,-0.007553978723805042,-0.01373557250193748,-0.011925956256888819,0.0023593953493998188,-0.015182169825868556,-0.015137341213901624,-0.026269509898212726,-0.009911827051221327,-0.02203309608236551,-0.018705788757413435,-0.013619745773430284,-0.010491603262780822,6.918511907241624e-05,0.0005545250319418851,0.0019254316804043405
2023-10-19 00:00:00+00:00,-0.01017048615621382,-0.016728117261960565,-0.012970533211815903,-0.002981908178168175,-0.017227438647890524,-0.011376974986278255,-0.01100738478519882,-0.01315561248077999,-0.01578077544666332,-0.023393575047442106,-0.016711245748370882,-0.0023143874882386086,-0.002531319113482437,4.7553851411386364e-05,-0.0023669986156559823
2023-10-20 00:00:00+00:00,-0.0072196511624763515,-0.008132436946233668,-0.0072893198209260015,-0.018248000252067752,-0.01792972830055243,-0.00403577673255639,-0.008986820378797404,-0.016704726710433795,-0.012497292226165519,-0.005997689960827025,-0.009155139427272876,-0.00173538451396783,-0.0007326856111725161,0.0011020765429246016,-0.0009768811660669108
2023-10-23 00:00:00+00:00,-0.0014735422774326227,0.0023764164016571625,0.00228463949544046,-0.01045207730018931,-0.003423906601333937,-0.0023807199821459864,-0.003205061633846595,-0.007317088783940991,-0.010776594833815215,-0.004577439699655282,-0.001736349704468613,0.0027239548170552757,0.0018063122217815849,0.002350542261252331,0.002937577068435719
2023-10-24 00:00:00+00:00,0.0034414220429072723,0.0036799882518643557,0.00395291081579629,-0.013509766846689489,0.006477695784526935,-0.0032991238138403516,0.002060882845817585,0.006880373477702139,0.01317859132558843,0.010455104007958045,0.02080024907096356,-0.0034955417682633484,0.0020237153256207193,-0.0009270077615956425,0.0032196378254684783
2023-10-25 00:00:00+00:00,-0.026001365078174674,-0.005333735471218389,-0.010400805728183481,-0.0024332507253615097,-0.004523201623685023,-0.029673058226735747,-0.011437829206600948,-0.014098626364776254,-0.01224108834868335,-0.023687665805095053,-0.01060659822003982,-0.012195501649077576,-0.00159143905330127,-0.004340525853532403,-0.0019249963501044981
2023-10-26 00:00:00+00:00,-0.006294904350897171,-0.0045502322790048205,0.002200178078873358,-0.0012409797809537922,0.008470151050126199,0.0008680166922412466,0.004701101032070032,4.649348883460766e-05,0.005409440158505635,0.014162395020396696,0.009495038864845113,0.002764156306817033,-0.00255257295962863,0.0004206655185959025,0.00025943896822465916
2023-10-27 00:00:00+00:00,-0.013679821971214519,-0.011856847443466129,-0.011489482255701582,-0.017524103901105273,-0.021776499024051956,-0.016144829668305462,-0.00889100059628387,-0.003685472333376378,3.856890240963812e-05,-0.014691704820400794,-0.01664898870551188,0.001050910953314799,0.004912879174565179,-0.0018293212845553082,-0.000989418538752819
2023-10-30 00:00:00+00:00,0.01855033169531894,0.010328086650307437,0.009697500690781187,-0.004646367707343723,0.016308728894692048,-0.0022279754966309023,0.011848840340819827,0.002656007162975921,0.00595319194580218,0.005072511656965399,0.0051978766967298974,-0.002169212933880043,0.0007255211029495137,0.00017135600751180466,0.0002835693909073152
2023-10-31 00:00:00+00:00,0.010534420095215657,0.008585126435887283,0.0032890719788947857,0.007366712239883831,0.010629430341168677,0.009104484036727185,0.008724235469948622,0.012438155275346374,0.004395424682063943,0.01722430671500297,0.003587391238109734,-0.001565947124321363,-0.0016495202095481215,-0.0007505234626283431,0.0011311150691297248
2023-11-01 00:00:00+00:00,0.003708582506117516,0.002072323450233598,0.003785363434200788,-0.005825013024637615,0.0119372489757973,0.005559857061027368,0.0076149122827059495,0.001522834158382693,0.003178515432467082,0.01119423755450556,0.024501168876920987,0.0004975684896324103,0.008548359627815598,0.0037744075489798993,0.00325798933203567
2023-11-02 00:00:00+00:00,0.02782955190535825,0.02124354971678566,0.019884288594316058,0.037908730861301844,0.021429304013884272,0.019041117641816773,0.02154076531983987,0.016097623011481748,0.019779214159399025,0.023113754030173354,0.01893360640381162,0.006961858985629587,-0.0069949803641780476,-0.0017742690804758536,0.0004149670641567897
2023-11-03 00:00:00+00:00,0.020740215318222004,0.025173884435792004,0.01158579913312175,0.00012169286743445704,0.013905468612924285,0.023759128770505615,0.010920428895803615,0.027916639178964135,0.013519782536050873,0.021267462211936677,0.013039068012536233,0.008402686479897623,-0.0036895802635300975,-0.00221582386542981,0.0011793692483616884
2023-11-06 00:00:00+00:00,-0.010230377764819762,-0.0034450503858306017,-0.004990742194322954,-0.01999486198861813,-0.004720292215590107,-0.0024098072406194353,-0.004194400687462337,-0.0033500801032888684,-0.004431014702195766,-0.011762304184245866,-0.005875243039953637,-0.004383235971398776,0.002896920824841309,0.0009280371396481672,-0.000652595856948235
2023-11-07 00:00:00+00:00,0.0008472447296837764,0.004497024337969002,0.0067370552714264625,-0.024178856664902083,-0.0006541065384620141,0.002320413232816343,-0.0001123030207728261,0.005397009440873931,-0.013667261801828248,-0.0057408680993405225,-0.0014008085044555638,0.0010959772407022458,0.0015778627677488406,0.0020416978308781513,0.0035183714625642254
2023-11-08 00:00:00+00:00,0.0011659844536787345,-0.001663670336247152,-0.003242591370561596,-0.01673103315750602,-0.0014085428711501544,-0.005846514092620529,0.001346003642196694,0.0008873829918807168,0.0011493170858565575,0.006122800912761686,-0.0033860431164888776,-7.757703967969801e-06,0.003088283398703952,-0.0007015681347464276,-0.001505559822632392
2023-11-09 00:00:00+00:00,-0.02890245847857902,-0.013169098783918686,-0.012196237754928691,-0.006980305671575646,-0.0014901492480859906,-0.028670734905275462,-0.002443579124815865,-0.0027888133374560442,-0.006339523704249181,-0.013158610051751039,-0.014646435111913264,-0.008773746156230892,0.0015884580587155503,0.0004702532830947771,0.0005292903730272054
2023-11-10 00:00:00+00:00,0.02182178190816889,0.010338063814323407,0.013713786021065223,0.009513369301137494,0.008647767051215175,0.01346897789399521,0.012394589531805349,0.019850455178231682,0.008196210108040232,0.013155696097256085,0.01023778262305733,0.006039806910162421,0.004413208117517555,0.001235053695974495,0.0002953314496236801
2023-11-13 00:00:00+00:00,-0.010354810838475661,0.0017045725034042615,0.0009277507272386475,0.004734871845133231,0.001458079627957314,0.003368526139825202,0.0011423460601939724,-0.004058799823391435,-0.000496311489369713,-0.005578904040874638,-0.010852556876788872,-0.0033281333297938997,0.0016347847640456811,0.0010050704773996882,0.002872809018818586
2023-11-14 00:00:00+00:00,0.019850956104705164,0.03465635413392601,0.030978527263229718,0.02511912042690221,0.020504898806970838,0.025700527762638564,0.026611034354656674,0.02900629109176038,0.03005160003112185,0.047005737139782705,0.04579622672178816,0.015213606596059472,-0.006505401054913738,-0.0017297800448827783,0.0007522949879879663
2023-11-15 00:00:00+00:00,0.0069848287545433,0.003519992967234018,0.0073795843486294255,0.0052881723824995735,0.0009544450329438221,0.007001472501543585,0.0015613501714063273,-0.0017216456993025277,0.004543390658443611,-0.008556087037022396,-0.0025163554151805935,0.0046098008672360415,-0.00836401114318542,0.0010807263094585315,-0.0017550004223843908
2023-11-16 00:00:00+00:00,-0.0040346760595642815,-0.004085460864283615,-0.013476741860218598,-0.029083871426540422,0.0018569919488673069,0.0010402331526669706,7.960589456273016e-05,0.00018857857792424406,-0.0008799302173474352,-0.0009365446357474747,0.0024154145911304344,-0.004386030060482817,0.0008989611750406744,0.0011942633085747258,-0.000695915892471438
2023-11-17 00:00:00+00:00,0.0012379485200886488,0.003902404334357593,0.005135620125416462,0.022046954220076735,0.005667752288532965,0.0021040590171050736,0.0052271320288459445,0.005068897744816363,0.0013133895044936574,-0.0036257665475561388,0.004148601246716838,0.004418816362431984,0.00020654893887484612,-0.0008341321888678949,0.0004521360906434087
2023-11-20 00:00:00+00:00,0.006954382969725648,0.0014130638662229454,0.003406235076124287,0.0043159389348558395,0.005113071143627174,0.010414588215665781,0.003141571821982229,0.0074053870147137565,0.0004906257647843158,0.011574246288203248,0.0025883930958159915,0.0014632453698433805,0.001179245143967257,0.002348032357127882,0.0034951610792754804
2023-11-21 00:00:00+00:00,-0.004337804863795723,-0.003184114696300211,-0.005220687730693466,-0.006139373034584778,-0.002391577398252664,-0.0001379239775257455,-0.002857075073910394,-0.005867115062451502,0.002583225070878991,-0.005218983278700135,-0.0065419139232295725,-0.006763687047312789,-0.00018095024238339253,-0.000730633049862469,-0.0012267310968681025
2023-11-22 00:00:00+00:00,0.007698740949701441,0.0058827005894780075,0.009928944117078075,0.0008161623798449803,0.006211280275711537,0.007205467668480687,0.0030837254270921093,0.005602331599318634,0.0026035510754957502,0.0047717259642878155,0.007583753425267865,0.0003424876283505908,0.00022213918832310288,-0.0007874472098250876,0.0020684352479050957
2023-11-24 00:00:00+00:00,0.002059921688763867,0.0007609780375228186,0.0031019372679401322,0.006489198144723507,0.005449349145943449,0.004474412614182007,0.003038342890235408,0.0019790892215798264,0.0033895363709340854,0.0025788061346583777,0.0005411158675688063,-0.00014008993113245728,-0.0008337133058127846,-0.00046523617370863477,0.0007456311693301506
2023-11-27 00:00:00+00:00,-0.0033565886804708582,0.0007370235872216483,-0.0034070818064236763,-0.006853957818194886,-0.000990930431276947,-0.0057798939216500604,-0.0031807756763062153,-0.0020561948732581905,-0.00037188113696337306,0.004457771929474786,0.005400946519615638,-5.2719248200971584e-05,0.0021470116528962318,-9.208978639206427e-05,0.0011581029864187568
2023-11-28 00:00:00+00:00,-0.005692354270157917,-0.0024247615627112622,0.0025841454325886137,0.004245742787625367,6.180057931722699e-05,-0.007508230992733797,-0.0048609128635326805,0.000565046109283124,0.0027113102394076844,0.005238290016293341,0.003913132795554602,0.0008286674028863338,-0.004521231172857792,0.0027417074654723264,9.230981976482335e-05
2023-11-29 00:00:00+00:00,0.000627343460356097,0.0017931741694454067,-0.002506561743339049,0.0036116289505601306,0.00987277144276232,0.0050166074280920455,0.004382130336162419,0.013362867320645292,0.006298782721967051,-1.914395314463668e-05,-0.007395364294041894,0.006176441528918337,-0.0022632708599779265,-0.0009359184485970269,-0.001148268959552516
2023-11-30 00:00:00+00:00,-0.0017396620337457435,0.0072799008575802305,0.0031716070638343813,0.005880710771781789,0.009856642925185798,0.0057896215395101406,0.009444978993263584,0.002343783594895745,0.007114216247149797,0.007170792297600902,-0.0008430816928017364,-0.004572787346409676,1.1197628917975107e-05,-0.0022687660162004674,-0.0009723684434451464
2023-12-01 00:00:00+00:00,0.011266201385314404,0.024718621036999594,0.01674327068061949,0.016494222369562363,0.012853340716055687,0.013624147322069229,0.01812979923597004,0.010420522041238863,0.01169040829915173,0.019586177047684866,0.0181454171173836,0.007345770161532069,-0.003741511737097165,-0.002644310139565495,0.0014697877091715949
2023-12-04 00:00:00+00:00,-0.005707441477799409,0.008396775090344259,0.00215845520838614,-0.008436376760301288,0.0026543045632219705,0.0019843856042463448,0.0013567325510719715,-0.007257067776719139,-0.012795512026670034,0.003127511056444067,-0.0038201541533503724,0.00027078672111153644,-0.004137982767322851,-0.0017813600222132886,-0.0007195442942549207
2023-12-05 00:00:00+00:00,-0.012242806926180001,-0.009237602220509176,-0.007311399771892908,-0.022877416626840275,-0.002648365987575882,-0.00776984715339781,-0.007959006759906156,-0.0077232073335404645,-0.01355646063920675,-0.0017759842744613631,-0.00591276254854645,-0.0017001515526195103,0.0028679943935781974,0.0023292841486516726,0.00033241050469110574
2023-12-06 00:00:00+00:00,0.002993988166321626,0.008942584655809303,-0.007245638403452001,-0.016980209667389563,-0.006459554785457009,0.0025045366197469074,0.005750106325332851,-0.0032590403412886826,-0.0017489496492197575,-0.007004436204213699,0.005644347729529253,0.0010957242863145278,-0.004852841387563904,-0.0007939208896638825,-0.0028872073314001895
2023-12-07 00:00:00+00:00,0.008329607273265364,0.004113793263830425,0.011933216868625744,-0.002802589287697024,0.003468702722099094,0.004839611139905004,0.003459240501724981,0.010018487231254591,0.011817163935556187,0.0007903674481959362,0.0005733640767443237,0.004661643310298357,-0.000501591936569045,0.0008913147992679303,0.00026456309251904255
2023-12-08 00:00:00+00:00,0.004046331380985214,0.005018237116526272,-0.0007353342938653876,0.013661330287603664,0.007309819150748061,0.00573850338530232,0.0027203790045676217,0.0034711526073702994,0.002581589634375756,-0.0007617456955948463,0.0037561246203165364,0.005205918738723184,0.003870659078032128,-0.0005361873693813465,0.001362531627480067
2023-12-11 00:00:00+00:00,0.0009448151220295623,0.009970634169336337,0.009042762692046324,-0.001818873984782288,0.005166170148615804,0.011779991035819526,0.009383764241369389,0.01713537065261791,0.004848806488937769,0.0020009459058119025,0.004461899063414359,-0.00018693654671855385,0.0005175732289982899,0.00067109313051655,-0.002720155617607782
2023-12-12 00:00:00+00:00,-0.000940200759944793,0.0022156153347205705,0.0040169085343593055,-0.015150494154302974,0.006352485425492733,0.008838468271592901,0.005220502413605854,0.003889765259523201,-0.006642139833831247,0.0022246944521191496,-0.002175675126016571,-0.000761896841314508,0.0027676082919126112,0.0005010121630746128,0.0002315453961894469
2023-12-13 00:00:00+00:00,0.016825255796683498,0.014545799818666825,0.024269886625726534,0.02088901615249307,0.019494523122483624,0.025834722985522446,0.011122039359937252,0.010008204715904,0.0267242977036275,0.03159689108167682,0.03810903111231091,0.008365195030939382,-0.005575913936648468,0.0002372153269673133,-4.194143895007267e-05
2023-12-14 00:00:00+00:00,0.017952496768881065,0.013360205964034026,0.004461522890088592,0.03678711652619293,0.007112443408755195,0.015444240490766733,0.01492285793895395,0.016842388650188236,0.010366510952568731,0.008804627318418013,-0.013719364151349875,0.02039176556755518,-0.007529443029777929,-0.002488845550555608,-0.004965008546499198
2023-12-15 00:00:00+00:00,-0.0033933873916647196,-0.00580744077535287,-0.004650051645863925,-0.006755937981785082,-0.0058734072993438515,-0.008951449118257149,-0.003451914188644266,-0.00030997161513017296,-0.0008752500730436163,-0.007857975101633007,-0.013399219839291661,0.0007293898790760674,0.00213330105833777,0.002767327386455293,0.0011150192359767174
2023-12-18 00:00:00+00:00,0.001799465799178983,0.004156690673434431,0.004001187036569449,0.008918817807385447,0.0023072083691568187,-0.0013294757587124918,-0.0012343026485028019,-0.0018195738835295695,0.0015864117047433368,0.001975094583437376,-0.001009674214983104,-0.004382078629319966,0.002060100887379555,0.000366666306907465,0.002894864222265492
2023-12-19 00:00:00+00:00,0.012354837492252977,0.009597164270739065,0.010139596086467292,0.01600306972261501,0.009487721537080922,0.011399277402815879,0.006655385260303407,0.003375559929404296,0.008890299424457359,0.0018835729127607145,0.008062465991616691,0.0033084576353412045,-0.001361373300315505,-0.0009800215127708295,0.0030372807119302654
2023-12-20 00:00:00+00:00,-0.013243190831882148,-0.016213492463835726,-0.023241477703471045,-0.011413519342689615,-0.019351770749946116,-0.015179887061079731,-0.01212202046378341,-0.014239041995895098,-0.016046626684826062,-0.010121037351624593,-0.020490065058355288,-0.0035747218891534257,0.0002307934125464462,0.00028533160363234875,-0.0019323089663882704
2023-12-21 00:00:00+00:00,0.005561557714476844,0.010589281475438656,0.011177870441238701,0.008922245704932164,0.010134252085996085,0.016809962964853195,0.010428560741940502,0.01185848366280522,0.010140758452340786,0.008662801775197775,0.00453649100394931,0.00419810916100011,0.0003362572199221243,-5.324625036770732e-06,0.0013076193435035879
2023-12-22 00:00:00+00:00,-0.0026541986013854466,-0.0008100728905331472,0.00233795871520128,0.0011091946802806202,0.0047410988863160934,0.00444441269492192,0.005621679818099412,0.004299193848719609,0.006720883563600757,0.002363666162008239,0.0021661095013947966,-0.0015132676036364089,-0.0017939573392579346,0.00018221148364713804,-0.0008863637898790108
2023-12-26 00:00:00+00:00,0.004175195611125571,0.0005526950001299079,0.0071780109469031924,0.012118934925582784,0.004707482025735578,0.005783182203442977,0.006610088111511255,0.008826169688564962,0.004403269503154375,0.007025045338631587,0.007651901127113843,0.0027972273613321485,-0.0006730065526053314,0.000701023933622354,-0.0008588919059331524
2023-12-27 00:00:00+00:00,0.0006498081558888857,-4.685037415002712e-05,0.004930194775880099,-0.004818189985567099,0.004005673191455681,0.003559104197892812,0.0014229852451980284,-0.002332027508007518,0.0005273226758188917,0.004103448722437543,-0.00024131361974257285,0.0009107579900436365,0.0011103066864141047,0.0003197240788724879,0.0005102261144482023
2023-12-28 00:00:00+00:00,0.003440006823375009,0.002021471725048924,-5.9043756335019296e-05,-0.013653997370604647,0.0028433077392175255,0.0010348304847746332,0.00026044529490889916,0.0022010282181816106,-0.0044507697863210875,0.005368721954573201,0.006000310791427362,-0.0012625968136942625,-0.0012824542311133456,-0.0006840519555225126,0.0002649643058894656
2023-12-29 00:00:00+00:00,-0.0040687819654164695,-0.0025412667445122326,-0.004007878970084889,-0.007123110275691977,-0.004517902291768735,-0.003287094523460932,-0.0033460878754134104,-0.005227877264582587,-0.005936551360701834,-0.011560296684321908,-0.004689755691470153,-0.004714331823408864,0.00020690461505975922,-0.0006201215168869455,-0.0011870886012900583
2024-01-02 00:00:00+00:00,0.001812536349952474,-0.004329978080091742,0.0024586201249790236,0.00897689214871603,0.0017989248660564064,0.006402064156729378,-0.008633451217373042,-0.013174047309857615,0.0010160242702497656,0.008343589590791962,0.007863534495268202,-0.006226425397194616,-0.006735171529730072,-0.0006375633570866023,-0.00045410832352760135
2024-01-03 00:00:00+00:00,-0.006727832066683617,-0.01751510071078653,-0.018300871578319722,0.00947184035745171,-0.010453411031959165,-0.018159259469415556,-0.01791385863045879,-0.01721395968748986,-0.008983981732962108,-0.01880789060226146,-0.0007359437819605809,-0.00915911207765782,0.00287196894071305,0.001460066356721728,-0.0011332958731197964
2024-01-04 00:00:00+00:00,-0.003411248006587796,-0.001444451395254928,0.0007422174338812228,-0.020600012914952975,0.006312369080299879,0.006874331256726898,0.0021250180532732432,-0.004566366220972747,-0.004764828055665683,-0.0016020532928213676,-0.001518393921622286,0.0010277783490847915,0.0009607185272163485,-0.0008733625391787378,0.0007076082380768374
2024-01-05 00:00:00+00:00,0.0033764551657382734,0.002950014349789116,-0.00036552365958388575,0.0010751875235205852,0.005032151501749532,0.0021747342513257365,0.0016886871281153893,0.0003142355334398531,0.0018927560128328329,-0.004841135336609029,0.003787612410456417,0.003167150542892559,-0.0005844262954704228,-0.0004637725368160971,-0.0005867602744560872
2024-01-08 00:00:00+00:00,0.009979159908106215,0.012615366044498689,0.013026271789278746,-0.006176048980862289,0.006955568067462361,0.015192888269383,0.008528059553905724,0.018072211647924764,0.0064272028643984624,0.014901098338383037,0.011777156839021717,0.003590035687419502,0.003141705419482839,0.00026632981663011687,0.0028314339529335684
2024-01-09 00:00:00+00:00,-0.008149852575653153,-0.007177833583348321,0.005810564747116283,-0.014194329213572412,-0.009933267148804499,-0.00027637425960601856,-0.002243432432167805,-0.002204450182692521,-0.01031788428639476,-0.004814968447082542,-0.00436139475568952,-0.0008755521758393157,0.0036150787626916705,0.0009363477876050304,0.0005168175265485861
2024-01-10 00:00:00+00:00,0.004424602971919481,0.004572371400076191,-0.0035079911507034335,-0.009086026651598245,0.0032151550332549005,0.005313096382310065,0.003671351378076282,0.004436898383515429,-0.0010256524435652693,0.0030310982894507336,0.00016227961336535892,0.00024387468658890936,0.003649303023843698,-0.0003800639768263398,0.0002948373005069566
2024-01-11 00:00:00+00:00,0.00032504074837303435,-4.2685654332622796e-05,-0.001803304967643751,0.0019224342248740098,-0.005101103243944418,-0.002163896265701039,-0.0015729295278684337,0.00514609637470061,-0.0028155182144460355,-0.006694406507676425,-0.02493072691981747,-0.003284203650505142,0.0018423606063911447,-0.0016231385683327638,-0.0006220140847351555
2024-01-12 00:00:00+00:00,0.002883996604479026,-0.007868245876932689,-0.004048142705581338,0.003196280913418001,-0.005498075723033203,-0.005196879134549269,-0.002767684465746668,0.003664699865830734,-0.002234569503610813,0.008812298874687412,0.0010329409475195621,-0.005590759352515752,0.0009371999289496348,-0.00048512445067063186,-0.0015279069279115448
2024-01-16 00:00:00+00:00,-0.007094987241195625,0.0008052738329051257,-0.003898280423554848,-0.023476006619532523,-0.007198969424789845,-0.005785278177813165,-0.008544484121777534,0.0008637408731901647,-0.009343034271772422,-0.0016101221755781179,-0.006979394540493203,-0.0016126298558772972,0.003624322164854102,0.0005867344042465757,-0.00027321689664001187
2024-01-17 00:00:00+00:00,-0.006473560354127792,-0.00589207919218706,-0.005756264530019255,-0.011472052731064952,-0.0015795691004979366,-0.00788595571174606,-0.0073683205854951726,-0.0095063705401091,-0.007443606521543668,-0.01605234132343342,-0.014763699799263829,-0.004982971727294879,0.0022133878264502258,4.329365831831633e-05,0.0011617744947390197
2024-01-18 00:00:00+00:00,0.008793624610984492,0.009110218056265967,0.000899129307330087,0.0011703476965169853,0.00026633596967503247,0.005617809911313827,0.015100442045601042,0.01839922097193579,0.002645807933283714,-0.0074220897990636085,-0.008389796270476011,0.002436969343412464,0.0017001112993761701,0.0008664175697731024,-0.0009654755893874793
2024-01-19 00:00:00+00:00,0.008588656526337392,0.0066651364431579325,0.0022392409007024085,0.004064758225680212,0.018352972615329054,0.004735465649709741,0.004877238854549159,0.01889866000648043,0.003224096805751103,0.01187900854448513,0.00329393340255616,0.004366563003486697,0.0027102920295131766,0.0021485833752757305,-0.0012323427146712523
2024-01-22 00:00:00+00:00,0.0098611959578116,0.0027652787509329494,-0.006758154639018184,0.010506686056030914,0.007218272948137888,0.004570712591807608,0.010820924673928298,0.007287130002660101,0.005446900428581616,0.004065890909053388,-0.0004666369601974,0.0015248160160959286,0.000734882047848964,-0.001916809851632396,0.002810401207460665
2024-01-23 00:00:00+00:00,0.013504298385520357,-0.005523337301410641,0.00539880187862834,0.0018996140297830152,-0.0008854326187748766,-0.003942476972303068,-0.0017230333394215292,0.0027675903335139143,0.002290794246496634,-0.0009803690092782973,-0.0010063205209095995,-0.0033439127569926553,-0.0029941189591810692,0.002637804116516848,0.0027107845539367007
2024-01-24 00:00:00+00:00,-0.005094606416786527,-0.007074834946088983,-0.014614336235064543,0.0057750822749917516,0.0027801266192620565,-0.010896341699666506,-0.00958795718119963,0.005259928606716934,-0.006649336175447168,-0.01059984257351861,-0.01429683028459313,-0.001283004114942235,0.0011364362667472456,0.0004604507580818276,-0.0014570582700242224
2024-01-25 00:00:00+00:00,0.018679734529423495,0.00959435482438033,0.013667639581617232,0.017267710569794776,0.0038717467687967026,0.005854345641808865,0.008011151318078977,-0.005049320700878914,0.011429512865688688,0.004586421423823798,0.016908023445513724,0.002610292706785619,0.0013525125746874853,-0.0041102336849318,-0.003786363429131678
2024-01-26 00:00:00+00:00,0.003693780134929079,0.002100826228584058,0.004888835334245918,0.008944890557379735,0.004334068298698231,0.0027916195318604046,-0.0001699370456429318,-0.003558082599588177,0.0011314758478567074,-0.0011700832539609514,0.004548704867966683,0.00023286630068696798,-0.0001965573820143077,0.0004405925739124208,0.0014300294275190978
2024-01-29 00:00:00+00:00,0.00619255328733741,0.007235752636428638,0.014255041484214602,0.0021622547191857302,0.0031142285359345217,0.011262263293359217,0.006746371414847747,0.010115128512153244,0.006037529180942549,0.005424440595333476,0.012920714131158093,0.004844585619915598,0.0031266444268526197,0.000988844385190727,0.0035114442814114175
2024-01-30 00:00:00+00:00,-0.012975944759717131,0.0028327005709518766,-0.0012614266526360073,0.00031284753072259374,0.0053006115406624065,0.001734374598691289,0.00030087786019173844,-0.006273324002600446,0.0013052823568340062,-0.01198948150275658,-0.006605441885205763,-0.0040953791470778765,0.00020983686687257942,-0.0032343035447836557,-0.0047242651171456405
2024-01-31 00:00:00+00:00,-0.008522302016046404,-0.013979378551581092,-0.007885613377430515,-0.017803096479995718,-0.013807589854798144,-0.003005099942252136,-0.013040326581877879,-0.016440941385794192,-0.008698553084555655,-0.002394224876342314,0.00023093678070622,-0.003948099907373661,0.0024633435938229736,0.002273042410844972,0.003976753662194349
2024-02-01 00:00:00+00:00,0.015780931955494994,0.019135145104412107,0.02762057468710501,0.0030892571940261864,-0.0025580288238540704,0.010195900163932481,0.014815956223999607,0.012427905175084346,0.015538309049498978,0.017596825303903284,0.02503996520866674,-0.0008164904597354125,0.006032258732737368,-0.0014238909848878923,0.0028136040868292893
2024-02-02 00:00:00+00:00,-0.007785715645120559,-0.0016459931805704346,-0.0014442955166188757,-0.004022997736461059,0.005089098899828615,-0.0034076966503217426,0.005751493682945813,-0.001374964963641146,-0.006211667958686882,-0.008888964700664085,-0.009696480691085916,-0.0008088806304494737,0.0034154621263640765,0.0002533257143635956,0.0018898773067457313
2024-02-05 00:00:00+00:00,-0.014124948466243781,-0.01251173075480315,-0.004159036338437699,-0.003889921147836768,-0.00912479020967821,-0.00037710931327610106,-0.00844406782881816,0.0033872848482064425,-0.021070664617556398,-0.020483044473210643,-0.0168442786494867,0.0014048170513141153,0.003819043795685041,0.0010333061077233974,-0.00024139879229444737
2024-02-06 00:00:00+00:00,0.008181006705731455,0.012751482138866113,0.0012180981167539764,0.00726295305743249,0.004481797284126117,0.01354821442964346,0.009756425537381163,0.000383343535843056,0.010125782960901688,0.009609948450673303,0.000483980578919505,0.002148481174682774,-0.0049098765885723,-0.001640172643099706,0.0016349664010361139
2024-02-07 00:00:00+00:00,-0.006174842462900569,0.003921121329247593,6.883844770170719e-05,0.005324152155327946,0.0046807621435082936,-0.0006674144988539305,0.0077748942976035365,0.0112370185047965,0.01223366490369387,-0.0009330401766674862,0.006161270943059514,0.0006920773785065626,0.005131191238224674,0.0008447499406382139,0.0010127032522131867
2024-02-08 00:00:00+00:00,-0.01008483379598565,0.007428564796162289,0.006941159639090659,0.010165696352616835,0.00011973961767008126,-0.0013943709262991921,0.0030975402040860243,0.002496105057119071,-0.0018570147886581667,0.005923632762501416,-0.005262174351912718,0.0032969791499025056,0.003149269063167461,-0.00033916664725075485,0.0004551688195751505
2024-02-09 00:00:00+00:00,0.005769251297244415,-0.0007828901577733019,-0.006195242789212434,-0.008080977758138543,0.006370719331436726,-0.0010314117372283074,0.004044742250425589,0.015317107607675145,0.002948599596754248,0.0008561275935694002,0.0082595813019581,-0.0007130641021266733,0.0014915866815465462,-0.00022846933069125457,0.002979651240407971
2024-02-12 00:00:00+00:00,0.009930728105328784,0.008478008576194183,0.01064323360923786,0.015712963531373546,0.009421368664654171,0.0072997024717041505,0.002877962776398965,-0.0059396162780465545,0.007168982384113037,-0.004097337460704219,0.011032912504863601,0.005148343982513937,-0.00430561347563092,-0.0014114723647032645,0.0005645465966350738
2024-02-13 00:00:00+00:00,-0.015370296697806308,-0.019177083068304637,-0.016420977842497433,-0.013312813035273777,-0.014339952712864618,-0.01889454891778662,-0.0126139558410279,-0.01792040943099564,-0.015023982626538986,-0.009049323857986112,-0.010048093226750932,-0.010014907699884945,0.004985095524770885,-0.00020690706181092366,0.00410452517784103
2024-02-14 00:00:00+00:00,0.01354464376426201,0.00604301346423592,0.010089082943878783,0.0076109237172939425,0.011508481945452323,0.014434415543287884,0.012528714674640092,0.00844306228281151,0.007113010933495171,0.005660902378562208,0.012562002444385802,0.007171147278270586,0.005115012575902737,4.228625079068585e-05,0.0031603345934426695
2024-02-15 00:00:00+00:00,0.02557960243262248,0.004679957138082635,0.012792048073200276,0.03138884009871227,0.016012580862623766,0.009093409642546393,0.006806895456924014,0.005137945911930565,0.01849369198658,0.021510335385437295,0.01938625733102339,0.005812182907524421,-0.0011903525567190966,0.000987127649432165,0.0015236415526526234
2024-02-16 00:00:00+00:00,-0.007737075982819778,-0.007260209754103268,-0.0032372330903452625,-0.0013275612246303329,-0.006036449610784125,-0.0020955810350292495,-0.0065402078778142485,-0.010967874929462355,0.004409757763452142,-0.009010678790450123,-0.0042989004662832,-0.003109264921536908,-0.0020490234237448344,-0.0023395180861635265,-0.0014662457253529332
2024-02-20 00:00:00+00:00,-0.001207230164102184,0.0018019944530169507,0.004369992008997271,-0.014366408293564632,-0.003966838694192789,-0.001124815307319206,-0.003767154690508894,-0.010746793909313494,-0.009647445288017973,-0.011695693158784506,-0.009157419367503495,-0.0019293720199577151,-0.0030617517988282715,-0.0004201062359411919,-0.005418925409529019
2024-02-21 00:00:00+00:00,-0.0013496506315792969,0.005155430909092155,0.002647194607028984,0.018500851677258387,5.70825103972302e-06,0.006035773075841289,0.0050239056222706946,0.005348234677810433,0.007528746131326728,0.011990979954239755,0.013222579284187644,0.0012523865501873942,0.0006306145182317446,0.0014745384626384723,-0.001156600101792805
2024-02-22 00:00:00+00:00,0.004587672496261274,0.012906752515298645,0.012284600256257905,0.005882759507407597,0.009591777455339989,0.012458487696471498,0.011215688751310281,0.012619740075478194,0.012142497616706759,0.005944971570104565,0.0036567213018662407,0.001608427082176477,0.006912001635056532,-0.0005680547914554109,0.004003301868066387
2024-02-23 00:00:00+00:00,-0.005498761464089029,0.0077641557135139086,-0.0011121202020681746,-0.003193705249460468,0.001943749452920182,0.00275150655132417,0.0072550398968406924,-0.00041729697107205463,0.00656813224220263,0.00036658628879456684,0.003962637607993496,-0.004109346919884118,-0.0008494264338229445,-0.001828610949677509,0.0007901940793761542
2024-02-26 00:00:00+00:00,-0.01667336632109996,-0.003801245449327537,0.0004190354698403744,0.006958712526888691,0.00011102008868812613,-0.00704155296101459,-8.683910303822975e-05,-0.0022784977574048493,-0.002057559773741615,-0.007292864158101483,-0.007831102614484324,-0.00048754521980438935,0.005814375760917121,0.0007496033938942893,0.005311653163615199
2024-02-27 00:00:00+00:00,0.008028065648016622,0.01354878885822294,0.008365648194024761,0.004872569105591956,0.007736210596096089,0.004891384695893208,0.003318399168353363,-0.0022054843550189,0.0007797043224842879,0.0004838494771975796,0.02164202402010164,0.004315732160028429,-0.00020168884021120985,-0.0007676671545328584,0.003277385510184706
2024-02-28 00:00:00+00:00,-0.005248607009329029,0.0013593598335423437,0.0009591852358235998,-0.006303583314676668,0.0005587951010425311,-0.007406146607361846,0.002390006164480477,-0.007105812679551503,0.0009419041863014912,0.010489655592702417,0.00016727239515170497,-0.00204349496323459,0.0014352960717167469,-0.0012581382360376371,-0.000635193120312338
2024-02-29 00:00:00+00:00,0.010966892666145827,0.005812621612518297,0.012515428505324978,0.012313953143572899,0.0014059148948571804,-0.0014495871087078114,0.0035388786078908215,0.0195085588972159,0.015408616179746216,0.008161620847275392,0.005056900034436698,0.004785539699299776,0.003075211944400147,-0.0018943127142034253,0.0010994744293864474
2024-03-01 00:00:00+00:00,-0.0038227613788427484,-0.0017633481406319268,0.00807926561385441,0.016454330278890757,-0.0022222505998780867,0.011077476459000497,0.004347113899714238,0.016117397892458744,0.005904966276784166,0.012966856227105307,0.004991190152484095,0.0041396745655265235,0.0046161399906270596,0.0008715881756244867,0.0029854622125952647
2024-03-04 00:00:00+00:00,-0.012975517905667743,-0.004231298082280011,0.000940188236992371,-0.0023400669862467974,0.008217699528856474,0.005191529257522064,0.0030089624122062015,0.0020600955548109585,-0.0001266025743952092,0.012764944275359595,0.020661320764545115,0.0017631713849092026,0.0034704057697774087,-0.0022150317013318937,-0.00018485752561154829
2024-03-05 00:00:00+00:00,-0.00047882328243398496,-0.001707467616879674,0.004575529145608651,0.007648660356211987,0.0007415335077778478,-0.006896101911315588,-0.010618920687658576,-0.009600047240306154,-0.00984452926837847,-0.011466214160254206,-0.001854975318283643,-0.001058979748607714,0.000275709952647138,-0.0021562639495103604,-6.341165170595035e-05
2024-03-06 00:00:00+00:00,-0.0015192754529969334,-0.0004004260309835492,0.007421770952809607,0.0027295813555448,0.004919165712395264,0.00903427599248452,0.006927097283784508,0.006653398678627482,0.007632137289481214,0.004286555725710765,0.011679587916889968,0.0015974591519903997,-0.000740362971748259,0.0005233405686724411,0.0006738072657783205
2024-03-07 00:00:00+00:00,0.008638214328643888,0.0027116618761042475,0.008170950755181303,0.010140820569822991,0.0007418967515459875,0.012502834819724596,0.007648578016913487,0.008321786650318389,0.01322019264015626,0.00018089483754026893,0.008331551006268988,0.0034982615129564294,0.0008177973525364719,0.0010900414511689023,-0.0008175895190389434
2024-03-08 00:00:00+00:00,0.0040114269329462925,0.0017778343946640736,-0.0011689254141316417,-0.0005087550480470108,0.002505903891298564,-0.0009403732576115803,-0.0021223787861673,-0.012289715621813215,-0.00832821010654607,0.008590003675096256,-0.004949385188588702,-0.0006071025990177462,-0.005045790770124706,-0.0008628545212714023,-6.15524285206173e-05
2024-03-11 00:00:00+00:00,0.011936252265397131,0.003405263639027274,-0.0016183086061526283,0.002784113579782021,0.004355418984609083,-0.002093506033044128,-0.002685801231723854,0.006990184886116241,0.011399755536447913,-0.0039854830159568215,-0.0024074084071268763,-0.00439698105554373,-0.0076065083643462655,0.0023978754286503035,0.000259663436224326
2024-03-12 00:00:00+00:00,-0.002653382150813627,0.003730257400740993,0.006444532011014706,0.0037222772853025697,0.0009083090194879411,0.002650018703236637,0.004434127042391061,0.0048222958900675395,0.0014321292228521804,-0.0030694544323127014,-0.002237955018442892,-0.0004430983976126151,0.007424983993779282,-0.0005476274469469718,8.023498624072948e-05
2024-03-13 00:00:00+00:00,0.005942257214054302,0.009496643029283387,0.0010817326561945416,0.016544908840551806,0.005789140255322206,-0.004267736571417434,0.0019247743883883035,-0.011052031136183667,0.006030139056096086,-0.001095386728669381,0.0024417860686734884,-0.00019149974777020462,-0.0007141003116133914,-0.0013405499083936553,0.002523378670278186
2024-03-14 00:00:00+00:00,-0.007477461135442004,-0.010607937193888228,-0.016015889790147786,0.003120011013067167,-0.012383056116225677,-0.009618611297053678,-0.005490689072840518,-0.013872696522540386,-0.006606106612008552,-0.01333433209511167,-0.009951119106674714,-0.005174025180616551,0.001993263393608746,7.850411281204363e-05,-0.0016631074421877452
2024-03-15 00:00:00+00:00,-0.006384443855523947,-0.0015268281822605886,0.0038589050577900706,0.004475043864648005,0.0021043271371235742,-0.0027871903228045038,0.0011759728915591884,-0.011088998803082086,0.0032682709476015348,0.0017387117625103654,-0.0011411242757881023,-0.0006111237003533909,-0.001428553474577837,-0.0009319873716536705,0.0014533607760134923
2024-03-18 00:00:00+00:00,0.013114563257773692,0.0008078080327115901,0.005003975320838061,0.0023641514955020353,0.0018112887703772887,0.00020634650445045436,0.0019216584679985931,-0.0015479183723255368,0.0031795340153244044,0.0033913150192241307,0.007811871244113975,-0.0016767044438312814,0.000759573920564442,0.000518317656642989,0.00260902880346844
2024-03-19 00:00:00+00:00,0.005519896448529439,0.012147677760975719,0.004923052305080992,0.012584086523873595,0.0007872753297863034,0.0068211774703822265,0.0061468591113751515,0.0073992532090722905,0.003309141036314746,-0.0019925119186594326,0.005268908025486836,-0.0011035748553538127,0.000868121011551256,-0.0018862913201265815,-0.0031562018021950144
2024-03-20 00:00:00+00:00,0.009910580927562914,0.011740040093983408,0.010435880385820273,0.010481052504180436,0.019256080365608025,0.0017183584068867662,0.014216678328582352,0.012053124402552204,0.012830937889685855,0.009612777729638654,0.011478470936734134,0.007646607928182343,0.002061183820971834,0.0033079567399028524,0.003283923432705573
2024-03-21 00:00:00+00:00,0.005673051419616825,0.0028856616907079434,0.00789837705525737,0.009766461068266008,0.006986259288132126,0.00526200195052242,0.012854746040738059,0.0034736579987033112,0.0016115196693706952,0.004317601154237091,0.0023522283607340672,0.005635116031271247,0.0017339435639434054,-0.0016065089975471861,-0.0014820986836901907
2024-03-22 00:00:00+00:00,-0.005502923262227728,-0.005100340034359098,-0.006006018831801551,-0.005061649621853925,-0.01272764542657703,-0.005473966696288482,-0.007532270141454011,-0.002796941715665544,-0.007523468502622925,-0.010608534034902832,0.0007736795989184348,-0.003107507776297904,0.0018142920828383932,-0.0007632508381448422,0.00022713967721404603
2024-03-25 00:00:00+00:00,-0.0009450412935933381,-0.006884007788952178,0.0016134431717876995,0.012685106001485633,0.005243090299030956,-0.002753108391997816,-0.005432996557898034,-0.007838311835187716,0.0016353863565147064,-0.0019288369602860117,0.007947387792712712,0.00021810385580738902,0.0003177463714485961,0.001508693703285522,0.005857518691603585
2024-03-26 00:00:00+00:00,0.0009493241294895582,0.002368532805633785,0.002096072920016966,-0.012678812030914897,0.001796642873849998,0.0005937954500010856,-0.0013208431911336522,-9.861731624494899e-05,-0.0019196441833252843,-0.003187474329517658,-0.011440527101964451,-0.001519818992938037,0.0010719204662498298,-0.0003939910847900554,-0.0006812874289533178
2024-03-27 00:00:00+00:00,0.007957212734311452,0.014129666807674017,0.008833444391832559,0.010895777788568001,0.011432755201594355,0.014266914766466266,0.013547289727686812,0.012415458950223463,0.014615783906393637,0.011730250050262564,0.01858363832730648,0.003456568599611747,-0.007105431120111114,-0.0018392830924802428,-0.002996639199810599
2024-03-28 00:00:00+00:00,0.003564442359110266,0.002145039067656256,0.003824904837497897,0.010874545612264157,0.006073938310900477,0.001438326500501387,-0.003273487717062354,0.0007015685734549884,0.003364919508180617,0.00548040235338272,0.007320662262801546,0.0008741955538120079,-0.0017140575156416062,-0.001183895513387283,-0.0006583497979146522
2024-04-01 00:00:00+00:00,-0.0006994863557162051,-0.006569066073275946,-0.004471680688335633,0.008458080362652777,-0.009975114767272832,-0.013529952837778561,-0.010988328113315718,0.0022518791865229057,-0.0015529804007589085,-0.014319940728300614,-0.003030089026998534,-0.0011921148270466263,0.001786023190383091,0.00022818654076716717,0.0007770284548907743
2024-04-02 00:00:00+00:00,-0.0023785404403742316,-0.014173147754348279,-0.006039565836606783,0.009340421454577752,-0.007349673192922235,-0.01489476569447374,-0.00868676961619763,-0.009288698862719418,-0.003532297741766657,-0.008223664506469176,-0.0009489297432926952,-0.004044357651226308,-4.991633202112461e-05,-0.000503917171735738,-0.0007409278475830148
2024-04-03 00:00:00+00:00,0.005952762660558012,-0.004929954371335735,-0.0036728103508565663,0.014068802254981087,0.000999560765288242,0.0021130888302080043,0.003399645754422262,0.003157609793178524,0.006615532490641283,0.0053950950572867855,0.0033362173077875917,0.001257667830775892,0.005011694309321971,-0.0010142158328709776,0.002783759165633568
2024-04-04 00:00:00+00:00,-0.012978143939745636,-0.014302289178170884,-0.008163942794094072,-0.004569516967451629,-0.01203179600282039,-0.013558608814484707,-0.008705003233170572,-0.011876062057459717,-0.009848989804479515,-0.012232673389350497,-0.008445577794710588,-0.0008402331644146581,-0.0038731755673620683,-0.0014180738663185609,-0.0015949568472245924
2024-04-05 00:00:00+00:00,0.004779965945265622,0.005292450543382562,0.002657555194390467,0.010144890034246918,0.0060946391651410595,0.008252756456805345,0.010075831950907893,0.00419359677142407,0.008652182852031941,0.011155560435725364,0.007699985582054469,-8.984722737598685e-05,0.005658551731781004,0.0007209653160149942,0.0014127112921867285
2024-04-08 00:00:00+00:00,0.006901132073997609,0.0020884132730813547,8.253626231588822e-05,-0.003463880108794104,0.009343955727820931,0.0008184387057674903,0.0012883863456460832,0.0005311305114830832,-0.0005210873777106411,0.009750859833683833,0.007598194240321204,0.00430980476554362,-0.003456047525021247,1.5028222855742587e-05,0.0003004494682895682
2024-04-09 00:00:00+00:00,-0.002698409350834638,0.0028571440732682333,0.0032030577063302014,0.0004706920210542922,-0.007530324684413331,0.010089345881413032,0.0005620243146329815,0.010060920646635113,-0.00021894046260857112,0.004436766870587658,-0.001349899999110175,0.005809518581076909,-0.008940091537402137,0.0011442946524373927,-0.0030460067577314696
2024-04-10 00:00:00+00:00,-0.016111752145513542,-0.02049253691512169,-0.012485269735262082,-0.002286035771329373,-0.014765150495001284,-0.018530709664215314,-0.012508607624029545,-0.021316091312871,-0.009250055039228358,-0.02731016480365214,-0.01687672598739894,-0.009488585760733565,0.004289015179488071,0.0011523331720244348,0.004881426652725651
2024-04-11 00:00:00+00:00,0.0056087894295135925,0.0011422800953597282,0.004248431659645908,0.003533398083782931,-0.012111285338011528,-0.0007552222100032602,0.002751953044591283,0.005363584438520473,-0.001328685747540536,0.002845853082276286,0.006826621133959855,0.004936953711248729,0.002966140230131863,0.004537590000897722,0.0008910497626270629
2024-04-12 00:00:00+00:00,-0.018133710739859553,-0.016601790266994633,-0.02306336425253102,-0.01970010338072362,-0.012347961566324587,-0.020169871679611793,-0.011863033640504823,-0.022509999189614546,-0.019142122666958614,-0.010226539454742488,-0.013574718393758092,-0.005346750567920195,-0.0002516253483914356,-0.0013173261982626985,-0.0029831380054894316
2024-04-15 00:00:00+00:00,-0.011997424638155884,-0.010340802564660136,-0.007733289362405158,-0.016640826577171846,-0.008521899295235967,-0.007227880507471637,-0.008351356474385204,-0.00930844479487637,-0.007124025834450115,-0.018633491289258387,-0.015058532775283358,-0.0025600456301274623,-0.0018890065740359702,0.00012963325304255618,-0.0034287990262345915
2024-04-16 00:00:00+00:00,-0.0011131727730249433,-0.0035893736721256397,0.0015604686776180192,-0.01005729317080574,-0.0017843320454578651,-0.002343374810610339,-0.0021558415545930624,0.0023697446936054196,-0.007840331313387723,-0.008258866445101458,-0.005803355658043727,-0.0030280619401664936,0.0036012051683884955,0.0009945912571990663,0.004616388366247564
2024-04-17 00:00:00+00:00,-0.0031421024685010716,-0.0019501323527817763,-0.0022883752277351706,-0.007601906782618598,-0.0013943626774792564,-0.011712929447990626,-0.005490450469714684,-0.010753401214257241,-0.001565497902217795,0.00017275708578886999,0.013124886759155966,-0.0030025313619219322,-0.00422885965558392,-0.00056139651561465,0.00022054874206871192
2024-04-18 00:00:00+00:00,-0.0018367263108278532,0.002309020155686249,0.002117923169924151,-0.004230878825493373,0.0052816861620514025,-0.004186250306427643,-0.0021814551953792502,-0.008505094599514946,-0.0022003132358740622,-0.0014485219943181677,-0.00012468127844217792,-0.002084605561364865,-0.0037055178051231693,-0.0017027689500446026,0.00041709436632793155
2024-04-19 00:00:00+00:00,-0.0011013614424736043,0.0038445873946350035,-0.0020429775388241794,0.005279438580054571,0.012121192713678198,-0.00020398698850940825,-0.0003197043740540983,-0.008852995418023795,-0.00019511247871111046,0.00035087654584075277,0.0035482804966670556,-0.004987303760898262,-0.007056398373785396,-0.004421259289093577,-0.003079298135176578
2024-04-22 00:00:00+00:00,0.003645738325506702,0.007115177536312394,0.013685464676318402,0.00948101378261884,0.014218391075292769,0.009323567537481847,0.007634787109745986,0.007395555791178932,-0.006292547164109977,0.010525868781923917,0.013262973386578933,0.0037086834174332355,0.0018873979136474622,0.0006220939487528877,0.00031309925704028126
2024-04-23 00:00:00+00:00,0.012578516213815786,0.013913296614564079,0.01209003807056672,0.011034981304398934,0.0059109085376691265,0.018709107591986792,0.011768199837687156,0.015427324541043888,0.003758649535323679,0.013307828104328163,0.013538837145450984,0.00531499945291155,0.0048369123695443505,0.0026687437153759827,0.0040643859146706806
2024-04-24 00:00:00+00:00,-0.007903990236675167,0.0019275836354456948,0.0038731215749826793,0.0010298368021733537,-0.002271314636747344,0.0006237702968060379,-0.006439377230762796,-0.004238263562605813,-0.004160529421109322,6.411204076497252e-05,0.003100977317645076,-2.503933168032706e-05,-0.003299893029412153,-0.0026375531966710067,-0.002793826022373106
2024-04-25 00:00:00+00:00,0.007347276847967606,-0.0012917460782910992,-0.0006443869423202915,0.0072975543626038145,-0.007825744060522229,-0.009853877196706844,0.003488952266997991,0.009410189837491461,0.008322043502954646,0.0009761985274551481,0.009855870461725558,0.0015789566881556313,0.006121976205322849,0.002680892031898721,0.003449409456816075
2024-04-26 00:00:00+00:00,-0.0028539721784102416,0.0012810301814820692,0.004461399888226227,0.002092401348511154,-0.0013435242323205216,0.005029425678560353,0.0015954567278282524,0.0018889517365665086,0.009943462084278591,-0.0008859095718422106,-0.007294039302653647,0.00518867276901145,0.0010452599466364888,0.0009985757718006577,-0.0008906282932422445
2024-04-29 00:00:00+00:00,-0.0006744017522206367,0.007726276155206214,0.005777398540229541,0.004739648308709751,0.0010239736994439037,0.008138942750938056,0.007339185565304457,0.004987787416602765,0.011304796368695203,0.010091691213635078,0.01618617713810419,0.0010998284553101919,-0.0017530265367312237,-8.485666965010047e-05,0.001013685721077082
2024-04-30 00:00:00+00:00,-0.016854635352802117,-0.019649977261892833,-0.018672755249243,-0.04023880719099878,-0.01293239205427586,-0.013380042574822984,-0.0172590948701664,-0.017070203126360886,-0.020382475415420574,-0.015318170172254272,-0.011961138124402406,-0.0067017826495993265,-0.001419451316468777,-0.00319868450534167,-0.0002469040945149107
2024-05-01 00:00:00+00:00,0.007516980310560041,-0.000259752447775527,-0.009653125513058629,-0.018683317186692795,0.008246575273249445,0.0037770059128054674,0.0025245129075648696,-0.007937884522453075,0.004019187420222296,0.001277587568157561,0.011426457376573084,-0.00023977412262566038,-0.001173564006682479,-0.0002471177992982758,0.003181145041263096
2024-05-02 00:00:00+00:00,0.006368105550415541,0.0033117982145786096,0.013588843675628034,0.010600984247480816,0.004792045676384929,0.00617062199118248,0.0026676792525534964,0.005021031400448344,0.002480603053814756,0.014451895011875056,0.013739348115044335,0.004494509428013585,0.0013793538784907307,-7.736003330784482e-05,0.0030504842374901252
2024-05-03 00:00:00+00:00,0.013645664360616273,0.006979793167717897,0.0063066104101052855,0.004142263766667351,0.004679773543042304,0.004789934864002819,0.008477893612683803,0.013034003772043022,0.010733097770603755,0.004688999522498726,0.00999384120127495,0.0037153526449821314,0.0018220904212086946,0.0005557386033259257,-0.0007282021421624423
2024-05-06 00:00:00+00:00,0.010653184850215332,0.005505220360468214,-0.00020452214844200907,0.011718748011279324,0.011863269870347306,0.002213872440920575,0.010168046044165097,0.012328358520230483,0.008380063133188384,0.005527572682852294,0.004432877705038479,0.001150946920887255,0.004040840474883653,-0.0020875134960890262,0.0016816254275581078
2024-05-07 00:00:00+00:00,-0.001398333323899531,-0.003309315881363261,0.004481331833617255,-0.007132461458154954,0.0007407122669137543,0.005486325147929061,0.0020707436532153675,-0.0013487249919675631,0.010653684728899564,0.00719962900396846,0.003800535361381252,-0.005528981954979202,-0.0012071349675467594,0.001176007750438614,-0.0017829842167043704
2024-05-08 00:00:00+00:00,0.0034734357999336974,-0.006022424752963332,-0.0015014383945590613,0.0006553487095268517,0.0020928855462716534,-0.004725817189234654,-0.00030526558947269953,0.0021415735332678447,-0.0023737399501020744,-0.0023432628957226202,0.010993288032324485,-0.001822927435896026,0.00116670457139042,-0.0009806042841021666,0.0024792466375803115
2024-05-09 00:00:00+00:00,0.00688604188354744,0.012919357304124683,0.010823265557177256,0.014050157369360711,0.00708288052883717,0.014277522435359865,0.00889611469495194,0.00017399420000104287,0.0127611540411894,0.013466098155289935,0.01613180288439821,0.0022586621447341962,0.0017621941555925073,-0.0015472051759766094,-0.0001345709108539466
2024-05-10 00:00:00+00:00,0.009591685279056326,-0.0016421585275106236,0.0054224508430694655,-0.011674251063313806,-0.0007934029076090051,0.004715367276910652,0.0010995021136679904,0.008794141788384786,-0.003114403079130302,-0.0069130008129776425,-0.005852534129869416,0.00039517732806659855,-0.00019846948236295126,-0.0017430422913737287,-0.004758319115584523
2024-05-13 00:00:00+00:00,-0.0013985134711792815,0.0008074697855840634,-0.003433898908729031,0.0011403511677687502,-0.003308901073213964,-0.002870053478348924,-0.0023779632727979616,0.0029168129216921427,-0.0005017345781091412,0.0016630176281824515,-0.002182511541177088,0.00039693423871792324,-0.0052252690743999795,0.0014909763812211685,0.0015497047794006433
2024-05-14 00:00:00+00:00,0.0035058151288907668,0.00027885338625712364,0.0012462669171437414,0.007078693659290633,0.00839596099557693,0.006858460672491483,0.0013663125143189572,0.007333382695541372,0.0039415453455777455,0.005802712670672604,0.0045083516956504616,0.004289026390487108,-8.798544358121994e-06,-0.00014563535581737271,0.001967487692879748
2024-05-15 00:00:00+00:00,0.0030567784757540785,0.0017648163807715673,0.004559824945791997,0.0010302816232966262,0.00861837511453924,0.017620530397543906,0.005443825287110198,0.018538236785450097,0.0031226867293229427,0.01740327588635056,0.02007964238357583,0.004931019396663428,0.006442158170460842,0.0019769715564781597,-5.296470942015759e-05
2024-05-16 00:00:00+00:00,-0.0010427001910280774,-0.0023221459101032756,0.0025536697828896686,-0.0014222388034360114,-0.00290560902470009,-0.0037925191848213087,-0.007116830539909793,0.0029644861210080817,-0.004318868784702342,-0.00560942653224126,-0.007474661876857275,-0.005422146262828145,-0.005492075581173283,-0.0005374307334533269,0.0011500678512647187
2024-05-17 00:00:00+00:00,0.0009302989711494462,0.0019426162752896755,-0.0069728601128081795,0.013276096235931092,0.007625791423095474,0.0003632847514801529,0.001042130368964852,-0.002456656147709134,0.003920399894675433,0.0022111629942406447,0.0012262759897873786,-0.0014083263217107614,0.0006519375650496965,0.00026786807607503884,0.0015365508977959557
2024-05-20 00:00:00+00:00,0.007525226464087063,-0.0016495227492491877,-0.00393102759165362,0.0004155652017122077,-0.004964338930903398,-0.0008553564387552555,0.0017444454767885638,0.006033858076221454,0.0010687101629764536,-0.005458518131685881,0.0007378185033432585,0.0024748719055092184,0.002417182966911625,-0.00014694693822170585,0.0018891186277509883
2024-05-21 00:00:00+00:00,-0.002150446716374156,-0.003818990641094559,0.004652961997464411,-0.00490586216665604,0.001224513818217853,-0.0027940526954502317,-0.002915770434572587,-0.0013181648654614565,-0.00046850446253932803,0.002615245334873048,0.009202201879304267,-0.0007619247560489957,0.002643637555217523,0.0007663525610213232,-7.869808258802093e-06
2024-05-22 00:00:00+00:00,-0.005344452479023659,-0.016067400082552297,-0.008685324418353412,-0.0189934275280662,-0.003835695886859624,-0.0004335931634981466,0.0021316972640753394,0.012683332377246464,-0.005987633869915807,-0.004462968644764953,-0.01124744536328104,-0.0010436398744006513,-0.0009295095486736031,0.0016724154362090272,0.0008859497659004859
2024-05-23 00:00:00+00:00,-0.013389471115539084,-0.005838569225788383,-0.012651828238785206,-0.011114140762712348,-0.019667038998332477,-0.014501430276169573,-0.013496508409018476,-0.012890644128286822,-0.006948512087283088,-0.01564424468851616,-0.020121084343426333,-0.004500253134247505,0.004502541648582418,-0.0005697874286633813,0.0005914328360121365
2024-05-24 00:00:00+00:00,0.011890267618674786,0.007270104445981557,0.0070300997517245755,0.006121187248339452,0.010478707848006873,0.0026820006494002605,0.0069689455698763204,0.0030356130035166934,0.008256437306268988,0.005745866043076903,0.014464771390365205,0.0017883934143884672,0.0043813188317479,-0.0009742153812846892,0.005941981746586793
2024-05-28 00:00:00+00:00,0.0001956298333127752,-0.006603853706934181,-0.007984718743163739,0.012199053729275763,-0.009683428066565889,-0.011603852603357015,-0.015037419410466046,-0.005738472340953048,-0.003716758314695964,-0.006514377275591836,-0.00023053962328508715,0.0005548080681137327,0.0010568822264003096,0.0017020608725990451,0.002307889020993094
2024-05-29 00:00:00+00:00,-0.003385810778896339,-0.008505704199730041,-0.01321474044095271,-0.02269714568315618,-0.012364077806668077,-0.012804181907057805,-0.014922188914792944,-0.013755266682540375,-0.01691256971155283,-0.008828374863391563,-0.014437442553274553,-0.004126259282613265,0.0016183878078140034,-0.0013287332203579649,0.0005950968232321273
2024-05-30 00:00:00+00:00,0.009035878782710085,0.015174616495101413,-0.005153289598930504,0.0038505389491904577,0.0067051739046388205,0.0014439998503672947,0.008625217084817107,-0.0110683277675332,0.006785564649037613,0.008690897095983925,0.01087753996185301,0.0013504396505291433,-0.004227586987947543,-0.001695241147878862,-0.0019732717450261002
2024-05-31 00:00:00+00:00,0.012653008695298529,0.015616282840407794,0.01681400865614148,0.017318438060654112,0.010750444857123847,0.009557806609067156,0.013142235053791348,0.010740049478220949,0.012597312197830446,0.014314194981316634,0.013771464797028513,-0.0010458026745156792,-0.005182452856330339,-0.000667692940196734,-0.004710654686845199
2024-06-03 00:00:00+00:00,0.0001531691265288925,0.001960306737180068,-0.0035818792091627835,-0.024475107014998193,-0.006046040730621228,0.002188126753615653,-0.012444486795554833,-0.0007448151691713952,-0.005173881032630802,-0.0017751634137264305,-0.011415142712479308,-0.0016050642486709569,-0.0023471691103039306,-0.0005780170775156496,0.0018558141348555
2024-06-04 00:00:00+00:00,0.00011467933078051479,0.0009125035089803636,-0.002364111199336896,-0.012072874394739565,-0.004568712396236871,-0.0014083241099881513,-0.004191626888444606,0.0009889916694596026,-0.01476671031626591,0.008630595578484942,0.0012414717914094526,-0.0028907730097670584,-0.0016167975026414832,0.0032579767413362533,-0.0014527389187576217
2024-06-05 00:00:00+00:00,0.0069948855497040325,0.004576659639103886,-0.0009124452228993357,0.00502960895325997,0.0037466408254636617,0.010912618214732502,0.010919969466183099,0.014719701359189832,0.005674193936944118,0.002728293895146425,-0.0019996741756493222,0.004384740083769259,0.00565569122300729,0.0012744337979017071,0.0016489131199500515
2024-06-06 00:00:00+00:00,-0.002869521244349304,-0.00031357565414405074,-0.0003244330118467771,0.002768999049139255,-0.0012257947685566674,0.0010067203130663608,-0.008200054600179005,-0.003172624855561473,0.0012582626784856078,0.00034775498324904645,-0.012202712999314295,-0.000928612310200282,-0.0028859231730006844,0.0012493690573735481,-0.0010206283522356972
2024-06-07 00:00:00+00:00,-0.010231883157208058,-0.0016793128962408362,-0.009362804673299951,-0.003020962738596073,-0.00042157824434092134,-0.0030090109655852783,-0.0011142261726486162,-0.0008524540925553378,-0.009305539667353948,-0.005833968441295233,-0.011143393231525146,-0.003095712302954795,0.000485126871705857,0.00038163110198921515,-0.000682918669069261
2024-06-10 00:00:00+00:00,-0.005178489517701507,0.0015735455705325472,-0.0004512367355491429,0.023499118512638983,-0.00032824688043998744,0.0010880021761272142,0.0038146554051720757,0.007802041404818613,-0.0011124274098266147,0.0078064979501162365,0.012509118745914503,0.0005317876089305243,0.0038451848071590442,-0.0007910593339206424,0.0032413971541823596
2024-06-11 00:00:00+00:00,-0.005827667519735644,-0.004366898823364184,-0.002451254465481882,0.0009774035069439859,-0.011600814482384536,-0.004362038366375115,-0.0056977527378623315,0.006087053282931505,-0.0033520252349633103,-0.0002843214110696233,-0.0018241122695134002,-0.003521367048887353,0.00035957295940891685,0.0005991883148438563,0.0013879214655275556
2024-06-12 00:00:00+00:00,-0.0025176268248699707,0.007525673450482916,0.0011801598589466396,-0.003964949333713935,0.007240512554891099,0.005396891418001154,0.012014772537819884,0.006007638020219052,0.0020429587788134995,0.0039552429783808836,-0.002604881327649569,0.00851526900883167,0.002594814043085791,-0.00028329612624575836,0.0002044820856810653
2024-06-13 00:00:00+00:00,-0.007670883326926187,-0.0013340840407934092,-0.003487172610481937,-0.010522678005485588,-0.0074962275079861395,-0.0019414380319145736,-0.004732249531111097,-0.00015487745207177974,-0.0037327143557763487,0.009522739034669003,-0.0005595020975872323,-0.0029403844023236235,0.0019659125981605994,0.0011504969675578147,0.0003122756954454422
2024-06-14 00:00:00+00:00,0.000606732555705462,-0.010883031803616189,-0.006646776716414393,-0.01534664704607096,-0.006610196946114973,-0.004472205034693267,-0.01057201401030637,-0.0010319704245296578,-0.009374065865401383,-0.0011822380781058932,-0.0043492474367214625,-0.0035507301416337154,-0.00047309310679700446,0.002550571856380685,-0.003178631399197429
2024-06-17 00:00:00+00:00,0.005050983070400981,0.01682163303838357,0.014061305599726136,0.007718581894021857,0.010729351256670128,-0.0022726266670395558,0.010599126299866396,0.014376700239939736,0.008153892826143785,-0.0017571276025793062,-0.01207383750930263,-0.0009124413365360737,0.001882485287999728,-7.697834681941532e-05,3.174832231410407e-05
2024-06-18 00:00:00+00:00,0.0025653513562936005,-0.0010360447144371018,0.00016069828217614305,0.004227779499676151,0.0025657671499527855,0.0020698574231546593,0.004575893676270565,0.006976181875940163,-0.0027385806813791146,0.006147019528752947,0.004620024836159281,0.0006266571099476752,0.004861835893704756,-0.0014750683979730295,-0.000448533558762685
2024-06-20 00:00:00+00:00,0.0018904055358687998,0.000391966438710635,-0.0072538851108110685,0.012996524411334967,0.006758958628548036,0.0016095588351898154,-0.0012631851052155355,-0.007282885636136929,-0.003536556556836818,-0.0010341736782868334,0.005032014257075535,-0.004015508767296124,-0.0049825932847093616,0.001271931370923934,-0.00013968569927871107
2024-06-21 00:00:00+00:00,0.010154816968164256,0.00747669869542147,0.0002958315788433223,-0.008184408793605335,-0.00038993335471147956,0.002538882905090603,-0.0010822236820275145,0.004263347520049267,-0.00028792218660435705,-1.0110252610695406e-05,-0.007731758835160112,0.00014064498566641317,-0.0033270900285618512,-0.0008411646413521972,-0.00045222453630058487
2024-06-24 00:00:00+00:00,0.0029743781957927164,0.0048548012284940385,0.00903775881793034,0.02290277039020027,0.007658793283911456,0.00034567507408060183,0.005373427382878321,-0.005975147308432001,0.007164795439847261,0.0025750347987269864,0.009943080865957039,-0.00022767333005230814,-0.00256965928914193,-0.0025927532426907396,-0.0019122100542012712
2024-06-25 00:00:00+00:00,0.004117932857670777,-0.00868358468593924,-0.006341515504591458,0.006391347623695142,-0.005455829980441526,-0.006942514979463142,-0.007975960681439609,-0.0013517635059855735,-0.012530858254564178,-0.005464541198026368,-0.005347795469071442,-0.001223278226943295,0.004306914178386814,0.0020081367293498225,0.005356521085967961
2024-06-26 00:00:00+00:00,-0.0012632423713954985,-0.0035922736147035177,-0.006802426615293638,-0.013335617149675245,-0.00828293868429706,-0.0038197397999808927,-0.006231148787476253,-0.006259033510220153,-0.0019916388815691155,-0.008032702778077104,-0.005093701770232681,0.001648183219619954,-0.0038501298169928344,0.0008477636222990436,-0.003248305980112029
2024-06-27 00:00:00+00:00,0.0043608488760841085,-0.0019377989345962096,0.0032354015187298284,0.004516460667306434,0.004271714030685223,0.00032252858922231074,0.0025450542732676587,0.008539591136844058,0.0009340166832945671,0.011081849387020866,0.007171752419975586,0.0013741785449763518,0.0016543064967543568,0.001333079771043428,0.0023334326493729494
2024-06-28 00:00:00+00:00,0.0032001424228932395,-0.0005218076987242286,-0.003848324088848795,0.006775346112402875,0.0044873147695136395,-0.003869402502859262,-0.0010423997585529293,0.0068206030788278745,-0.0021149441060103725,4.3342284901365445e-05,-0.010384973191276578,0.0029229437217487687,-0.0037955837684680053,-0.000998602964288344,-0.0034133581292947026
2024-07-01 00:00:00+00:00,-0.010087649804261304,-0.017054952791638718,-0.006167065921042636,-0.0010977249748182248,0.0012939428494393884,-0.012039973816957128,-0.012964368031811977,-0.00498944693527692,-0.011150329190940141,-0.004760446024796439,-0.0043699797407749374,-0.0034232605731746215,0.0013061241276978606,0.002786270683463094,0.003044138495043476
2024-07-02 00:00:00+00:00,0.00745870359705407,-0.00034074569197424927,0.005168088770242061,0.0012286704560789414,0.008131342421327865,-0.0018253190548096945,0.006087002319763992,0.00788275045425683,-0.0005478615502630071,0.004301170259698999,0.004547533755492371,0.0021204211683981808,-0.0011410864777299694,0.001812966925072337,-0.0006395756061708137
2024-07-03 00:00:00+00:00,0.0019549560730880064,-0.00252842448695543,0.0001320472574263356,0.006595127790168823,-0.0030790834359414334,-0.0010529770291203765,0.005622908058005316,-0.001054111283840217,0.006934751104850034,0.0010867604394502717,0.007077837157549823,0.0023974216713079166,0.003195112213841557,0.0010430471988380151,0.0019240639482956548
2024-07-05 00:00:00+00:00,0.002495741739014084,0.0009232724492445454,0.004446793489896923,-0.015275487474306047,-0.00552534704915612,0.003239524959736959,-0.004126243250866184,0.0014722648812536268,-0.002758861184726099,0.0019600669073138927,-6.248279264038013e-05,-0.0009898679909942805,-0.0009689505656624944,0.002209451156007105,-0.0009443389123451127
2024-07-08 00:00:00+00:00,-0.00561883758398145,0.0032203478899479193,0.0041296862692020205,-0.003437349970865239,0.0007591528514052634,0.0015478664854662368,0.002133592359582734,0.013316849866673459,0.003241594525808734,0.0008381238358374093,0.0018831145520126265,0.0020266481951345724,0.0019561892624713074,-0.0012568669848072233,0.00033632199679436395
2024-07-09 00:00:00+00:00,0.005333584117721297,-0.0027109289893816214,-0.0044690411558989005,-0.006303953277689706,0.004739586637848253,0.0013518191916573239,-0.005508762277493666,-0.00932320847334829,-0.010261633769359011,0.0008000381359869743,0.0029389875263880934,0.0005254608800584046,0.0016957556301556488,4.52862434447668e-05,-0.0001758510649657451
2024-07-10 00:00:00+00:00,0.0006951547472699845,0.005677348307560094,0.008818716390873081,0.005068789967208929,0.007553648413348898,0.009046909071070416,0.009732197673939572,0.011610485223518555,0.01350927453363924,0.0028012349687105585,0.008071233532456822,0.003605010843954387,-1.0199485428069067e-06,-0.0010809013334435796,-0.002001542202852987
2024-07-11 00:00:00+00:00,0.004521842757729493,0.014537371177893327,0.00858612118240034,0.013332634047897186,0.0071175823299410804,0.017197140218525635,0.014851099223387119,-0.0015281406922179482,0.014384729052945907,0.013777031796143101,0.016530397709574884,0.006129383583339203,-0.0063770749855175625,-0.0054063435357197005,-0.0015968745366066045
2024-07-12 00:00:00+00:00,0.006141228295405506,0.015768012017795312,0.006502743258497349,0.006001522290675565,0.004161072455784691,0.004685447636974611,0.006582953303276873,0.015283406746261854,0.00464264029644839,0.0041679238076522815,0.007604960966818388,0.002192501778402661,-0.00162924000553965,-0.0010381613955805589,0.00015104187507336813
2024-07-15 00:00:00+00:00,0.004376484320551741,-0.004639839006840229,-0.005020347794651661,0.017553784194589885,0.01714237555442644,-0.00740216740846236,0.00731407908923079,0.001642206721798156,0.0019305733539498721,0.005607992531229886,-0.020938662772292282,0.0008864575230070151,-0.0001434521969737861,0.0025731569257905667,-0.0005109865450231166
2024-07-16 00:00:00+00:00,0.0126857188438631,0.02401961575278114,0.011232801822065127,0.0016597854117483242,0.009895928932793827,0.022295373565521165,0.024882973593461897,0.014000784897266182,0.019402785340106293,0.0038263972740049446,0.007569314295517466,0.006196410442370636,-0.0033061463141276478,-0.004148309266492577,-0.002103166886140326
2024-07-17 00:00:00+00:00,-0.005085187916951587,-0.007413666322316768,-0.0008036457805391112,-0.002728174148939965,0.0036568202460355824,0.0007450486895345056,-0.01066053495174084,-0.01722050222735117,-0.0031054182222224145,0.003410609035062041,-0.0019792448940987198,-0.006254553607057246,-0.011084305471275245,-0.0011476911426792514,-0.005235334119487958
2024-07-18 00:00:00+00:00,-0.0031533329840966987,-0.012324545302260332,-0.005165013583780564,0.0008653647409712134,-0.010074050709150063,-0.015417197022978129,-0.007839861076564052,-0.009351741104224164,-0.012454575151980283,-0.00798119348219394,-0.0036988937067600914,-0.0004526872376226566,0.002175856653173393,-0.0017711472790101403,-0.00012651716736305184
2024-07-19 00:00:00+00:00,-0.004838320550630781,-0.00469803266824036,-0.0026998023550241913,-0.004236007209121975,-0.008940024289162712,-0.0010299140831066917,-0.005936063275866604,-0.019506458448573627,-0.007718514680203902,-0.0031014534402356853,0.0016022394743108394,0.0009680909991433414,0.0008724796867213256,0.0006691223755082394,0.0011689043617438889
2024-07-22 00:00:00+00:00,0.004085915536466926,0.00566502850539102,0.004291923257154085,-0.002086166314383366,0.010117370016751184,0.010812950795987732,0.010484482864572896,0.013935069547766434,0.006659040265473527,0.00961118045835703,0.01054463730826638,0.0031274873720599865,0.003769947845871916,-0.001253663427914573,0.00044636984988678016
2024-07-23 00:00:00+00:00,-0.0027734278047615644,-0.006661507873139124,-0.004645833264291107,-0.01399247673108924,-0.0002680076721126015,-0.0008146559472226369,-0.0029860320338869015,-0.00302477714324866,-0.002252089731674116,-0.0036691761996797555,-0.006294481188797382,0.0005641336762296817,0.003473945469211534,-0.0030875686783892378,-0.0007421828409960808
2024-07-24 00:00:00+00:00,-0.015279987066903743,-0.0173562101307559,-0.01194836235610632,-0.01345496303759019,-0.011361567198349992,0.0006792633289467164,-0.02045822474179299,-0.012360182886086962,-0.01587606480601084,-0.01888975328156102,-0.0004000645795577699,-0.006860115095474809,-0.00669631370253045,-0.0016974032865657643,-0.003187036477486945
2024-07-25 00:00:00+00:00,-0.0012281063387578099,-0.002266351566491933,0.000330420102698248,0.011304153923539197,0.005621351361143549,-0.010490374420149556,0.010436656999153813,-0.0030317172181413407,0.0031233526074878775,-0.011126551811229807,-0.00854549435798594,0.0007307977872110505,-0.00415307164035038,-0.0029014900801584906,-0.005096342204164287
2024-07-26 00:00:00+00:00,0.019209987107273695,0.010923271897661763,0.015009801087498147,0.007324498385490074,0.013799411992497951,0.012500271806077656,0.015222704031530655,0.014876996621140719,0.01766372349078809,0.017488887741847498,0.010021653605966721,0.0025416774478124503,-0.000601977876338239,-0.0021853603216959727,0.0011920393471403258
2024-07-29 00:00:00+00:00,0.007821670353113899,0.009956330876747427,-0.004430883768195009,-0.0072429974723471095,-0.003702778197751194,0.006140099418162519,-4.284941204584945e-05,0.00025124670106471485,-0.0015706291821811766,0.001980839193008079,0.0018589181210443581,-0.0010135086771211202,-0.0011430509011748002,-0.0010664223761840067,-0.0016059159884801175
2024-07-30 00:00:00+00:00,0.003622761094972884,0.004678979989525571,-0.0032157491091008156,0.013684567721743193,0.013495300612088802,0.005563942665126279,0.008465387279274006,-0.004573562814526196,0.005544163724006832,0.0038445030327892904,0.015160725329892145,-0.0008930939371540382,-0.0044765774332451635,-0.000591496212322495,0.0007074045617795838
2024-07-31 00:00:00+00:00,0.010707038582561917,0.0002968900209504126,0.008496191619822771,0.010753835267327858,-0.001966505305556857,0.0007790551670652711,0.004832934361224475,0.010861258105948823,0.007538697253133572,0.0017887463739925202,0.00595091601733286,0.005073907122223426,0.006917047295401299,0.004121998051335831,0.0033540367590272836
2024-08-01 00:00:00+00:00,-0.013617732914505286,-0.016971626540037955,-0.01394657866050283,-0.0341701698984079,-0.02041859642504897,-0.0028597074972154268,-0.018309293734994653,-0.02628162037322697,-0.009978726249733708,0.012567924926970066,0.004856300878176307,-0.014100455082038228,-0.0012884423750804787,-0.006126768788939328,-0.0019155260877934677
2024-08-02 00:00:00+00:00,-0.021432223988234668,-0.013342319824501812,-0.015692162145417653,-0.0460137246711883,-0.030319673923116335,-0.011997899139354494,-0.01790411619660357,-0.02153329733604176,-0.02264488512038776,-0.002936905198457434,-0.0160906574125429,-0.013564515403282266,-0.0035179949935232237,-0.0009475333622064337,-0.003269712752692962
2024-08-05 00:00:00+00:00,-0.02199743332858456,-0.01499004091972253,-0.012320959308759583,-0.01761375120687238,-0.023130286645871596,-0.02154504120356861,-0.01405245644458523,-0.018188545145849805,-0.01821251197396779,-0.019006318507406895,-0.02028705881303759,0.00016043667206114623,0.0028063238551899582,0.002616671392737963,0.001846652340467784
2024-08-06 00:00:00+00:00,0.009868146860033584,0.004512851562556336,0.0025104274537233145,0.00906148095558422,0.005826587820818073,-0.0003719293394543899,0.003137849758945775,-0.0005797085151650477,0.0009802579979612468,0.010896751211958695,-0.0021283130778347987,-0.0020977714150204893,0.002006803486178932,-0.00603059730129895,-0.0019377087268372304
2024-08-07 00:00:00+00:00,-0.0085559123847781,-0.008980434171598793,-0.013564897908330618,-0.0018161808047218318,-0.0007927347424267748,-0.018641397818585526,-0.005332389724360932,-0.004531612055734993,-0.012074324375226653,-0.006128849515994911,-0.001435636393824169,-0.007567075197015763,0.0006965553447995532,-0.002911317655432469,-0.00045328516983593253
2024-08-08 00:00:00+00:00,0.03589267521480605,0.022414321905064687,0.025361955263665484,0.033285718405195265,0.020228695299410744,0.028370917380651957,0.023184931643584372,0.032985929912256524,0.022970175203627412,0.01933248927877151,0.020154896070857492,0.00968137716578072,0.006412969471031123,0.0047530905316554815,0.0034129427515253554
2024-08-09 00:00:00+00:00,0.005357281094528836,0.0015397670878444262,-0.0008112610619284585,-0.0007508225094932451,0.003268478618346802,0.00011279805291516539,-0.00033105487577044884,0.0010004098462203,0.0001390105990347791,0.00289098952575801,0.0014573728695690769,-0.0012627190342909332,0.0034696638580518427,-0.0017249158962761284,-0.00033628271073079234
2024-08-12 00:00:00+00:00,-0.011167575656662663,-0.0052391067757961915,-0.0092451727396332,0.008869161250742887,-0.005494815757050948,-0.005359599858643086,-0.004914823653524759,0.0012523126105924518,-0.005620614017029681,-0.005136190574789786,0.0006340063945397107,-0.0033835386420411778,0.0033607723509442005,-0.0006018138145948938,0.0023925616748952873
2024-08-13 00:00:00+00:00,0.009987221008249959,0.01612583504333987,0.014253466239540305,-0.0077296489041576546,0.010558409671561244,0.014387633256793176,0.012410432288406284,0.017992413896646048,0.010850451593956081,0.011892596133005327,0.013401217222980533,0.006313883749309264,-0.0015638001959776856,0.003071887291533607,0.002084337698244361
2024-08-14 00:00:00+00:00,0.0019943372897748427,-0.0010323766604592994,0.0025405264389043907,0.004875307073433689,0.012662250890049445,-0.0016752137695273278,0.0031475913143674756,0.006340095968511447,-0.002011010807737758,0.0026972268751678597,-0.0018824486276409695,-0.0035822174569312575,0.002401188901223127,-0.0010775106488422116,0.0013300338798030165
2024-08-15 00:00:00+00:00,0.004410915701269661,0.01862932746070708,0.018317836427831496,0.015409566689587316,0.011510260083966488,0.014871387625790072,0.013556416572365578,0.0183585958105776,0.018041051111797875,0.00307267218486886,0.012309316397343594,0.010191450829818099,-0.0022284877525172607,0.0034499851502422674,0.0014833954967793965
2024-08-16 00:00:00+00:00,0.0075847917459669146,0.0016560717374431858,0.0012969946299339922,-0.0021166654521480987,0.006589749181902734,0.0023037618985835605,-0.0030066578305838606,0.002505647369935127,-0.0013675556009835892,-0.0006978405752061329,0.00029297169128001733,-0.0017983502862486287,-0.0009713865972447433,-0.0010623993161659722,0.0009168829885979204
2024-08-19 00:00:00+00:00,0.010691455140345483,0.008671470832618162,0.006762368426533249,0.009558527899994238,0.006722567135031255,0.008597346601126828,0.005726500174919419,0.008667021353321494,0.0060508240213285915,0.0070033690819738485,0.007818148911298912,0.0020693791853108536,-2.3691670791827196e-05,0.0006729954265112265,9.9280725978485e-06
2024-08-20 00:00:00+00:00,0.0018647718104992778,-0.002082103688853388,-0.00447044886951015,-0.02851181739124055,-0.006250689004092536,-0.006024704978761035,-0.0027783553499714964,0.0018882384519598035,-0.004187709517456553,-0.002355763691923277,-0.0070010317381145595,-0.0027813052821086467,-0.0007719706982110578,-0.0007147398583399892,-0.0025365396822107375
2024-08-21 00:00:00+00:00,0.007330344319769524,0.01614859713508067,0.012441011664235044,0.0042833143821002645,0.00048638550087713793,0.0060682240075845,0.008927777092149015,0.009115116920490607,0.016834492090179037,0.00746209966450677,0.011369474206605584,0.0021373631219101137,0.0027802383521120227,-0.000769637687742809,0.002223079090314388
2024-08-22 00:00:00+00:00,-0.004294943180627157,-0.004032399946418665,-0.007857229172580688,-0.0016559866794461577,0.004332564218520444,-0.002927610326643128,-0.0012782548622313704,-0.009214353622629397,-0.004086788302311503,0.0026903371303334585,-0.005043234869285598,-0.004076346957206857,0.00010744253652543591,-0.0020357360661048427,-0.0016958490733628658
2024-08-23 00:00:00+00:00,0.012207456426070835,0.013885188230945426,0.014036754394343548,0.020515113027282265,0.013495245605015988,0.009374269671320885,0.011182663822627566,0.005760553329385382,0.014715314564545393,0.018264575154320613,0.01006394806062276,0.008741573344267136,-3.834246089638553e-06,-0.0021540036313797764,0.0017827306085474014
2024-08-26 00:00:00+00:00,0.002739876333407905,-0.0015775252945396897,-0.0006241816291328046,0.0032094900790530668,0.0015970511078129972,-0.004260206671954162,-0.001732839134256529,-0.004039930339598709,0.0002114683385426127,-0.0012612553458872726,-0.0008355672876106931,-0.004024652095979367,-0.0015134049131291937,-0.0014571531370703129,-0.0017745217502245188
2024-08-27 00:00:00+00:00,-0.0006652950974650264,0.002556232486445711,-0.0034543374885926625,-0.007168100569554907,0.0012523615276144502,0.0018979586085964303,-0.0008262566925195847,0.003557671647540033,-0.0025506650253751353,0.0023189140410070975,-0.00817534258639431,-0.002861434168525678,0.0010466984185420103,6.335013056428052e-05,0.0011279076316468338
2024-08-28 00:00:00+00:00,-0.0022294667125335637,-0.00374478272283242,-0.010747158853004125,-0.011519546549647737,-0.0006659562792285117,0.0020280535955696627,-0.00013624936830389892,-0.012282646599160103,-0.005674079146458241,-0.008393552942501131,-0.010076065663504136,-0.0055292340155529696,-0.0009203151486200736,-0.004487961280909222,-0.004476694931325306
2024-08-29 00:00:00+00:00,-0.0011552103164775302,0.0019810584610754395,-0.009999154225258412,0.01505923920549483,0.0071362917002254075,0.008748415785401736,0.005569086052382734,0.014364266159017154,0.00712479810671318,-0.0007691914176522023,0.010552415848346949,0.004580423813037001,0.0011171437066249598,0.002132661387158919,0.0004738788764930692
2024-08-30 00:00:00+00:00,0.006648759242519821,0.004660136483149051,0.0075880715995278025,0.00021668180456883442,0.006361144636943392,0.004772383947043194,0.009996708811881116,0.01109423065710552,0.008096923146037917,0.00882606547586394,0.005590845641242831,0.001736815846021671,0.0012613347592029024,5.733205640322519e-05,-0.0015109151655173256
2024-09-03 00:00:00+00:00,-0.01649458431243949,-0.006648419652799346,-0.008025199083633671,-0.030945496086087685,-0.01048746975631223,-0.010736832615277357,-0.020215283432731566,-0.024731142122788968,-0.025749705282658616,-0.004842162460027127,-0.01588361585594759,-0.014789078325670344,-0.0040104864053874915,-0.0022080313552996196,-0.0026340614532294193
2024-09-04 00:00:00+00:00,-0.0025239664936156114,0.0013914600809325987,-0.0048149943687304545,-0.014533614805662747,-0.0019376349368249726,-0.003565507896001643,-0.0026553403901524264,0.003023327315614627,-0.005374236886147976,-0.0013814490356349625,0.005293366595822833,-0.0008163182887203931,0.002112192289763698,-0.00028698687047222667,-0.0006837277265436207
2024-09-05 00:00:00+00:00,-0.001570250523278865,-0.0018969893034343412,0.0030662151123695153,-0.005368414626994882,-0.006873365735439233,-0.010145251098706535,-0.009817318197105598,-0.010856721507650966,-0.007535135969214073,-0.0023725917180594572,-0.0007340877467442719,0.0002246458092231237,-0.001026667485715044,0.0013349745944147822,0.0004200571006022925
2024-09-06 00:00:00+00:00,-0.017081756669462326,-0.008555559747665841,-0.010715187790717548,-0.01680281183277557,-0.018999219629897868,-0.009947247096919722,-0.011477573303824075,-0.015485374593418848,-0.014720490306323976,-0.006806825983133699,-0.018610692680976905,-0.006331442793573478,0.000478993216666257,-0.0028311707297065834,-0.0004668740211561488
2024-09-09 00:00:00+00:00,0.00474905590879808,0.010345782176331631,0.010702645705992329,0.0008629706937313314,0.01729997694220938,0.010371089794182494,0.016396753337133894,0.012303688185470535,0.0118882880615875,0.01454078529149199,0.015360340909750617,0.003066321488855492,0.0017156502502774988,0.003481310513969311,0.00027874938597467844
2024-09-10 00:00:00+00:00,-0.0037946754072067466,-0.005909010046392361,-0.006188208037491952,-0.011534424506677833,-0.008721938644538735,0.004689403630111768,0.0027807526847436867,0.0013584310899436805,-0.0008850109628015465,0.015564481684618998,0.004477722690588959,-0.0014249823517126817,0.001916215087378484,0.0008584360840149787,0.0016490814017109123
2024-09-11 00:00:00+00:00,0.003138525883023808,0.002407193400477086,0.002877083755067002,-0.002485350124818324,-0.002244794422301434,0.0020703141881516156,0.0017775081185266192,0.008768129928115464,0.008270073918575203,0.007463734539731469,0.014685255821876768,0.00837242282101513,0.0029726403982148443,0.0023465799662411935,0.005651213572020742
2024-09-12 00:00:00+00:00,0.017315959382173972,0.013680833901073355,0.01011343487156345,0.008688607809252723,0.006491666166141276,0.002595946977095487,0.008586000306609417,-0.00043753490677415907,0.009866016670733682,0.006646863612759433,0.003951730016482552,0.000546162158148912,0.0034555846444178015,-0.000862238551239982,0.0031287635565908287
2024-09-13 00:00:00+00:00,0.016224959979753248,0.008719141229675974,0.014098758595216438,0.008329099656236953,0.00868707356015698,0.008229036464877269,0.007075066904343399,0.006561703296889643,0.007201612445072361,0.008943879151177371,0.01730309529966903,0.005247453798861031,-0.00025195738209653337,-0.00202882435971984,0.0006266548405372296
2024-09-16 00:00:00+00:00,0.010716159381577002,0.005883393217915846,0.004070431572255947,0.013353242592461245,0.0125534780248375,0.007392047274256983,0.005810875883439218,0.0027478359955353335,0.006371463873737212,0.002762897238638257,0.009698861866710571,-0.0004957330695303271,-0.0006878299844724869,-0.001766741414820393,0.0022982447563587964
2024-09-17 00:00:00+00:00,0.009015146027606988,0.005333763957359064,0.001686825395742535,0.01854102700234368,0.004865586795245424,-0.003968751255961804,0.0051011268269053126,-7.308387958312405e-05,0.0031854421183942472,-0.008564009052608498,0.0017704133626039744,0.006277679549607795,-0.001332346554221152,-0.001427843034821896,-0.00024631039638267757
2024-09-18 00:00:00+00:00,0.002708994417484616,0.0004242719115250984,0.0032257612412571056,0.0030700384758083218,0.0010869705642393283,0.0019407610299167698,-0.00020113919639133714,-0.004522368524011427,-0.0023186696177839206,0.0020900966112347456,-0.00025837461874335475,0.0024267762916227414,0.0004870325815901827,0.0003025999243212987,0.0015050636675715005
2024-09-19 00:00:00+00:00,0.005050094601349106,0.01087316880962802,0.0030322009775983587,0.01097340487925215,0.012257403598011002,0.00926528729808683,0.012767394567387479,0.01580534326555165,0.014135460946821648,-0.002420302001778951,-0.0035969895942914486,0.009986119953781887,-0.0003159341973637958,-0.0006133497131197447,-0.0032099713681262025
2024-09-20 00:00:00+00:00,-0.007939129256485314,-0.004513036065635439,-0.00019494173009705976,0.004497652792025516,-0.002004748443021261,-0.007265618352690277,-0.00474064576174996,-0.00667095790733019,-0.006597156484818311,0.001670947768736226,0.027557493385068802,-0.00305663110096417,0.0060111327198584495,0.0016040260619873976,0.006148161094210929
2024-09-23 00:00:00+00:00,0.001437428097948177,0.006289366435979012,0.004936806259719121,0.014729123145902955,0.0012783086834438628,-0.0021878933099631036,0.0068734032267325496,0.0038966096376286076,0.008070838039724186,0.011095379800025191,0.006156776276905048,-0.0017706732037867383,0.0016241012004181254,-0.0018944877923724318,0.002428740624384302
2024-09-24 00:00:00+00:00,0.010214169281298013,0.0093715191487579,0.00023562718350742017,-0.0020090892008611818,-0.004540686832624665,-0.0018642847468596014,0.006081837157215709,0.002130726514595475,0.010938323474585235,0.0007441217964727582,-0.004407653252190285,0.0028895183833106655,-0.0015893696342682282,0.000849105399868523,-0.001162949952658547
2024-09-25 00:00:00+00:00,-0.008045334563381515,-0.009092463006656332,-0.0023370960052056895,-0.01486678056151063,-0.007617842814738565,-0.01125115603031382,-0.004049540390036928,0.0012646240455473185,-0.004709125894506009,-0.0035521684637003295,0.01108686118070806,-0.00045893894493361404,0.0037510454339042113,0.002513230993758086,0.0023231109116933313
2024-09-26 00:00:00+00:00,0.010205638529409667,0.017166808188422464,0.009276259752455584,-0.030260889299733452,0.006826710084146735,0.011362941710381505,0.007732943644131803,0.015889303218272772,0.015793970031044664,-0.013238608098138453,-0.006436292747568134,0.0063314047742442136,-0.008005643063985397,-0.0036465841179693613,-0.0033866568171877203
2024-09-27 00:00:00+00:00,0.006648315450875178,0.005802524281389186,0.005245861855519349,0.017581501630681368,0.004949177975411075,0.0025986047174519035,0.0011490034956907662,-0.006727056143686978,-0.0013126762248723827,0.0027996115396314264,0.010533306084410003,0.0013434302637924651,-0.0031608161504869895,-0.000580656321824395,-6.175601150430841e-05
2024-09-30 00:00:00+00:00,0.002161936380884945,-0.0040666188224211825,-0.003596611395608339,0.004078550955110202,-0.0006532711541653426,0.004649598109331469,0.0019570929957072707,0.0006332514113631924,-0.0031973648010716004,0.0024241606656542,0.001936937085841071,-0.0028910244710453675,0.003425822707433044,2.1246335074939088e-05,-0.000768793512563771
2024-10-01 00:00:00+00:00,-0.0007822369099501341,-0.003408971416726042,-0.008021411911005034,0.02571358347398464,-0.006437207483998736,-0.013873625225600235,-0.00089321722544998,-0.01700694720718728,-0.0003351129185832885,-0.008862361249188282,0.0020358187283227064,-0.005773207844301053,0.0015589373450510986,-0.0009876228224904348,0.00033226783320923145
2024-10-02 00:00:00+00:00,-0.0008771075589370319,-0.002342996362000546,-0.003472570643345399,0.01022567195663027,0.0020902776995941497,-0.003274236805175304,-0.0008677412074033998,0.011910598141196988,-0.004435556264503557,-0.0019057965279002196,0.001366815738847265,0.003518961858168992,0.0029467250978634546,0.00018384015173285567,0.00028168145585773187
2024-10-03 00:00:00+00:00,-0.006269238731689493,-0.007740266891514918,-0.009717505116531973,0.0292246602001312,-0.004019341370126051,-0.01300887968783014,-0.005523916591510933,-0.0049591370053749355,-0.004974663440412661,-0.007220297921459608,0.0007783098571864126,-0.0007648445327384011,0.0022735395729017766,0.00014765803781810818,0.003522041772785081
2024-10-04 00:00:00+00:00,0.008261463646802782,0.00865589211041395,0.00799346433210704,0.011264727458564314,0.01816724874438969,0.0031446137889467964,0.00501864118928415,0.005563008124509961,0.007600515518310206,-7.576778861055188e-05,0.0034728922131250944,0.002974934231399334,-0.0007569220729085775,0.0009900297726998485,0.0024160702981850567
2024-10-07 00:00:00+00:00,-0.010803418685479694,-0.011374397233831123,-0.005026963483359835,0.004916983237777574,-0.01644115688626806,-0.009979931020369395,-0.003773857579911599,-0.01002506218048187,-0.005430820538660141,-0.006765677954863443,-0.01707864852098449,0.0041643940803167264,-9.101917815708621e-05,0.0005039657706338695,-0.00020103865732336431
2024-10-08 00:00:00+00:00,0.006022346319543658,0.007147815570812281,0.000952942013895111,-0.023617720240730687,0.008770159690135521,0.00769650916046281,0.0046906962001789345,0.012189980042194534,-0.002312047018627712,0.004042873467228685,-7.909605926253068e-05,-0.002932895334271754,0.00416862109651287,0.0019485066041667856,0.00257298429259048
2024-10-09 00:00:00+00:00,0.005879651991189119,0.00917579318970916,0.0028545370996195174,0.006980797561254899,0.009573226193540563,0.00833672735502547,0.007724899954500447,0.013666537248839544,0.004857859570428025,0.0014812782000996636,-0.009449835625971603,0.0013904719546471126,-1.8917900079508995e-05,-0.0004141752906890641,-0.002638774929297855
2024-10-10 00:00:00+00:00,-0.008312314407543629,-0.004266443570141285,-0.003298096770415682,0.008140809038697927,-0.0028954234878957722,-0.0034983757609400564,-0.00627596478977464,-0.0019930694428104273,0.0035221805898306125,-0.008690064450846375,-0.008727303349454716,-3.116016241920578e-05,-0.0010323359532978715,0.0003932694786634894,-0.0004139813572088184
2024-10-11 00:00:00+00:00,0.00583843876378845,0.0055844618668085145,0.009251806786281878,0.011734045139546439,0.01669826242332837,0.007672384810740897,0.015363103110642639,0.004856847988663196,0.006200987637056669,0.01193729746643926,0.0140381664234156,0.002737548717484734,0.0014762914818438567,-0.0005121441017693247,0.0008681933731690976
2024-10-14 00:00:00+00:00,0.004614389910140652,0.005732977082202402,0.007322235688934321,-0.014171900646146813,0.009954537492830247,0.008180021903745177,0.008254844818315978,0.009030991381376988,0.006545478630373909,0.008243108791135956,0.015543699414116745,0.0023696112086018565,0.0014857423586040928,0.000872260182054576,-0.0012381657275081911
2024-10-15 00:00:00+00:00,0.0013130225873820454,0.00376056880604135,-0.0020973058428053236,-0.021538390761961363,0.0005266982978754102,-0.00623303105684123,-0.007812871570589214,-0.014539689986161012,-0.0030122513633522407,0.007263274204889548,-0.001380821562654808,-0.004455682520635312,0.0004826938157991001,-0.0015671445108127922,-0.000759477711579462
2024-10-16 00:00:00+00:00,0.005254709211647777,0.007308325556202284,0.005779908385571133,0.005585055917391742,0.010491180516688202,0.0011362445102367897,0.006552365823691565,-0.003754909986366421,0.007583671204815295,0.011287449037162726,0.021012130874059173,0.0012992234932112216,0.00040923489596721065,-0.000694874151057321,0.0035687518607461074
2024-10-17 00:00:00+00:00,0.00207853669787769,-0.0029241186794568357,-0.0052609871049783645,0.0038919110524509555,0.004384919565587034,-0.006402690631167922,0.0009940305840273544,0.005499622803651534,0.0004416975860893508,-0.007009551619066317,-0.012470809062480935,-6.708988690943963e-05,0.00024975792112403336,0.00041671595070381104,-0.0030380070000847904
2024-10-18 00:00:00+00:00,0.003345149048330632,0.00452142362207598,-0.0017208448834348839,-0.004662796059235945,0.0019909015845821472,0.004894353055265216,0.00252298029317839,-0.002727460702796789,0.004513004366732297,0.008278010594726293,0.005675059262577862,-0.0009177523290501322,-0.000465505760931449,0.0008414638966015523,0.0006564302935599135
2024-10-21 00:00:00+00:00,-0.003929005777034176,-0.007801958090494869,-0.007013737122293158,-0.0007364558881866915,-0.009517698820862555,-0.013141362032760201,-0.004353173855679724,-0.004571218166260319,-0.00764783330343223,-0.016930875830726798,-0.003865418080584032,-0.0024638776695009943,0.0028821648234995025,0.001105475890778234,0.0025924714255728654
2024-10-22 00:00:00+00:00,-0.0012277544391883584,-0.01298264760993953,0.0012084480866814155,0.000754687748606076,-0.002764892248054894,-0.0022167170880940715,-0.009752944596657214,-0.006925149691095646,-0.006087767601843314,0.0005694327592363883,-0.0018637459872445851,0.0013108134757497964,-0.0006464600915477379,0.0019781997647401964,-0.0015993400482260285
2024-10-23 00:00:00+00:00,-0.0013541952113147614,-0.003287979169474122,-0.002564343919654093,-0.005405389754598761,-0.0003443831848641525,-0.006482536556170072,-0.004986246806425731,-0.0060242206048237565,-0.005862505436983921,0.009240810706165233,0.008684456686346246,-0.0010510047066164658,0.000289044018528864,-0.0015440232535152217,0.0005735429439865895
2024-10-24 00:00:00+00:00,-0.0020511759707683413,0.007289236150174074,0.00172301178400717,0.0011022214701258985,0.0024891916703723774,-0.0014252143339208974,-0.005454707345153644,0.0007637553483258059,-0.007145568423164553,0.009899762743088446,-0.00038219678096265523,0.0013730168229172343,-0.0008386284522786055,0.0008578861716629508,0.0017518266353967753
2024-10-25 00:00:00+00:00,-0.00038196351580930946,-0.004730463293689199,-0.007009288927725274,0.0062555402664256346,-0.011168616942296107,-0.006882847220870219,-0.002738616612589787,-0.0018766887780292014,-0.004003726332690293,-0.012259216504554232,-0.009674982188320337,0.0013267902459261115,-0.00221162299733807,0.0028253584203393584,0.0006461692845606674
2024-10-28 00:00:00+00:00,0.00972999270059583,0.004790080593971046,0.00581013339098658,-0.012141317570379107,0.01372595139582024,0.004057886596829063,0.005931087931488974,0.002668434547095808,0.011191500723003301,0.0056262638085838755,0.006597968476286302,0.004415186846590738,2.6557978143665426e-05,-0.0015580763149850053,0.0002583796612307505
2024-10-29 00:00:00+00:00,0.013611380797321507,-0.006910964481083698,-0.006919363112748495,-0.011776414427615465,-0.0036239358975154214,-0.00020375123494581363,-0.0028421583982453005,0.006793952493086068,-0.006710279548245088,-0.0072638715649613085,-0.014946279417227502,0.0017046087946690344,0.0017477234657323512,0.00256886201082223,-0.0014168532067517657
2024-10-30 00:00:00+00:00,-0.0018018386969773732,0.007777230387844738,-0.004908497149362942,0.007724146319217518,-0.002394044651687473,0.0036146984553603796,0.00028230096838821286,-0.011799013645387234,0.00366316767539822,-0.0022475718649850223,-0.006387593016880956,-0.002409484396246514,0.0007396533610320218,-0.004914096371912097,-0.0019378095039886659
2024-10-31 00:00:00+00:00,0.00033734560339281706,-0.010334993810213638,-0.013181885780361873,-0.0011259374259915504,-0.01594254570707093,-0.012915919370300271,-0.01340683190182109,-0.015250007325221769,-0.011386968980858588,-0.02294176119157459,0.003937387104962629,-0.004258679123610967,0.003073196489929777,-0.0008436736306993084,-0.00034586772766609765
2024-11-01 00:00:00+00:00,0.004168480353464413,0.0030305430055532585,0.0005549492780246978,-0.013516667196294524,-0.003708705574298326,0.01348873130326245,0.002085958578715134,0.009672820269452848,0.0018669032850017167,-0.012964565395640417,-0.027080520091678866,0.0008911038677163611,-0.003467057412059484,0.0002524556567575602,-0.0036407960457482667
2024-11-04 00:00:00+00:00,0.00051564118482193,0.004301959218688631,0.0025165196022653488,0.01801541058932197,-0.004346314919257123,-0.001655850876550412,0.00025261429161488054,0.0010067646669633542,0.002253676916112707,0.01152414105120145,-0.004255466149636346,-0.0010474023111104475,0.0001138129250739567,-0.002030658949116737,0.001357633664310963
2024-11-05 00:00:00+00:00,0.01336974949757227,0.009564406829736421,0.01163931087093841,0.01691561656826449,0.013146919740402902,0.012472366558505928,0.01864027290486301,0.008803394503482519,0.007826385441430108,0.018546522419411068,0.01622715632958491,0.002667005521250509,0.006352777024034874,-0.0017345019901267257,0.0018864177427581007
2024-11-06 00:00:00+00:00,0.04370866287194206,0.010948606935072672,0.0009919045852422176,0.05113918481653715,0.06003267756933151,0.012859617282740031,0.0321136558831818,0.023899212480883655,0.008185055380704975,-0.014581044019003508,0.004531848647170693,0.012134981521360829,0.001238444309997038,0.0032452220745597254,-0.0009107140014288225
2024-11-07 00:00:00+00:00,0.010760809202114436,0.00635190522337555,0.005231532790226848,-0.0005443278247384857,-0.010773592875879492,0.00924839860170462,-0.0025516319951826303,0.013210150203273036,0.01079507303614161,0.01585613684998249,0.002333430322477099,-0.0018907157902134132,0.005226511072443223,-0.00011265393034477897,0.0068032782140843755
2024-11-08 00:00:00+00:00,0.006164192212564384,9.764458659586653e-06,0.010186279381274987,0.01091676801466113,0.007540506150426588,0.0005392680418651015,0.009566584467293,-0.0030091346523118206,-0.0030241992732836648,0.017980037018571638,0.014818607370554036,-0.004125790279119973,0.008442211591881838,0.0002684092945098586,0.003443492574907971
2024-11-11 00:00:00+00:00,0.008072228865778294,0.006707435683031779,0.0033747238991879867,0.013922698352611207,0.017258608601144393,-0.0007990803783715505,0.007440891983862058,-0.007969383692462726,0.0014174504180035944,-0.0034780815573678017,0.011159491653250968,0.0029184307854415816,-0.000332337465537929,1.4690093744776193e-05,0.0020265686635347556
2024-11-12 00:00:00+00:00,0.005261233174322645,-0.006234165222891885,-0.004229717610392459,-0.006149500141465305,-0.0030765075578509057,-0.009224157300964474,-0.00929818991147589,-0.00293472282225723,-0.021723995331742397,-0.01745585393645031,-0.014094836838648452,-0.004169526039371711,0.0007396812530828435,-0.0011840988363312818,-0.0017422461617119392
2024-11-13 00:00:00+00:00,0.0007366761637320083,0.003705463103142208,-0.001495015378129135,0.00023536048765668995,0.0001968853656397393,-0.004654826544782827,0.0051163995792583945,-0.001699134294090703,0.0024028612828695503,0.005478797509999563,-0.004059645889060906,-0.002078099062538859,-0.003087441358340037,-0.0003719662684791448,-0.0010575762341451125
2024-11-14 00:00:00+00:00,0.002507855167657806,0.0021025960208880916,-0.0037947443633746534,-0.0009145085960000279,-0.004314837194562058,-0.019088474058916876,-0.015637970560951314,-0.00978077144221707,-0.010551315390248549,-0.012985201657729371,-0.007691009168462943,-0.0009623378510075436,-0.001261081238212572,-0.0015226963093881692,-0.0005476092526599599
2024-11-15 00:00:00+00:00,-0.01416063624212412,-0.01204932809653006,-0.0048753068934337,0.0023069162161059864,0.004902304301041187,-0.01531727066027711,-0.008315688135116302,-0.019723099292077516,-0.004713336153168293,0.0029335838140329656,0.016710740499503697,5.282914465675674e-05,0.002864114956224658,0.0004728893805512526,0.0032012596407426782
2024-11-18 00:00:00+00:00,0.005252011574055122,-0.0018371818535191649,0.006420904491599706,0.01838204002199368,0.0058693057649369905,0.0019149102882757725,2.1579775402097705e-05,0.004865539412141337,0.007553283789169893,0.011254202828090065,0.011899043231923522,-0.00013824227134681124,-0.0002756041054854637,0.0021150065695500673,0.005420293795172145
2024-11-19 00:00:00+00:00,0.013590501940456015,-0.008045112461688812,0.009082607462913055,0.001700287663329977,-0.008362183233804313,-0.0008594949109378066,-0.001472262741318605,4.935237897945102e-05,0.0023501426819596324,0.00643038030680612,0.00740519137135462,0.0022031371257107083,0.008419683617299932,-0.0004532965362794381,0.0026243723224511992
2024-11-20 00:00:00+00:00,0.010546756107686395,0.004443332741632526,-0.005382410926634977,0.010235886764741934,-0.0010726178168783645,0.008174389306344823,0.0002268753164754426,0.002720654244993842,0.007400424903798454,-0.002687902056244925,-0.000804511880304422,-0.0006189222919123353,-4.521182956988574e-05,-0.0021782333885379535,-0.00025690811335847704
2024-11-21 00:00:00+00:00,0.004172141461482197,0.011480806749854057,0.011157546535255046,0.015522011906049361,0.011919120430404002,0.01117829421959857,0.011507761996866095,0.021767311049451316,0.007388284528075328,0.007190021891337588,0.015047692633110251,0.001094153208623137,0.0008412677846911165,-0.003142433864066471,0.0005374151886377598
2024-11-22 00:00:00+00:00,0.005750847850866,0.013274925718044358,0.010953614132125759,0.009079847282240424,0.011650562790091917,0.0033306733805371926,0.011653693534206255,0.0073761922795276096,0.005334235314716122,0.011101648646272815,0.0006910744409942309,0.002303908478126507,-0.0014091275363199833,-9.20850566875353e-07,0.0030897593111860453
2024-11-25 00:00:00+00:00,0.0038069007718948902,0.022269621257491722,0.0056722813704331645,-0.02496170513401531,0.00890145155751349,0.009608288989305405,0.009914728262796896,0.007193261225054343,0.0050161003757687415,0.013750384299947134,0.007070774398604928,0.002870709650074672,-0.008380428268449746,-0.0008104032755361541,0.0002843589093244319
2024-11-26 00:00:00+00:00,-0.0004894836980167836,-0.005670897476192101,0.0004095217727340533,-0.0021702738932184817,0.0032161539568998612,-0.0002084477459382002,0.00030474660594878854,-0.004911742317179496,-0.003908379065015904,0.003988096901470506,0.004774136340211075,-0.006473048061109131,0.0073988035726209565,0.0008294644708879226,0.0008226612118174331
2024-11-27 00:00:00+00:00,0.002677909527440111,-0.0008171398354162886,-0.0017831835043542166,-0.001110411699692585,0.005078067244939079,0.0019010862093433313,-0.0020063259250903934,-0.007601738632530167,-0.0021390354341083878,0.006451030593744668,0.0020828910249326613,-0.002041119812331762,-0.004394003633620144,-0.00020231956302860162,0.0010880905437631915
2024-11-29 00:00:00+00:00,0.009518754273462906,0.006818876292640028,0.004955234041667511,0.005110623110568448,-0.0008165686390942932,0.003570719625213367,0.002211216029802907,0.006221098297102593,0.005965363094697963,-0.005317857325129058,0.0005312783257872037,0.0008528286242541644,0.0015067220411505572,-0.0006279365475127686,0.0006667036288239277
2024-12-02 00:00:00+00:00,-0.0001089534458403934,0.00296336335095908,0.0036923366650766396,-0.01216940722923202,-0.006726357784106479,-0.0028469718692633963,-0.004548727647924149,0.008157356949876644,0.0010643780882157031,-0.007089447816238335,-0.012130733704247842,0.0053158952200126584,-0.006036457170376037,0.0034383789419967672,0.0024200674638904054
2024-12-03 00:00:00+00:00,0.006483797190239987,-0.006828645617169511,-0.0030470358405197337,0.0025050792245667466,-0.005398755278726065,-0.004833335573553215,-0.004629142074930454,0.0006748705767702107,-0.0016577334385527768,-0.0045768838510738645,-0.008595713089405913,-0.0014700241100478464,0.00467922147244292,0.0007221925353419704,0.0029302104551320774
2024-12-04 00:00:00+00:00,-0.0033685241860865692,0.002129277287093009,-0.00017787973943912466,-0.023013294328200425,-0.0003999961727654758,0.0014649590530577663,0.002722301187844939,0.007770502920281014,-0.013055785980883963,-0.00034364999081223127,0.0018572448421723417,-0.0012273170966896247,0.003187204387980825,0.001356097154857462,0.00358142108404733
2024-12-05 00:00:00+00:00,0.000715454222169468,0.0034269067440870567,0.004742968766184673,-0.0006845358317251097,-1.3030241726104169e-05,-0.011169909364979639,-0.0078857260875259,-0.009087443707103297,-0.01291319945175588,-0.004515362239092106,-0.0011102937152839723,-0.0025332190523276983,0.002773453489368455,-0.00011669466815962992,-0.0008335362077917269
2024-12-06 00:00:00+00:00,0.0024299521559709926,0.0007916437596867177,-0.002644739200528729,-0.016340944816406622,-0.00010684733914628454,-0.0011517598915334222,-0.0023304847928439275,0.005161194956410578,-0.0029551510335081963,0.005836031881297888,-0.005531460306755881,0.0034671528044723904,-0.0009937668459647857,0.0023195807323583405,0.0023684580264587436
2024-12-09 00:00:00+00:00,-0.021225089049757735,-0.00027718547408021703,-0.00293396209577685,-0.0009095144464404969,-0.012276222139066248,0.0021828300589305004,-0.007161913272638575,-0.006450596856809966,-0.0013940922861762441,-0.0035233240998789996,-0.011008156428827843,0.0035017760291297458,-0.012579045471917337,-0.0006792557376676641,-0.0044677985141746345
2024-12-10 00:00:00+00:00,0.005912217246434677,-0.0007096669642133659,-0.002018489213612604,-0.01474892261676242,-0.0034724391777099938,-0.007414918246967905,-0.0031091901482103905,-0.010026873017834073,-0.01003495422338357,-0.01760245339560228,-0.011578682021440943,-0.004426995168463661,-9.922557604463722e-05,0.001085587583419089,-0.0029679129188504745
2024-12-11 00:00:00+00:00,0.007187596868175294,0.001085585929820788,0.000720404732240592,0.006463307544326248,0.0016764081805635852,-0.005168481839542744,-0.0028045026599270756,0.0019930815374882703,-0.0011860977136077975,0.0022906947572430567,1.3556603714363403e-05,0.0032100734294331617,0.004329875779893246,0.0024499326353870114,0.0024428477667531147
2024-12-12 00:00:00+00:00,0.00346822104202732,-0.006103770389802084,-0.0003362752251473884,-0.0055801811733217355,-0.003791114151910324,-0.0048823354959356725,-0.0058763827150366795,0.004633292965062014,-0.006770015825265115,-0.0015074572718521396,-0.003069977768008284,-0.00010640899722640963,0.0007993973494911048,-0.002925153077309418,3.704434462269515e-05
2024-12-13 00:00:00+00:00,-0.007327054900252752,-0.003569188520165541,-0.0011849758220693922,-0.006959727713476118,-0.0029663211389874358,-0.003810508516160274,-0.005283585553328557,-0.0016555215203903366,-0.008993024773921617,-0.006737023926144378,-0.016252665714022226,-4.746558778989229e-05,0.0017077125857547187,0.0006734515372878638,-0.0015780623158426718
2024-12-16 00:00:00+00:00,0.0004355320689336316,-0.005516315704591301,-0.0024869779205108117,-0.01907081679400247,-0.0005923965724145305,-0.006708171314986731,-0.0030188720188016084,-0.004384843189749235,-0.006756674025063722,0.0004019952091751355,-0.0033230437310922305,0.0036399722814292714,0.0030704491578642207,0.0009964955602209252,0.0012370115707322428
2024-12-17 00:00:00+00:00,-0.0022826176613779977,-0.0028220804210047816,-0.009333006493206088,-0.01186833093639192,-0.011245296700534283,-0.006739016502817153,-0.008566595954402298,-0.008781843577493923,-0.008853023652474598,-0.0075208207423964595,-0.007767716428405811,-0.0035684664227584677,-0.002146754863064855,0.0016643756770614586,-0.0016227550328820673
2024-12-18 00:00:00+00:00,-0.025997589424563834,-0.032208432403193155,-0.027526065157135647,-0.03488838477835608,-0.029260570824829774,-0.023505756910999737,-0.02552320028748871,-0.027728255798012923,-0.02920696158378436,-0.04251026473694864,-0.03048676464124675,-0.007012879788286022,-0.0016972463764129836,-0.00020521583546913996,-0.0027041686781539825
2024-12-19 00:00:00+00:00,-0.0042404840669962645,0.0012109460693045947,-0.0058065960270929,-0.010476877358493453,-0.0030164678382917937,-0.004799970393660502,-0.0037941975714028977,-0.0006701214495423895,-0.011085222168556405,-0.016708880496096153,0.0036406638842725685,-0.0013966727578229067,0.0024079826632171838,-0.0015984125486164019,0.0005192744013369085
2024-12-20 00:00:00+00:00,0.012192954479025438,0.015313047350790043,0.011688962492486542,0.01601837486591908,0.015545052595250415,0.018991755922181455,0.008541311358164263,0.01589868161302267,0.010001976434959713,0.01912961742055577,0.01720244999170406,0.0021895095933195715,0.0024187149559616317,-0.0013023149024672994,0.001458380771955303
2024-12-23 00:00:00+00:00,-0.0032347332440464042,-0.0028412297314675326,-0.004932316232054071,0.0065588672616199864,0.0025690793213666596,0.0014620070099759961,-0.002171049715378729,0.001955996756284364,-0.000592788326536779,0.005176522797831545,0.004444670296487168,0.0011842893801042886,-0.002359333059810318,0.002626843291964498,-0.00026819962785279113
2024-12-24 00:00:00+00:00,0.007161193329123178,0.009382472397536847,0.005016498581086571,0.010677201802581606,0.010155133473629079,0.0042856964699661045,0.006732900374538772,0.006896811435560885,0.007448350695668544,0.007975324753725444,0.0065761324202833525,0.0006989595538269737,0.0012236732327606569,0.001522002147655862,0.0008951937899832996
2024-12-26 00:00:00+00:00,0.0015701230620140455,0.0026584666598458003,0.0027199618241340586,0.0005376239533392812,0.004143537072672222,0.002208417242215093,0.001177065398692591,-0.00034825339823923296,-0.0005302418160095437,0.0013369731780209218,-0.00033945267537056206,0.00011326549798625009,-0.0011309417571064972,-0.0007096408737996864,0.0005453513287292137
2024-12-27 00:00:00+00:00,-0.008056887402361365,-0.0074037387847805496,-0.007656275190224517,-0.0021831022951496865,-0.007652827249428575,-0.0053411042136608244,-0.007511803964729639,-0.006997098834114012,-0.009142616235065498,-0.012658064873504559,-0.005522810390249071,-0.0017692157603622838,-0.002986828226105094,-0.00043609294154073157,-0.0018200083850741975
2024-12-30 00:00:00+00:00,-0.009589373545273982,-0.010871184077857468,-0.015205776360874453,0.004648496875399029,-0.010840522427204097,-0.013390131300361444,-0.009848755193160525,-0.01354272555436034,-0.013707293101277976,-0.007803652294821816,-0.006370471017546313,-0.0010524749077780904,0.00077303890197795,-0.0016298686792950616,-0.001136071275692728
2024-12-31 00:00:00+00:00,-0.0005421213350104233,0.0008375822107863514,0.0004092817357118179,0.010107994593636928,0.002308793242447521,0.00041829618454911267,0.0001611514718247298,-0.0010085570098294597,0.002774258544346751,0.004985936415525393,-0.0015484842260506853,-0.000891633793251634,-0.0039031373682228954,-0.0012551476248509666,-0.0003553121878123311
2025-01-02 00:00:00+00:00,0.0017788457427868557,-0.009727063182026801,0.004366046504910458,0.02277618936856031,-0.001082419789232867,2.9898396850699442e-05,-0.004946338190772048,-0.004163518272957206,-0.00800428213675032,-0.0070890073001968045,0.008501641815625623,0.001376858809279831,0.0037748676959986007,0.0003545027428086267,0.004522871889865306
2025-01-03 00:00:00+00:00,0.005107431618614748,0.00140168535361167,0.004292348841152306,0.011885627854762666,0.00808554392567588,0.01449428525108689,0.010455558125132044,0.011549554443170993,0.006515967113892088,0.01863111580341458,0.014710444172791591,0.004841997310823931,0.0020650346674406716,0.0021086008149966734,0.002487508595860384
2025-01-06 00:00:00+00:00,0.004607659622854146,0.001598127919122267,0.0018187464508423908,0.0012311922646847191,-0.0013875887855777525,0.007866034086085355,-0.0009422703789427889,0.0017560296529631877,0.011359275230304465,-0.010531720293106428,-0.0030321399333166623,0.008061783481588886,-0.0020650437546900105,0.0029276186662756704,0.003048693675250555
2025-01-07 00:00:00+00:00,-0.009910190319444019,-0.008803830257638643,-0.013635531412366264,0.007027287818072168,-0.004017163120620532,0.004551418909864126,-0.001587161707965761,-0.006132132521368516,-0.004820626361911784,-0.01421372545282359,-0.005222448527674973,-0.0024757012745020945,-0.003632698285351115,-0.0015912845852431856,-0.0015944603425014706
2025-01-08 00:00:00+00:00,-0.007444821437326856,0.005650174059796524,-0.00522309205396095,0.001966182578856684,0.0014086070365030546,0.003974155179918795,0.003122950455222421,0.0007826947065392252,0.002628023006803238,0.00030705636757245223,-0.005061650554375897,-0.00614436264482423,0.006334803857256514,-0.00048749407138068846,-0.002863183416353489
2025-01-10 00:00:00+00:00,-0.025154636742717302,-0.01615029398106361,-0.021858359395259392,0.005527038933116496,-0.025145296966925777,-0.010221680827255037,-0.009694515307863217,-0.021631023189666747,-0.00529207907992079,-0.015781706359169458,-0.011315464044924022,-0.0033442085941496843,0.0011401383553888995,0.0016047438410426926,0.006252686764758656
2025-01-13 00:00:00+00:00,0.00913656883331751,0.009381779966146867,0.008437288919884012,0.022719037417614125,0.00607615391368309,0.012915354094630608,0.012209284923720191,0.000975864800147472,0.025394999252768204,0.010928314533820567,-0.007983693638295089,0.0034257138848198775,-0.0018968246261168078,-0.0017038458933606483,-0.005279696674836743
2025-01-14 00:00:00+00:00,0.0040328032840977945,0.00011326365423030183,0.0027883353814151515,0.01280041018070402,0.01123882173005339,-0.0015317562021493123,0.01153226762017411,0.010813519739926985,0.00877629400599068,0.00412728023295244,0.01257715314539674,0.0025427227784599153,0.003321658301768466,-0.003662549316566473,-0.0018900556470084475
2025-01-15 00:00:00+00:00,0.00702400858099132,0.006300791915679851,0.006245360750571327,0.020661341299805236,0.020792149362787837,0.00670549526971391,0.006381824139020815,0.007031034586258596,0.014201817782043505,0.011086711674463413,0.021508989091709445,0.007206135932763318,0.0026286073894436464,0.00307661381363076,0.001128955310600584
2025-01-16 00:00:00+00:00,-0.006860419237688355,0.005558889866121497,0.005293081752326008,0.00893884013865553,0.004917046942054107,0.006310479740670444,0.008378644688951355,0.0023035802763586807,0.0048812872731291285,0.015563571108020093,0.020945749357595966,-0.0031845755898586518,0.002335634428012282,-0.00203155989412516,0.0011401591520997449
2025-01-17 00:00:00+00:00,0.009778004282178775,0.005315649244153091,0.012084095793710805,0.008205546268508617,0.006384667230518658,0.0037519147482105433,0.006282860938589437,0.006532871307001035,0.010764469552464219,0.005001192933626254,0.008276268978009108,0.006063207111910474,-0.0005715272947513293,0.0034168509279142137,0.000314316483819246
2025-01-21 00:00:00+00:00,0.012955838698499375,0.005802448611304892,0.008151129472912069,-0.0009005122957644186,0.004148765137914778,0.01906024037654336,0.0187653713475395,0.016746976090668872,0.007935083938989083,0.014538597257947738,0.015466030269668774,0.0008799649544755477,0.00402592559498687,-0.0017837837463678648,0.0030852525211942454
2025-01-22 00:00:00+00:00,-0.0012986439642290336,-0.0042020223318263925,-0.004902573975862072,-0.01693471491524794,-0.0029751237376563393,0.0029907847906960635,-0.0027249355327798874,0.011493880786883343,-0.005307198482079965,-0.0162249117203391,-0.022111158939703977,0.00042248823921723234,0.0016747033368243055,0.0007489531108014623,0.0007107785550341953
2025-01-23 00:00:00+00:00,0.00872499886070536,0.00692735489328275,0.0033211668676679544,0.004633937464039881,0.003766973464666306,0.00958007746940175,0.0029934347411911763,0.0011833914084953046,0.008026422243970214,0.00622588234045827,-0.0005973438454439869,-0.0011122423095952468,0.0006880833685614799,0.00036584517504420835,0.0017574165651667638
2025-01-24 00:00:00+00:00,0.007530924061911654,-0.00452311687273841,0.0031539633906046425,-0.00976887271784607,0.005399296442534919,-0.0016274913217128222,-0.0022535969167306056,-0.006112605001518628,-0.004649164009751006,0.00306899494363462,0.003793255409794559,-0.0025016742345187084,0.0007185319191205723,-0.0004813002376993919,0.000144767628692108
2025-01-27 00:00:00+00:00,0.015416721357229204,0.022588587637860737,-0.005670602523287601,-0.04030142522599096,0.014755516451435335,0.0016827651831048214,-0.008774228905245506,-0.01910399072898234,-0.007277043410705587,-0.0018210653430597518,-0.020816379825480128,-0.014786317922883908,-0.015393537222972813,0.00037741138602169835,-0.010980479397388155
2025-01-28 00:00:00+00:00,0.00016991273456669147,-0.0007861571603842562,-0.010469647392152823,-0.00196838341565813,-0.0025389355612359054,0.00032244971793245994,-0.008282192068244588,0.006581202226630056,0.0014427734285424375,-0.007607938547675146,-0.01599810325775801,-0.0005271537670879144,0.008366719075161061,-0.0004316277252483548,0.002600645011742843
2025-01-29 00:00:00+00:00,0.004943364001555083,0.003082779193390934,0.006784965146140442,0.004905070572372682,-0.0005313111783387511,-0.0032456841307621827,-0.002735140039280343,-0.0066105094662568566,0.002741863061105693,-0.008886562747609237,0.005091082860927544,0.002908469836487141,0.002533247458229759,0.0016740293301506749,0.0014870149263151804
2025-01-30 00:00:00+00:00,-0.009735867906583526,0.005541325079225851,0.013658176595489985,0.004652573779311947,0.0067747446825178565,0.011785764339680368,0.00867510450743176,0.008217397524585106,4.729521890767068e-05,0.01519411795895774,0.01843341259567819,0.0020595937324365647,0.003236659240784968,-0.0002939314299659629,0.0024229779722446205
2025-01-31 00:00:00+00:00,0.00013247748405717681,-0.01354392730880153,-0.010778251196429844,-0.022192921399623197,-0.006707714220211419,-0.006081568112600877,-0.007251428174575058,-0.001246453207516434,-0.008216244251438309,-0.00230078727001277,-0.005834890108867141,-0.0007098691582940885,0.0006672285382065242,-0.0009003183248424956,-0.0019737889986461577
2025-02-03 00:00:00+00:00,-0.0015377009007962316,-0.008518034617246456,-0.00530415116579102,0.006351842905215396,-0.003969149761674231,-1.836811496782272e-05,-0.005966382444580956,-0.001062564387588048,0.0015458953542776927,0.0013527441375825995,0.0038873880736160077,-0.0068211713190297,0.0060737101150491355,0.003686327776373363,0.002447616799974039
2025-02-04 00:00:00+00:00,-0.0007027895499796969,0.002226231139902498,-0.020135982046964027,0.01785270201682705,-0.00670978668949973,-0.005417444234749793,-0.0024815381819107696,0.0013924612872078601,0.00025804946409712856,-0.0021351029750331357,-0.013018087933369858,-0.0018589518425537758,0.0007625498847255606,-0.0015229685639711623,-0.0009776182213549047
2025-02-05 00:00:00+00:00,0.0038419450987429438,-0.003156533949314291,0.007543599044467193,0.004749979833826834,0.004410877295517579,0.011596057369411543,0.0008453307069305225,0.012413411360158395,0.00275416271709372,0.018912928906775362,0.01316641604608865,0.0014726569312139518,0.0054065455529197426,-0.00032982820710566064,0.0020152023284672723
2025-02-06 00:00:00+00:00,3.608605992645366e-05,0.008411982551847037,0.005696548093913866,-0.022791850489059635,0.0016621014157568751,-0.004736234993998479,0.0005620760117365981,0.002103216707539504,0.006189533851832804,0.0040127739388596565,0.0022008460614927746,0.0022333001869544143,0.003541542514473163,0.0019685608070911078,-0.0020653209623152455
2025-02-07 00:00:00+00:00,0.00021789541263404972,-0.010284478199476577,-0.0016119103622374655,-0.002939868497232635,-0.0012753270385852218,-0.011579139328465353,-0.003516115559137305,-0.010123560158251626,-0.010506434908357199,-0.0022258372899565805,-0.00506091529404323,-0.0028181483522267273,-0.0002778599187759547,-0.0011869276259344396,0.002069140799937707
2025-02-10 00:00:00+00:00,0.007946551459871283,-0.000674250982842093,0.002069520985725544,0.027467590453938363,-0.004862964608233315,-0.006906316752337469,0.010603621198307227,0.008381417040062742,0.004609055324211997,0.00198343261062657,0.007668786420472987,-0.0006809190588356295,-0.0017695823667938891,0.002703498997122554,0.002033876491186926
2025-02-11 00:00:00+00:00,0.0012212368593708957,0.0009458983359611249,0.004684248473322395,0.0042952062887727915,-0.005703808116836791,-0.004490875881938273,-0.0008427915656893659,-0.0008655105115967269,0.00142838308236865,-0.0038059649917066684,0.005717246761328547,0.0004807125317163254,-0.0038206559128406833,0.0021620935052856683,-0.006433074692249239
2025-02-12 00:00:00+00:00,-0.0001661665559684031,0.00316744669101067,-0.004467210437776999,-0.023765062146937455,-0.00024775705985611267,-0.008091462881311217,-0.00815428384415885,-0.00644969918410991,-0.00841763311055517,-0.001912234134078417,-4.3752056050887385e-06,-0.0033296960910162527,0.0013871150428351425,0.0029392908084736333,0.005162602925661924
2025-02-13 00:00:00+00:00,0.007740184994552712,0.014495379692040974,0.010825268221813032,0.008171995943283229,0.0063009390439917505,0.0014986642799281876,0.0023096812702016953,0.004955995612706791,0.017573566632319498,0.008668674217516317,0.008178899038982612,0.0016310079215668253,-0.0028752676286022613,0.0017862861381836414,-0.002655698180057269
2025-02-14 00:00:00+00:00,0.009190652962926149,0.0011275505436255738,0.0015119538101923016,0.008361698823285545,-0.00030689738926520366,-0.006040106520682733,-0.002041349995287551,-0.0034269031066063013,0.001824272585103133,-0.004461594109068852,-0.0017066348478410906,0.00441996392893968,-0.0015162415769859679,0.0008405377723170991,0.0030128416115323933
2025-02-18 00:00:00+00:00,0.00019626495950368026,-0.0007364347834837902,0.002689266125638154,0.018100061257326293,0.008824954619282949,-0.002564349849572123,0.0057656761277103796,0.00851407125765859,0.0105445349155091,0.004845106693400124,0.01155132087172678,0.002523055661787884,-0.005771100179278836,0.0009812173950685989,0.0051405677641966335
2025-02-19 00:00:00+00:00,0.004653809996947253,-0.0007459163714239559,0.002702574875867698,0.009125253524905582,-0.00041896474285467596,0.006931216550627717,-0.0003224040249389375,0.005158613366556172,-0.011978135904470543,-0.001560263006977261,0.005441162101640677,-0.00044796464276200055,-0.004033830665199509,0.00037660853156132844,-0.004807029847053666
2025-02-20 00:00:00+00:00,-0.009124092760040538,-0.0014614425103835623,-0.005270180823931962,0.0033481183387920397,-0.00892206105183617,-0.001766892237752054,-0.0031793788456340173,-0.002064957666214887,-0.00820259803714677,0.0020264543970507577,-0.0026916910469807916,-0.0024300969640960487,-0.007112408018771909,0.0008035606594498107,-0.0013527025466928211
2025-02-21 00:00:00+00:00,-0.014160116206650057,-0.020128580448747033,0.0002359780627569294,-0.02801129820128908,-0.012273477488415554,-0.007053009032185592,-0.020602594473198097,-0.01719822176277249,-0.022664947930255613,-0.015236934975057216,-0.0036820102224245504,-0.007315788090549804,-0.004876915144507086,-0.001711093031631158,-0.006161143671122925
2025-02-24 00:00:00+00:00,0.013408485206052657,0.0033815376572932637,-0.005013342055507131,-0.007031992642924247,-0.000201162414718606,0.004719987174531912,-0.0020292811775305076,-0.006952984067138794,-0.004211633778032748,-0.0028610520975598406,-0.009463943419050042,-0.005373257733667401,-0.004232577808238993,-0.0037196994426670397,-0.002969768405229653
2025-02-25 00:00:00+00:00,-0.015958371085805268,0.010811177837461345,0.004377124264408438,-0.017579056774496355,0.0033405031711770533,0.0038268803964488234,0.01037190094775445,0.0005817996798014433,0.005253351155172293,0.009852132670485491,-0.005326174991479802,-0.006323697609508291,0.0006209638831730759,-0.0017475129499284776,0.0019050145018772642
2025-02-26 00:00:00+00:00,-0.015233315194429435,-0.0022839449660994092,-0.008748338399085325,-0.0021868871581049217,-0.006204953717228858,-0.0035521395810266944,-0.0025466899853168043,0.00391488007819357,0.0004957847397557694,-0.0017139423910315949,0.009020127430467869,0.004061642940153069,0.00829497678656263,-0.001913763343510364,0.0006843027995474024
2025-02-27 00:00:00+00:00,-0.005011399859308254,-0.009397542773430464,-0.011596077655572232,-0.00640235128119454,0.007588355165032398,-0.014500276630888046,-0.005996627192565189,-0.02487609348419957,-0.006552341873387081,-0.0022822452467369764,-0.027849132588852396,-0.007985329225735676,-0.002508881585302469,-0.001225612760752147,-0.004222064284021342
2025-02-28 00:00:00+00:00,0.012024743893297591,0.00945115248627737,0.007458283371353834,0.019584116781486288,0.01575541709727444,0.004623607464829957,0.011806427058828744,0.006734922780929011,0.006219348701476744,0.010732489642375696,0.016163808768018154,-0.0019753172974193763,0.0026342091047720463,0.000857841588088366,0.0010982616120979013
2025-03-03 00:00:00+00:00,-0.008252809613232201,-0.010155306536604932,-0.009861876638308193,-0.04059100434427639,-0.006393311899964832,-0.005287240433472017,-0.012247746745056633,-0.012859456733090148,-0.02321072184276901,0.0012828516807043616,-0.00540861215649851,-0.01177949498676194,0.0008090806477404249,4.455019046826526e-05,-0.004670668275715121
2025-03-04 00:00:00+00:00,-0.010483486978538731,-0.015304727538888757,-0.015761270128096968,-0.007944547991922799,-0.023453709197003007,-0.007801914984244508,-0.013022949706501516,-0.00884381097619165,-0.015301876173121998,-0.004450724704147804,-0.014124826830352665,-0.0008216956549795917,-0.003226548744848833,0.004302817034281941,0.0065025579204655145
2025-03-05 00:00:00+00:00,0.006348105677457778,0.008219587883364255,0.002129600002071163,-0.01774649296906182,0.004161926589385398,0.007937068085284977,0.012458792813149842,0.004265554624495325,0.021764702335994122,0.0026368831076518245,-0.009785735924021145,0.0013592633424406855,-0.004041037327252464,-0.0020569040285405,0.0006889325103951972
2025-03-06 00:00:00+00:00,-0.015477900686270737,-0.011810418014806555,-0.014008349378518973,-0.00922264503529783,-0.01096658171492235,-0.008743988673166126,-0.004900950644930686,-0.018011057455800956,-0.01092259601721932,-0.03369321228654378,-0.027569548929496875,-0.006967499020354883,-0.011043955953758188,-0.000616521372614612,-0.004600203879714905
2025-03-07 00:00:00+00:00,0.009055200961292878,0.002530995146800958,0.008415197902110691,0.016308860819247963,0.0010853229479571068,0.004341269395342448,0.011805705392160184,0.01398204607302962,-0.0016789448350679995,0.005164827643470235,0.010834781279375198,-0.0027001215862765397,-0.006621105105781807,-0.0027803358685296264,0.0023657216078263404
2025-03-10 00:00:00+00:00,-0.022094220307405533,-0.021415708538744974,-0.02358043402364971,-0.0065333653350173725,-0.025109814460317906,-0.01622224897974519,-0.017065082466812966,-0.018256061603516657,-0.027253186422804155,-0.020697188134118978,-0.004681167539411717,-0.012890182088269374,-0.009166110060108423,-0.006999263556454511,-0.006350124135793906
2025-03-11 00:00:00+00:00,-0.014251948767211914,-0.016651920248619733,0.003870527161506594,0.009060175327013463,-0.005790020257824464,-0.009736807125048494,-0.010856918718335879,-0.014318634443184692,-0.000493234727352559,-0.0018730466218737953,0.006857549204005557,0.00897527920744966,0.00996269771122171,0.003856821192107923,0.009135514513471873
2025-03-12 00:00:00+00:00,-0.004311385663430299,-0.011808850083932135,-0.008168340935153113,0.013455092126682002,-0.0026006754242353923,-0.0037520191101141306,-0.0075888457843407454,-0.0021029558344484423,0.0039237298769071675,0.002587944031204414,0.006792496477643908,0.01010290077157103,0.004483118052478957,0.0035410296579491633,0.0013978228179538036
2025-03-13 00:00:00+00:00,-0.018606155452736507,-0.01897333918704163,-0.012581550570744265,-0.016264359240427326,-0.004782511800106918,-0.013371594597178005,-0.007522572156379872,-0.009891911254616557,-0.006138376671815989,-0.021507106454495873,-0.0018299923877008516,-0.008734065041173642,-0.0047126981632231255,0.0005686778708182388,-0.0003040972976994377
2025-03-14 00:00:00+00:00,0.01410464416511655,0.014044958771192061,0.011013864012708187,0.03010401943539761,0.019425371130208622,0.017652452048752994,0.0145530095448355,0.017131358205137392,0.015646983717053347,0.019707987886790446,0.02323490780594535,0.008137870665536267,0.0018507658376053625,-0.0015364259826410095,0.00144025783064835
2025-03-17 00:00:00+00:00,0.015741831856224273,0.014412810328023667,0.018225487730936088,0.02176457429490847,0.014745330757181901,0.013091491817888642,0.014700576892295493,0.018010781050652437,0.013389928309964225,0.01806977456483546,0.010802563655434888,0.002415381636676947,-0.0005228305229525738,-0.0014909616222818691,0.0028114120005607213
2025-03-18 00:00:00+00:00,-0.008262247143967802,-0.012112018720748179,-0.017401558928848454,-0.003681756897956347,-0.004227191586416967,-0.003527994167900983,-0.0076004192748139725,-0.0036598834128628464,-0.0018430551615339148,-0.010898488790481265,-0.009714031787359781,-0.00426124680717731,-0.002686513085021508,-0.0021500942146822303,-0.003407107598791802
2025-03-19 00:00:00+00:00,0.013615458388298638,0.014129040091932695,0.010331382571634755,0.021461128936712724,0.010966226175138656,0.006335906139398106,0.012247304575117855,0.006429118004334376,0.008968798444604168,0.006784074611021121,0.010607570577409497,0.005343137930938799,0.006463921671687144,0.0009957770553814136,0.0035476440104097885
2025-03-20 00:00:00+00:00,-0.0048338121149272256,-0.007784216712028643,-0.005483532920205913,0.0015605933755190784,-0.0029948105764585047,-0.004702232384172469,-0.008311283408824916,-0.0122660439355277,-0.00992643148749234,-0.00010076155112648068,0.0019313875362788992,-0.0006645093775186008,0.0018295844175360773,-0.0001019739572392991,-0.00028173063271268693
2025-03-21 00:00:00+00:00,0.0060792108441219,-0.0003220924049904569,0.0024810540633295733,-0.009377762133221624,-0.0019797559267587597,-0.002809999008519186,-0.00395997029353025,-0.0030919818915083226,-0.010828627578775696,-0.0057085518191014725,-0.005875830743204357,-0.00015767587632980752,0.00046977160681255735,0.0019771332955763,0.002427743924916334
2025-03-24 00:00:00+00:00,0.009293556066407338,0.02135380356330234,0.019248638466804534,0.019217091557960524,0.017559475123070753,0.01611772556905593,0.01817861315333116,0.012254646094555597,0.013458566683329702,0.01929105851328667,0.007384433553834137,0.01057031135297828,0.002556236286859321,-5.741357616228897e-05,0.0019416161260857765
2025-03-25 00:00:00+00:00,0.014086585379499838,0.0004083937259883772,-0.008777079179160268,0.003892038504908843,0.003320945668782704,-0.009585201809810196,0.001213446811868248,-4.998835109911847e-05,0.0016929530373947302,-0.008951589472132043,-0.014466476257856162,-0.0003239249143505779,0.0012634028849516834,0.0014470042385582513,-0.001304360092059824
2025-03-26 00:00:00+00:00,-0.005838030698631061,-0.004929560720962846,-0.0014449835681214721,-0.005377758670240533,-0.007926521569881995,-0.012742167572725387,-0.008830778189036362,-0.00898847676497639,-0.006646737261568626,-0.008842475756052189,-0.0055531482691729365,-0.012245202703493677,-0.0023364381812854885,-0.0021634030576854727,-0.005798753099262976
2025-03-27 00:00:00+00:00,-0.009031398187020355,0.005226632434387863,0.006465778679215887,-0.010803138541597947,0.00018311453612275107,-0.0009833513037590018,-0.0012002535165024151,-0.002490948861333188,0.0005205516948657663,-0.0032197210313702263,-0.004821716989894369,-0.007980458333696568,-0.001245705721988003,-0.00015306811955596682,-0.00023811708388552367
2025-03-28 00:00:00+00:00,-0.023148922166187157,-0.02747548760843881,-0.017715309650499347,-0.010642668017194495,-0.019035012089784954,-0.01344457611411108,-0.020931683490415267,-0.018236532475357586,-0.020989382627437474,-0.003539861715973327,-0.0015127199925617332,-0.010708302470186884,0.003683632011693182,-0.0038117787520557493,0.0029325019897534195
2025-03-31 00:00:00+00:00,0.011735852373923689,0.009487134262166439,0.008929001866450837,0.012953015491718694,0.008492042199156311,0.003964929289366405,0.00657378470775825,0.005875444075749988,0.0072619509159516935,0.0019978798290209068,0.006734365182986092,-0.003750590712924943,0.002356287406179427,-0.0013742113529436675,-0.0033026461335080685
2025-04-01 00:00:00+00:00,0.0008363813270232461,0.005321405239599564,0.009714727405415166,0.009780030090659723,0.002530440163362863,-0.009393002513855529,0.0072446375653256265,0.004001459455438579,0.007406726608228854,0.004153698740993878,0.006976946930787079,0.0026780445124237073,0.0028892648865178733,0.0020196869505073097,0.0028897020697449057
2025-04-02 00:00:00+00:00,-0.02407609634171047,-0.027832483480245356,-0.02175949616646346,-0.021800020010004376,-0.02538523629763307,-0.0142772446313796,-0.025950950779061663,-0.020791178498075893,-0.023464759808919,-0.024151403207457938,-0.01721749411448815,-0.002159467688077839,-0.0003108956252983585,-0.0042454929929025866,-0.0030254247153819356
2025-04-03 00:00:00+00:00,-0.033748066791942,-0.02557480569890662,-0.012447545685666878,-0.07276620963924627,-0.019884385642718123,-0.018661106566163436,-0.016970874112712475,-0.035439936124196394,-0.012926299913706129,-0.01200689896097729,-0.015188719736498402,-0.0290181272259142,0.007941981902319425,0.008971496411875335,0.00885017202484788
2025-04-04 00:00:00+00:00,-0.057540721756734345,-0.023593232501157455,-0.05041123488218981,-0.10963791131900591,-0.071272088794648,-0.056275774503774,-0.051053120704689224,-0.06128143165961554,-0.06468464926393737,-0.05157805074365397,-0.059691397533653386,-0.0036308599278877117,-0.005495824900173064,-0.0036791405793385502,-0.007578259918964766
2025-04-07 00:00:00+00:00,0.003386475944108804,-0.01345833074588775,0.015837265908335556,0.0009077489087230671,-0.0007338975207487042,0.018041335652050086,0.00020727599821727044,0.006185376584321097,-0.00036259668957331216,-0.0026599815412693415,0.008419245182572213,0.017386572638897924,0.004014956115925596,0.003841961340418169,0.008336818294323716
2025-04-08 00:00:00+00:00,-0.03320101441156517,-0.04308023797717177,-0.038613222075843494,-0.03783851075338338,-0.027745203959452933,-0.04182654737334776,-0.03205372392009632,-0.0341202608595185,-0.050801167600667635,-0.040480675280738204,-0.025830345855629096,-0.00935826265731399,0.006959380110027058,-0.0027525094403942386,-0.0033628995469553967
2025-04-09 00:00:00+00:00,0.11037712995354734,0.11546911460933391,0.10226278240689513,0.08616055474394312,0.09463697758212024,0.0980829432857624,0.10739369740049501,0.10713509731593651,0.1045161677877967,0.10020435578841572,0.09730012206561955,0.04800281334262625,-0.007259243582610535,0.004754231875755133,-0.0025734519886414092
2025-04-10 00:00:00+00:00,-0.046707172146023615,-0.043537085852854665,-0.031541400811356604,-0.05898057500907552,-0.033989093085570285,-0.06044719089600533,-0.030593229464702623,-0.037462371923994174,-0.03281862154141461,-0.040090891855526,-0.03887397492179871,-0.029418463027059617,0.0054809799221799856,0.0026894115246501385,0.006585101110001962
2025-04-11 00:00:00+00:00,0.0042072891453166445,0.009972623669266883,0.014227086691210908,0.027499189447002942,0.015334113321375747,0.015580715908827956,0.019384209849085978,0.012318668759264823,0.031148461571634336,0.016587207768191788,0.015044095904449838,-0.0013015030322568832,-0.00021059758562001155,0.002637717603293419,0.0028062589224698235
2025-04-14 00:00:00+00:00,0.008016839700958915,0.006299652944664315,0.011975302038694539,0.002347171953442661,0.010987500644965764,0.012352393970386882,0.008461343249927715,0.01174171832629078,0.009601006117872589,0.01819182358238726,0.01465044515245455,-0.0011668404272016984,-0.0010723061721258044,-0.0022316491247484707,-0.0016696234072502859
2025-04-15 00:00:00+00:00,-0.001695905597879348,-0.005693042187322309,-0.008910223318767634,-0.0009813352835516568,-0.0033246535357884786,-0.007375376308988102,-0.00834157913730431,-0.0028299364489370892,-0.010582150981792411,0.0016369319447307237,-0.002160435139030946,0.001020376991926466,0.00458479902220091,-0.0006519789922784661,0.0007198166286344525
2025-04-16 00:00:00+00:00,-0.021671762899125542,-0.014036343005439392,-0.010045766891073648,0.01317968142002442,-0.012068511429713649,-0.008986169507951988,-0.011119845905163992,-0.010115876208905474,-0.0033171094260335716,-0.002967556689798834,-0.007795930470126502,-0.0011152066034547607,0.00048806319932344355,-0.0008689823181841586,0.0014584192916068444
2025-04-17 00:00:00+00:00,0.01529805518100448,0.01564222941573084,0.023365923513242515,0.028786311666477663,0.005749023249712272,-0.0010953517057154156,0.00610051890586369,0.001678024881552614,0.00564391391540362,0.013946841700705493,0.014360178717529638,0.0011668259600442015,-0.002626733673397421,-0.0009647521511548778,-0.00035431101796617494
2025-04-21 00:00:00+00:00,-0.022080622470503106,-0.016903177761694328,-0.011652882129193043,-0.03175492710952997,-0.022176959264940434,-0.024023201884870216,-0.02422894623866074,-0.024050485272751197,-0.016782625065532963,-0.022017191218488073,-0.025801161848573097,-0.0025799106197428863,-0.005570048964741364,0.0018534664079953925,-0.0025188803603103074
2025-04-22 00:00:00+00:00,0.03902962576082625,0.043677222994823725,0.03307076317100949,0.027373133925912743,0.04756708883913205,0.035603747212206466,0.03640352608497241,0.03308184710686765,0.02948277440099712,0.03974596588336118,0.04463005765294197,0.01214579242707784,0.0019062062362036787,-0.0006019438244901434,0.0015148829043591626
2025-04-23 00:00:00+00:00,-0.0018376931452051776,-0.002843907319886502,-0.0022012266931901534,-0.011248451742661215,-0.003583410117324343,0.008491803034681085,-0.0020648052095841793,0.012587294857526606,0.0003601764940377875,-0.004233053173169767,0.0003451842965950698,0.005953455593684575,0.0026058032098274166,-0.0018152815025042628,0.0014385208130512936
2025-04-24 00:00:00+00:00,0.025025672085376503,0.018081892489421797,0.008638690813572786,0.004027971545823275,0.016159025293306834,0.024200750843230017,0.024965744818300675,0.02681905101646074,0.022720947315495028,0.010477988988142763,0.017820326931848714,0.015082772574221574,-0.0008931686487784907,-9.343859782503378e-05,0.002236714927216642
2025-04-25 00:00:00+00:00,-0.0034952021737878914,0.001093749835376303,-0.0004892828354631025,-0.0014935223837003032,-0.00757804814558291,-8.66356100767079e-05,-0.0018054923077079567,0.004568754988621956,-0.004026299442046036,-0.00030238121316863753,-0.0028590938986179,0.000757745993986433,0.0019284202479288336,0.0018956220871019186,0.0009899616694934443
2025-04-28 00:00:00+00:00,0.004712035041790389,0.0029776059448072727,-0.003739204293043064,0.00897409330411415,0.0019057544240608732,0.0025235901976262357,0.0008389690246023253,-0.0008930311764000496,0.003046718915533145,0.006137775667387908,0.008665912092112397,-0.000598316713483511,0.001493110006445486,-0.0009364689625444813,0.0008755087541905757
2025-04-29 00:00:00+00:00,0.007417269758199736,0.003196952690921829,0.003038661658718186,-0.005020143329957881,0.007504110681656771,0.0068988374760906674,0.006585986045230925,0.005280230310075437,0.010210737732913897,-0.002889289749027908,-0.000374124179719355,-0.002362396549103535,0.0012469899656639039,-0.00037119949352964164,-0.0024275820609290268
2025-04-30 00:00:00+00:00,-0.0008718580709939317,-0.0031898693490177406,0.0027670294540649287,-0.0277523985027283,-0.003596718068202785,0.002188863537101167,0.0044749254808296645,0.012273298845410821,-0.0006861191019105156,0.001821365219975888,-0.006361838713653458,-0.0022020518643730055,0.0003450259233959128,0.003987748588838159,0.0036002909534697904
2025-05-01 00:00:00+00:00,-0.0028097857534702723,1.0234040158643579e-05,-0.005460302138123506,0.008358797366771541,5.561788544544775e-05,-0.006724191083267194,0.00719765185965092,-0.0028669726159802214,0.0028395880724320912,0.012877701922055047,0.004870747151529527,0.0030591185886510133,0.0018386296222060773,-0.00123625904739703,-0.0017738618491013457
2025-05-02 00:00:00+00:00,0.013766556351668973,0.022812491794407544,0.016224745297559396,0.013712384121003684,0.025499004340987785,0.017438885047146493,0.019228293282199403,0.016742486696578886,0.015079402335778671,0.019805512400797767,0.0164958084313162,0.009142924498249855,0.00017693908613327508,-0.0004349674529288104,0.0012959747380851677
2025-05-05 00:00:00+00:00,0.001469196585878947,-0.00363363164508422,-0.007331724561052445,-0.013191258804283401,-0.0023985490790384353,-0.006728918340280684,-0.0010359450147110715,-0.001556407009700181,-0.008530415896815222,-0.005801650376104801,-0.00481782950306503,-0.004011058584302018,0.0011496510968772265,-0.0005216412331133496,0.0014431625054484724
2025-05-06 00:00:00+00:00,0.009045551798735162,-0.0022822842225531715,0.0046115367368474,0.0018698825368370015,-0.001118555366630985,-0.013003565763093429,-0.007114581515952355,0.001422826944893327,-8.406663807142799e-07,-0.0025342529248586153,0.009868963467438315,0.0008254783665970809,0.002939341836091581,-0.0007263726469061036,0.0024137585498013236
2025-05-07 00:00:00+00:00,0.008047104618967326,0.0026499540496829374,-0.00014337567930535226,-0.006566750365485261,-0.0010038330273555122,0.005930433842672235,0.0020042869224879125,0.0054531889725062,-0.01471052110818123,-0.006250214613584533,0.0010243427596178822,0.003472054097995286,0.0018489451695299364,-0.004832343552227422,-0.0007867200517168943
2025-05-08 00:00:00+00:00,0.01287300359959536,0.01180502229119911,0.011724998169987514,0.015815590372917583,0.01434339333389165,0.012353488844898581,0.015125683784993543,0.0058907886793282335,0.008909228849516289,0.0002703142645904751,0.002518574728234811,0.00857640057257614,-0.006030707635531181,-0.001014935360677269,0.0007927706751911772
2025-05-09 00:00:00+00:00,-0.0032341747073362037,-0.004674465959560299,-0.0044880554492416486,0.010921313838397709,0.00019283744202040868,-0.008317813550943395,0.00022987213300388254,-0.002316860748341368,0.0015487596254896113,0.005568784622354331,-0.0001099723970760995,-0.0008048888294540104,-0.0022959922554323486,0.0003877482866339395,0.0004613388551892067
2025-05-12 00:00:00+00:00,0.027287350912783406,0.042903652780439124,0.031276808349072344,0.014268836508028192,0.027028286876560458,0.03966983159988448,0.03416003725458009,0.029131539063893097,0.024311978329578533,0.016197547677921503,0.0189797690216683,0.025514892883321073,-0.00909459319241894,-0.001568483980741539,-0.0038596195073414934
2025-05-13 00:00:00+00:00,0.004771300881382223,0.004736092936602049,0.0023286647247320914,0.01775555178968133,0.0037437662773495235,-0.011352528220010202,0.004321455689544658,0.011694557374860361,-0.0009967859362941666,-0.004876968881355681,0.007229141819406997,0.012029210694013324,0.003483140174842932,0.001510770395098988,0.004056981564617698
2025-05-14 00:00:00+00:00,0.0012317947767146165,-0.0028388552073699462,-0.006414563445595153,-0.010328247790671121,-0.006266591879228951,-0.021550516768929353,-0.008364827175538745,-0.0015128619180841013,-0.007098112386002307,-0.010303926517947405,-0.005139349667335071,0.0020672478013883163,0.003139952142802694,0.0005984474493998071,-0.001183003400035141
2025-05-15 00:00:00+00:00,0.0030479451623590514,0.00743361406409457,0.010687179105527548,0.00862724449993725,0.00810809050937915,0.015110434210471679,0.01047515631513187,0.010287751595319437,0.010790179141065654,0.012961144636883784,0.014014044109587181,-0.009523905292098787,0.0016527563464122505,-0.00012959521462307944,-0.0005835052402048142
2025-05-16 00:00:00+00:00,0.0021215541690821627,0.0014849127976725792,0.001682348140952858,-0.0022198290992303605,0.000794686773397527,0.010223991887926194,0.0051344235578740325,-0.0018762526723170355,0.0032362506861696796,0.004742569046242657,0.00023121358395891952,-0.0038530569948114096,0.000589727135435167,-0.002294952466865677,0.00027920276020674335
2025-05-19 00:00:00+00:00,0.0038658890432628746,0.005965718938892859,0.006470948788958625,-0.007447629535918846,0.00778291661483041,0.011500912287546154,0.0069430117515251535,0.0048202424293108895,0.01106117696996465,0.01097215667628094,0.012248245772906681,0.0010245974307982826,0.003990022810182706,0.003594683434115986,0.0033726800961540754
2025-05-20 00:00:00+00:00,-0.004196705334079672,-0.008346945942516032,0.0024363516228097125,-0.004915015591884997,-0.005197134007571851,0.000794801217002906,-0.0044567495676572375,-0.003247401758449412,-0.0035791621151425547,-0.006814305875121855,-0.00266584541540261,-0.00396905364054603,-0.0011725207775475678,0.00039424502799035796,0.0019090051034677926
2025-05-21 00:00:00+00:00,-0.014958997537194997,-0.023317133617366245,-0.023436536713343944,-0.021416218219176886,-0.02304509334381934,-0.029056329224294023,-0.018748001050277473,-0.014951762841692908,-0.010717057013484113,-0.028970807281624614,-0.023800664475323887,-0.004235445310800522,0.00467713358593699,0.0032746672129915395,-0.0017961347672669752
2025-05-22 00:00:00+00:00,-0.0067666422940868875,-0.005988543560715248,-0.0005831712097000776,-0.005115699416288393,-0.0012259040684867227,-0.002085432194441664,0.0011511288263682826,-0.004971977418802153,-0.00031169530577926754,-0.0021201053062986142,-0.0039018060699367247,0.0031400963738049377,0.0005286024237268444,0.0014142670354412145,0.0018840249419895426
2025-05-23 00:00:00+00:00,-0.0025259439823130544,-0.004940278928005668,-0.0010563339838165066,0.005477030583534798,-0.0034132795279887443,-0.004248533005792335,-0.006723971884874576,-0.005017180133521024,-0.007270074554633392,-0.004808017471638408,0.0013421780179496948,-0.002684814818683551,0.0026876472350986615,-0.0021656161727996474,0.0005156013898757496
2025-05-27 00:00:00+00:00,0.01966292549593225,0.0244166524178784,0.021091216276776167,0.0037525593554300473,0.019314814349730158,0.022005125340174563,0.020061737429057806,0.013444756567981095,0.01683321390700276,0.02456984413209337,0.01672644007701329,0.01022384192524554,-0.0019146811356935082,0.0015666496426233953,-0.001942999344874837
2025-05-28 00:00:00+00:00,0.0033107246360131962,-0.0018984062016325258,0.0020954226520334732,-0.009018745134653196,-0.0035626878381902027,0.0030969693746787774,0.0002482989161850432,-0.002473690796323154,-0.008003053873978606,0.010397965875348239,-0.005659349371497449,0.005320126295618153,0.0023679631443842847,0.002923503932053406,0.0014186933996174725
2025-05-29 00:00:00+00:00,-0.012385509045520654,-0.009613911205859693,-0.007479848332721004,0.00017060744851143077,-0.0022835467336871783,-0.0008867508888296162,-0.007168549216592185,-0.011203491800373035,-0.003377138233028556,-0.0024127694311317717,-0.0032786672890000768,-0.0063194013674474315,-0.0028863670569081678,-0.002549825764136243,-0.0021917641764833354
2025-05-30 00:00:00+00:00,0.0018858383653394713,0.0015065803718466875,0.0003952751772333535,-0.006754785518605246,0.0013841632455717818,-0.005605575676153329,-7.53058887606868e-06,6.186095864395042e-05,0.008139778685508029,-5.0372192494147925e-06,0.002050149703559415,-0.004956612740215879,0.005119884036823659,0.0010898491597239608,0.002015067464338139
2025-06-02 00:00:00+00:00,-0.0033855650659424504,-0.0026703251529717996,0.0018614741415286613,0.017410751945712663,0.0010464769521247243,-0.0021499342819657936,-0.005257683203460356,0.002184608527669694,0.00110948475355889,0.004043907158359493,0.004311057759328135,0.0020927533562043353,0.003849450834169411,0.0019377690841144422,0.0028691191990734438
2025-06-03 00:00:00+00:00,0.002365028177991621,0.010272795544184449,0.011415200337429335,0.013017329672731962,0.006031218181216202,0.006027884971874863,0.013599048091777416,0.014831633617244008,0.006944394911343181,0.002508990739314128,0.008330190800224286,0.005157577040686314,-0.003764853305389341,-0.0006646894155374321,0.0018812968456771275
2025-06-04 00:00:00+00:00,0.0013194087611038548,0.0009442450398283497,-0.005026251773082161,-0.023996851110126304,-0.006388648490499908,0.0027632583982817073,-0.00044511775490793784,0.0007362638664017954,0.0032050420412750103,0.0041942759221037015,-0.012363262353478809,0.003083226795116027,-0.001621506585554819,0.0005894930139350428,-0.0007800625199811404
2025-06-05 00:00:00+00:00,-0.0006180154626870634,-0.007410673469521935,-0.011954096340353052,-0.0005825188770860416,-0.0049000048869704185,0.0004766063989896147,-0.0012349749583917982,-0.00019760060411031823,-0.0034589663255866084,-0.003717862095494976,-0.0059433173106613205,-0.00177224851131236,0.0019830863623153125,-0.00040606264655988246,-0.0033751806824094586
2025-06-06 00:00:00+00:00,0.00651920805885535,0.008358722125202327,0.006680935622459356,0.01557064415578574,0.014703578270195458,0.008260618989486126,0.008529937016519197,0.008423963031624787,0.00012609733966880863,0.00519225221429903,0.008998398802761041,0.003721851346853415,-0.0038691598175028398,0.0014417252519215024,0.0007726766825952862
2025-06-09 00:00:00+00:00,-0.0033701936347572325,0.0006758571896074137,0.0072751115755308035,-0.0037299350747573763,-0.00406311767110403,0.00024524674117509636,4.648122613317221e-05,0.0018316179173275247,0.00850902696649732,0.0053751292831685895,-3.278725148024049e-05,0.005535355994148623,-0.004032318290652601,0.000899666943553616,-0.0016473357728442948
2025-06-10 00:00:00+00:00,0.018343140174494673,0.008431325112649917,-0.0007757560922423824,0.008382497333227032,-0.0008301747370713999,0.008049827629732447,0.0016272342729624551,0.004833095326683943,-0.001662775981151708,0.0072582964445892595,0.007327174634124073,0.003182432931092922,-0.008608779823878204,0.0005159548585408173,-0.003171587053767452
2025-06-11 00:00:00+00:00,-0.005649790593837462,-0.008337122830093852,-0.0018554162990329299,0.017957455979442538,-0.002438360551054439,-0.0021562265021266807,-0.005477963748936733,-0.0049763091453737356,-0.002718308011202857,-0.005456391254479439,-0.002315073382341757,-0.00030186374610506584,0.004372505075667372,-0.0005305146039555203,0.0010897364145816754
2025-06-12 00:00:00+00:00,-0.012017936425246257,-0.004307468348485998,0.0012010746260285054,0.004308365056032501,0.0017388882139900256,0.00148352310005014,-0.001566997366755857,0.006262748623677271,0.0017653683106770843,0.0020663154340288224,0.006577541590438436,-0.005540709666783263,0.0019335029606510731,-0.0010616222762843022,0.0021197388084571705
2025-06-13 00:00:00+00:00,-0.013731209574789903,-0.01992354937796178,-0.014993185647967679,0.029601139915608213,-0.014436312441070295,-0.010092310878219666,-0.007085738750288194,-0.012437119757759409,-0.006800761955603141,-0.0087982544906489,-0.013201860360142266,-0.008270673232202671,0.0015948041613902727,0.003585049471866176,0.0027283857607282355
2025-06-16 00:00:00+00:00,0.01551404099425896,0.011962763606249639,0.015899614217434344,-0.00514933211138752,0.006948180250164272,0.007670786679221681,0.003788308182196221,0.01138557669295795,0.007346624228344818,0.0029542132881577037,-0.0036214716060880355,0.010123387430254156,0.0011250360003591912,-0.003677865825153022,-0.0011340528873948225
2025-06-17 00:00:00+00:00,-0.012755822413643028,-0.014425467716331828,-0.008806422467692598,0.003951707508751571,-0.007654279282259466,-0.014984182229515437,-0.009057129453183113,-0.002426514886574485,-0.006356505141145081,-0.00530085460447849,-0.007483383844789414,-0.0030684376128446524,0.0032122952318485,0.0005719310706468837,-0.00020178075572935793
2025-06-18 00:00:00+00:00,0.002988138499192238,0.0010554029196908898,0.005169682380259647,-0.010407782301186956,0.007096956948862212,0.0041953003863248305,-0.0010354187699975217,-0.0016955583664764735,-0.002281330797769872,0.0051470267421249005,0.006960338568907437,0.0050896861231669414,0.002238377335396117,-0.0009101517584865409,0.0014910034190744673
2025-06-20 00:00:00+00:00,-0.001842938293391303,0.006458388500907713,0.007085323313778587,0.007530057870978979,0.004646487949755297,0.0005505491592958935,0.0006192754013507989,-0.003163816163536108,-0.007100547840109684,7.018569054569501e-05,0.002277028305071241,-0.00036331268823742383,0.00046395607638222624,-0.0011563412273864109,0.0004093647589988908
2025-06-23 00:00:00+00:00,0.014814557950168318,0.014492593076731793,0.01221072410494453,-0.04213633989555041,0.013570335065754911,0.0026335160931262864,0.014505416386029795,0.013582078300637271,0.008931608795025931,0.015192353119727806,0.013306192936061298,-0.00018365542383693063,0.0024829759076423624,0.0010121659389628578,8.089723349627258e-05
2025-06-24 00:00:00+00:00,0.007020900006469702,0.004295093641763694,0.004040880008083081,0.0049003660292557686,0.009913585378268162,0.014283704434293895,0.006115048554758135,0.01003048212667924,0.008022789818257905,0.0037673697051546595,0.008191101552438336,0.006681062767374937,-0.0006611469466665373,-0.00019438185437004952,7.230973414891137e-05
2025-06-25 00:00:00+00:00,-0.004286338285419317,-0.010650343770193775,-0.00989076001395288,-0.00954519335148878,-0.005198275114815249,0.0006327079156694759,-0.007575386096854218,0.0004835469287896759,-0.011143148966727665,-0.020418406374482608,-0.009548753046666072,0.003831989334226211,7.841689130579262e-05,0.0003859798249021152,-0.001156125300768758
2025-06-26 00:00:00+00:00,0.008600652076683186,0.009298662415172203,0.009720263742862414,0.013691991499074359,0.009893105251048716,0.008730991154705086,0.008930369653325115,0.0049660084194989695,0.01080936855355188,0.004956497633799495,0.01260837812648461,0.006514902119672056,-0.000269969307225313,-0.0004924616654722498,0.0002650600062998978
2025-06-27 00:00:00+00:00,0.007361251857527561,0.012646584864522257,0.00042622590240402425,-0.005229187825403518,0.0034338049110459574,0.0005188232006378274,0.007714636539722404,-0.0029675478028367533,0.003733600177527622,-0.0004266102634305663,0.0010331768776122583,-0.00023687116488297017,0.0011836909528978859,-8.859772567040153e-05,-0.0018131457054382273
2025-06-30 00:00:00+00:00,0.005842256562786113,0.0019502223757641454,0.004814817187542731,0.00017461947139382132,0.009410118414515138,0.0017080711460523313,0.0007045617823897548,0.010113781472982938,-0.0017746437601824678,0.004689230569595898,0.002084488711132188,-0.0039216185496246,0.0036399956183203915,1.7224683304176733e-05,0.004232850534042771
2025-07-01 00:00:00+00:00,0.008646185329504584,0.02927233698801461,0.015558980439143243,-0.0024554096840707575,0.010063259280828898,0.007184001243709114,0.01469317166333817,0.0021260576883479227,0.021808776339164542,0.0015256466135103617,0.0067399679520090796,0.0029641183920124277,-0.013360619230554299,-0.0017478242523558951,-0.005296785592992188
2025-07-02 00:00:00+00:00,-0.002099593372435534,0.005600918803974131,0.01862675827198902,0.011454616379018848,-0.0008463564252821247,-0.0023771521090210825,0.002016044500933189,0.0018529387694300962,0.014656232315662486,0.005390422968584586,0.0015915343070356679,0.011464670234061761,-0.002880545870569099,0.00038401139058035546,-0.0027402317039402543
2025-07-03 00:00:00+00:00,0.004137131018701711,0.0025603311272607994,-0.002164069048652689,-0.0004425957056777373,0.006719703017965071,0.0013896389024053769,0.005204542728168301,0.011328016871436867,0.00019866684363841874,0.0035158507111592587,0.0065146532934997935,0.0010211222007075645,0.0033165868837175586,-0.00016100607623301903,0.0005262948086561874
2025-07-07 00:00:00+00:00,-0.014329006210399757,-0.0056024832258018045,-0.007445304821914855,-0.008656175256650597,-0.009759233404883558,-0.008463235951281203,-0.007346962043334324,-0.010972567245551013,-0.006487837388244709,-0.007712588270528846,-0.006461337348655507,-0.005092726936224361,0.006047588294319091,0.0005010356826050059,0.0015610625967566254
2025-07-08 00:00:00+00:00,0.004902754176254495,0.0017452499299251273,-0.0017183027045104046,0.019562998069855814,-0.0006611726070419612,0.0038877974192712936,0.0039910005553932095,0.0030774902424030998,0.01162840230337934,0.0015092688750707227,0.0032178059907797337,0.0067671053627600675,-0.009858071390885893,0.0011787653786883264,-0.0019790229054863
2025-07-09 00:00:00+00:00,-0.0007904612339990402,0.006361649417897632,-0.0017209700140341378,-0.005899989934292781,0.002325115299964273,0.0032820896469141977,0.006396648220305109,-0.002086612241926658,0.004848633409630834,0.0015813265735522817,0.008835443953607202,0.0014109778221069852,0.001324951233781658,-8.067124493524487e-07,0.0020036035413187013
2025-07-10 00:00:00+00:00,0.001943815280275536,0.008253276905460932,0.0144570924388138,0.001341698824489168,0.007985413390784856,0.00905151746935162,0.009122505300022931,-0.008086058894361703,0.0028988963255679365,0.008527141634696965,0.01571949221454157,0.008549023793163623,-0.005011528598783973,2.196336221119838e-05,-0.0012716303931545915
2025-07-11 00:00:00+00:00,-0.01098524634747286,-0.009773024438989414,-0.0037361344722461917,0.005498543435773692,-0.010078426738639274,-0.013457486680269113,-0.0055518030736602135,-0.011139629869113774,-0.007588113903935009,-0.0009414859596615901,-0.002358112809054761,-0.0008176473335104162,0.0016698677586135281,0.001492724728535363,-0.0005426001897461895
2025-07-14 00:00:00+00:00,0.014036045850838506,0.0012886301506301657,-0.0022915473073643025,-0.00474549821699674,0.007773054690629007,-0.003864118700960125,0.0015628638586490892,0.0012325789740557972,-0.004759465289987997,0.007201031438303818,0.0004015406759114125,-0.004023085759215504,0.005633319573579898,0.0001106269049259952,0.0035012235442439025
2025-07-15 00:00:00+00:00,-0.01725698749232811,-0.019826086590739544,-0.011872059208801798,-0.01902553637636487,-0.019438124312990156,-0.01672057577567726,-0.013082995376447833,-0.0026958621105871118,-0.017895242796375454,-0.01318435295805694,-0.007386699831246488,-0.0003467335462637442,0.0031875722314451474,0.0015403012260981064,0.0006210199762750092
2025-07-16 00:00:00+00:00,0.007887527854806758,0.0025238632254136048,0.0037978201007903022,-0.00872155552594524,0.009358401371435149,0.004386735083770598,0.004719781476708577,0.002559532960970558,0.0026416472787158833,0.00954896323523126,0.002222790546768574,-0.0009372203613524731,-0.00047442801782497895,-0.00011426572912174053,0.0001538643237645683
2025-07-17 00:00:00+00:00,0.00685980916953804,0.007614535218842237,0.017163420254094258,0.005673944003114489,0.011469527060264736,0.0006500309714886252,0.012975223864087341,0.009097919439082936,0.008096745191902817,0.003340874629895775,0.010721826662554376,0.007167559417687595,-0.0015009396205393675,-0.0015821100194855246,-0.001535069103200107
2025-07-18 00:00:00+00:00,-0.006727077681717666,0.0014245153324141762,0.001507457265223182,0.003638089394848306,0.0015517602607929841,-0.009240597684950388,-0.0038807476313729877,0.0043799594065618295,0.0018956989733471207,0.0028421520637683093,0.01679641059814117,1.0033541309154578e-05,0.003756207541157033,-0.0013252962614028739,0.0002946002291180224
2025-07-21 00:00:00+00:00,0.004528841192560535,0.002556501336679251,-0.004126122385016314,-0.019092681831362507,-0.004475651826223581,-0.00619988273785586,-0.004714003115888741,-0.0020356242765235764,0.004261677218884964,-0.0007880207737572282,0.00282605599697379,-0.0017742805756187118,-0.0012431616174841307,0.003272876350669399,-0.0002858175349570643
2025-07-22 00:00:00+00:00,0.012111498255047488,0.020948928567752045,0.013450294226044357,0.0053206166050482956,0.009782855928217838,0.016824410263687844,0.00821686716813117,-0.002596306754212646,0.013806084897401299,0.017329849486196994,0.01945189579782412,-0.0008824149192063232,-0.0091275595546478,-0.0020372162915598922,0.0013500791623841414
2025-07-23 00:00:00+00:00,0.013259646928563478,0.0020028750938872516,0.006555491379572606,0.010251632814625163,0.002410150400858557,0.021372557963791974,0.011187613188854122,0.009923076928746302,0.0011420532207759011,0.002468438237360257,-0.008446386941373982,0.005714348502790955,0.0002675174563856,-0.002697099777697967,-2.998549209803046e-05
2025-07-24 00:00:00+00:00,-0.0026485994030969254,-0.00594297230021107,-0.003827338508289306,0.009691007877642975,0.0011243532355494515,0.004539919476034646,0.0019876384927700235,-0.0035658515068468627,-0.00780052069607551,-0.005179690119540447,3.258793539567046e-05,-0.001978096630663443,0.0020755528300935334,-0.0008420382241540554,0.0004821158245587691
2025-07-25 00:00:00+00:00,-0.01133738623829871,0.005047639260423623,0.003972646335137099,-0.004833872738457746,0.006518168277274125,0.0041153657642056364,0.007626134113426379,0.0027733837384836305,0.010348880291222886,0.001554209234722287,0.0036286887506979237,0.0015399134872243953,0.0016569965628791742,-0.000422550682511087,0.0015919582649146188
2025-07-28 00:00:00+00:00,-0.00637614199382654,-0.0010284858415312785,-0.0031654506301003037,0.012772830451894071,-0.008517805280468279,-0.0060885234168456615,-0.005634375788885111,0.003586787142568171,-0.018108149392086388,-0.01264120504276989,-0.007308309472031288,0.00644836488795906,0.0019517524761590928,0.0008764806821357431,-0.0011004943787975478
2025-07-29 00:00:00+00:00,-0.011023477796266324,-0.005418202272548748,0.0025072094703164653,0.009291351686070964,-0.007989489133520728,0.0020123287535710964,-0.010682795800708304,0.0048006610582878115,-0.0023400670849885396,0.014450577521605792,0.00576806421112645,-0.002135419267245715,0.0038412420825528117,-0.002585562925808333,-0.003222136331045054
2025-07-30 00:00:00+00:00,-0.005852751363388624,-0.010065117679746143,-0.00469833221990387,-0.010692837481551405,-0.010769761879204,-0.011343667676776846,-0.015595957299992776,-0.004409188044246154,-0.01826504720152558,-0.020668696314143906,0.00213504936103193,-0.0012448267465766311,0.009322321438542194,0.0011698755743764847,0.006418066891894681
2025-07-31 00:00:00+00:00,0.0027709797260295904,-0.001926128891326108,-0.011489171665429631,0.00042597542375585233,-0.002304010994156782,-0.024260127059498815,0.007836906602265145,-0.008645796006910601,-0.012208021291838036,-0.015171971338328568,0.0031998783486247824,-0.0048211953406100145,0.001478316435742378,-0.003448142288655051,-0.00240347541309177
2025-08-01 00:00:00+00:00,-0.012443260090863129,-0.006309680041422255,-0.00368265514944194,-0.020134526220080818,-0.014777222461499293,-0.0002622252964093009,-0.014658939533348849,-0.014160931434378129,-0.010077276049967937,-0.006972232589362273,-0.0020251185680362008,-0.007359573591985228,0.002393945708380825,-0.0003581131787006586,0.0007617029647341005
2025-08-04 00:00:00+00:00,0.012941088468859824,0.019712033821243438,0.011726358638630528,0.0023794451784227883,0.015071167461707892,0.014570151458466733,0.008630324838051763,0.016786790657815492,0.008059951174383935,0.00989445259344516,0.022064239698785074,0.0016209630325847298,0.004068637521495118,-0.0003771763910585639,0.0006517448926737267
2025-08-05 00:00:00+00:00,-0.00547122146717541,-0.004457066486062081,-0.001698750059114464,-0.001105814358729086,-0.003303672371142423,-0.007287111883140145,0.0032618984109171363,-0.015731055163187742,0.002090774315831373,0.0005994282183814578,-0.012725682725361323,-0.0007154260708417848,-0.0034286609192911545,-0.0016795062989566774,-0.00019327347031653582
2025-08-06 00:00:00+00:00,-0.0038165269697791344,0.009524971390250313,0.005514153403990105,-0.00957432517516923,0.005944342439790534,-0.015933981717439857,0.0008082212245473,0.006144275975666632,-0.013371371444663542,-0.006697975218549669,-0.009360522635022139,-0.0036715159724520956,0.0006887181840267292,0.003239437508378641,-0.0001093814150304438
2025-08-07 00:00:00+00:00,-0.010439049168194433,-0.0018811784649415061,0.013198448900969599,-0.0029794115713407806,-0.009750527644167842,0.012043268602713163,-0.002088960888146512,-0.006682796484995385,0.011339248488695225,0.005780787876534445,0.008234805701889746,0.0011040206185757486,0.003164005304445416,0.0003944192491073602,-0.0007714362452087055
2025-08-08 00:00:00+00:00,-0.005974079028790514,-0.004156585050558931,2.3474828391182743e-05,0.0005122678517306674,0.00618924753355027,0.013686951305291071,-0.00012107620641924464,0.004090441294657442,0.0062475022701943385,-0.009447663160717237,-0.002465801156701776,0.001529764962112522,-6.640901376567167e-05,0.0017662141714934166,-0.0032272993810182884
2025-08-11 00:00:00+00:00,0.005357974477137309,-0.002708386092972462,-0.00518712570273972,-0.006046551008189279,-0.00050000293699843,0.00020239790804956772,-0.00328581943076028,-0.0066723266450180955,5.178937917239899e-05,-0.007053984736680233,-0.004025783036042691,-0.0010849810103180123,0.001503469008514979,-0.0007639998871445497,0.00016131823518186013
2025-08-12 00:00:00+00:00,0.019016043239015498,0.018256641130998036,0.013468380589950908,0.0010602892754880326,0.008583559092495464,0.01259843872985303,0.015196053242000376,0.014208890999374649,0.00939674804699248,0.005832256628145594,0.012766187447769825,0.011634712396439241,-0.0021895303425722443,-0.0011571039176541537,-0.0013988286742725453
2025-08-13 00:00:00+00:00,0.023270737409616722,0.02275076429417252,0.0015163469016637602,0.006372625256570404,0.011292226979179993,0.011866951456939823,0.012908174715801557,0.009334587864668082,0.017318763710891215,0.0066939703239865134,0.004077578653306648,0.001625853151651992,-0.010910076947950056,-0.0021711778425813275,-0.00017166029922341397
2025-08-14 00:00:00+00:00,-0.0035898475356158574,-0.007159184846996545,-0.015906622943950267,0.002114553547884241,0.003902867076571048,0.0008781128658471815,-0.007996459597876716,-0.00900517611669292,-0.0066320123915351165,-0.007738575647087951,-0.0071869036488480965,-0.003930770442349852,-0.0028931566904652787,0.002977196808582884,0.001595328687313009
2025-08-15 00:00:00+00:00,0.0008786211033501755,-0.0013296577036274718,-0.004211280362070413,-0.0016287793104970047,-0.0066724852336165,0.0008374158389444337,-0.004297284617017906,-0.002766665939197021,-0.004575604182275856,0.008098689524930475,-0.007390704561909522,-0.004228515500359979,-0.001689066719949952,0.0019124626655741867,0.004484944084674052
2025-08-18 00:00:00+00:00,-0.002077313477789694,0.0012118811879533618,-0.00017122180633250429,-0.006989909322697661,9.770776038799697e-05,-0.0035984596231950676,0.003040765438520514,0.004754646055830319,-0.006231732240925873,-0.004238383652369401,-0.0028839557781527494,0.0014915452824051081,0.00018940688938546063,0.0008811791250254394,0.0019866988279321
2025-08-19 00:00:00+00:00,0.003232880160367871,0.00938723036033326,-0.001179087731925728,-0.004204860946987914,-0.0016942807632443473,0.006098132206048317,0.006084973185904403,-0.0005989723767377154,0.004990393349899803,0.006199502836440665,0.00342729918568694,-0.003268952615605417,-0.006239627395362543,-0.0037976609340869792,-0.006388576152407201
2025-08-20 00:00:00+00:00,-0.0027949835277510915,-0.008831066435702292,-0.00021754404588518808,0.010459039547029491,0.005129464145681676,0.0064468288392621155,-0.005513481878572966,-0.0009338021003783552,0.0005815917692124301,-0.0006994687525111628,-0.003251927204346591,-0.005286172886770015,0.003509810230951241,0.000597190168979158,0.00015281049758201744
2025-08-21 00:00:00+00:00,0.0020242030769220217,-0.0019545017876882627,-0.005373185972535612,0.006336495333284823,-0.004368875124712455,-0.007848754427154296,-0.0040540406815234775,-0.0035689799196552134,0.0057573734315957935,-0.0031038959061864767,-0.010463312568576279,-0.00210978702531611,0.0010942646066540752,-0.00039213994130894996,-0.00024282064479025053
2025-08-22 00:00:00+00:00,0.01998558009263091,0.025489816175165082,0.018962464927437393,0.015233552012075992,0.019095871001344657,0.01477639417100021,0.020595283636566125,0.014311939653437612,0.016559345721538977,0.02207178403576498,0.020943624586971684,0.015634879295506825,-0.006254655636010397,-0.0022726065685098745,-9.375282055650545e-05
2025-08-25 00:00:00+00:00,-0.001466309298004996,-0.003413702915385027,-0.014159362145412404,0.006565001624124107,-0.006404891911256386,-0.012674032723306326,-0.011285254170024621,-0.003566682341744126,-0.006385875671820509,-0.004767829138753938,-0.012082526660868754,-0.00024740647635077283,0.0029290485838863647,-0.0017022880211302474,0.00048355870114120654
2025-08-26 00:00:00+00:00,-0.007009478489401155,0.0013221687327673003,-0.004168764363221983,0.0004997060572949236,0.002080580668315021,0.004434250424189283,0.005301637008112902,-0.0005632312406424723,0.003880645056721357,0.000582902907269888,0.002745892430630015,0.002235536519764213,0.005355850268618497,0.0012728170407522213,-0.0005678323099963252
2025-08-27 00:00:00+00:00,0.004851947560118223,0.004416888672160476,0.002113846819868596,0.00942579867938787,0.0005698789821800321,-0.003582718617917986,0.00212902254647295,0.001717534601573096,0.001983587452355846,0.003156502786772833,0.0013588069380725083,0.00015552987374633235,-0.0027010419426062126,-0.0015046699346520963,-0.0013632453810236617
2025-08-28 00:00:00+00:00,0.0030593456845211036,0.0007665456018165757,-0.008143011726140622,0.012660134895139053,-0.0008751250672581263,-0.002848970323636324,-0.003739282336841589,0.012711571300621343,0.0009376155583079354,0.0020178132037844488,-0.006130137101103699,0.0006442390338857448,0.005155100030897837,0.00017615556750516666,0.0023826697007152922
2025-08-29 00:00:00+00:00,0.0030030320965023453,-0.0018866559096429574,0.0007432101616140696,0.0005810619675662779,0.0017307181050942747,0.002906881741903697,-0.005984457992929195,-0.007149453186539832,-0.0006624401935726935,-0.00043171764072629545,-0.0031902400143845075,-0.002223284395110839,-0.005718152647579884,-0.0012000336638668188,-0.0013705985634591233
2025-09-02 00:00:00+00:00,0.001050427046529462,-0.003984932232042189,-0.011427791433062804,0.004051712195787762,-0.009290335730917839,-0.004913670634315495,-0.013142848042308747,-0.009701719214421473,-0.009887255060255139,-0.018221544473143756,-0.00947553254653478,-0.004584833411280136,0.0018919382915599525,0.0015168274570551941,0.0006693274606958059
2025-09-03 00:00:00+00:00,0.0008567962645480316,0.0034602665998777287,-0.00134324691270958,-0.020344852720857357,0.00048335978500373974,-0.00039403758998171845,-0.0025123267113199383,0.004060712709331995,-0.005013268824255814,0.0019048218816789812,-0.0024010915660238005,-0.0009671166815101057,0.0021371043397585736,-0.0006596565605144428,8.987529960954757e-05
2025-09-04 00:00:00+00:00,0.007964611730902068,0.006679877775374927,0.005908677106938297,0.009757397084678345,0.006125969023467342,0.009335011372241383,0.009995644313031108,0.013639121929503109,0.0005922357393309021,0.009323698222278432,-0.0025775354393131576,0.004633108378090976,0.005638202823606754,-0.0028165415524229833,-0.0029938052105093257
2025-09-05 00:00:00+00:00,0.01008812243274925,-0.004943949719413308,0.005005330124318297,-0.016604206022064333,-0.013389051824350446,0.0064091088528847396,-0.0008398579594586597,0.008196270516507006,0.005961971087880281,0.007502243859978429,0.0004985821623387332,0.0011973397088294144,-0.003048922129641957,-0.0026323169300132626,0.002183433196849784
2025-09-08 00:00:00+00:00,0.0011023472309214125,0.0006660105261422789,-0.00378369474286262,-0.0018323010106297615,0.0029776335040117745,0.0020880345014287517,0.0017637696461415405,0.005607192276162424,0.0010004030078039853,-0.0017350476962228448,-0.009546500940134218,0.0006878917397507337,0.004348374051938018,0.0006243022988363276,0.0011241905253023456
2025-09-09 00:00:00+00:00,-0.007957764281751774,-0.010356311096538354,-0.0015272001363023499,0.004726351942515952,0.0005311835936607682,-0.0011708881348169082,-0.010351513605278948,0.0006324679565185244,-0.0162350254154616,0.002670168267740402,0.005946146603130083,-0.0014003767263543786,0.0040804023796497495,0.0032641732840028373,0.003989736523910206
2025-09-10 00:00:00+00:00,-0.015744792855085326,-0.008097501547944655,-0.002874188600584422,0.025081105967251025,-0.0018783857903588868,-0.008883685424712214,0.005349617401349797,-0.004650967215492169,0.006400354036963527,0.0045476659191131755,0.014170830096739513,0.0001925590014919294,0.006739892552712118,-5.000090933910892e-05,0.0021866935104203197
2025-09-11 00:00:00+00:00,0.03232984486322219,0.017136385895770115,0.007466148434888479,-0.003082032632232139,0.015780875998230404,0.0175484272896305,0.013762667574943243,0.014611236666319149,0.017808526576004728,0.010824586472520525,0.006773536922768824,0.0018740346257393866,-0.0028422916359562957,-0.0037161044652082795,0.0005370047002397054
2025-09-12 00:00:00+00:00,0.00034100104576708273,-0.009259237674484916,-0.006550985074849712,-0.004038043867138163,-0.0036237818796684405,-0.01302839746311235,-0.009325074182453945,-0.011610967335153374,-0.006770885439805207,-0.00203312411005855,0.006290954947187086,-0.0010797703420969613,0.0016996056594799115,0.0024230961569117236,0.0005480524258141299
2025-09-15 00:00:00+00:00,0.005435840871820439,-0.004181357466410709,-0.008145739687922132,-0.00511923148496564,-0.006990245253963577,-0.005366649618906632,0.0005906214216278292,0.0018899147140258874,-0.005105078281267541,0.0023701793363834654,0.0031795446940334933,0.0031254741169718173,0.003558296106978706,0.0011792302970850483,0.0022729056841607493
2025-09-16 00:00:00+00:00,-0.00770436734259617,-0.0036812307498008557,0.009401610527313127,0.016892583006820956,-0.006171210427040493,0.0002770633055262997,-0.002521541848854427,-0.0014036041322479545,-0.0010880289518204972,-0.0026767759520452033,-0.013817959640096597,0.0022415390363469474,-0.0022489921133167336,0.0020486131265297623,-0.000295989268333403
2025-09-17 00:00:00+00:00,0.007580359320967716,0.0008923746200198387,0.001741457428088919,0.002205638124413975,0.009491794582281788,0.00020246388107121626,-0.0021827284067773263,0.006308711773522255,-0.0025040494232994037,-0.003016771173994261,0.0025357358583143518,-0.00023122085648491869,-0.000997870400211595,0.001744536665294314,-0.0008338367805325718
2025-09-18 00:00:00+00:00,-0.0024810705115191865,-0.003614353240648454,0.002866650872197953,0.0014537322231484232,0.0029096890856156483,0.009326872039173487,0.008333799545718548,0.015748460664842666,0.0018601912562428624,0.006734418625331787,0.00672286820552562,0.006448814538663631,0.0033967169170119322,-0.0012006141870550473,0.0011180983595415778
2025-09-19 00:00:00+00:00,0.0028292651086418976,-0.003623445002511834,-0.0024710809681481143,-0.011581329384896042,-0.0017649684016589895,-0.004608837733869617,-0.0038826740809518993,-0.00035756285380324183,-0.00026179127547848533,-0.001179388361585808,0.005271107268580594,-0.0012097051786067038,0.003002933748047999,0.001444418142465093,0.001034251811334954
2025-09-22 00:00:00+00:00,-0.0004601499412378161,-0.006933536044185685,-0.012734178280159247,0.001209033781234044,-0.0005558347351547087,5.827088939643277e-05,0.0017320593960898948,0.01071816065228866,-0.0008933978436188715,0.0034979816358495877,0.005012498553984253,-0.0018366723979720493,0.0009560970636076451,0.00025141015859021093,0.003739013619810649
2025-09-23 00:00:00+00:00,0.0017281234673506484,0.002322169101205321,0.0011027688192718236,0.026703313731120202,-0.0017514772937781346,-0.0010236067300944602,-0.0021496215865715483,-0.0020274268937515378,-0.0018740763838963961,0.003485113160692874,0.006152901912334594,-0.002362155064603118,0.00023294251234237564,-0.0008215514802078099,-0.0008301225315736319
2025-09-24 00:00:00+00:00,-0.009737656695305744,0.0037782576981917077,-0.0027677691076562006,0.013894872385097432,0.0010001477975237576,-0.007190144240998621,-0.003334122815892643,-0.006068274717902025,-0.005565497801213927,-0.009355887268033613,0.004485123267920703,-0.0061325745327508625,-0.004289157787022766,0.0015682294516879574,0.0028106421116745545
2025-09-25 00:00:00+00:00,-0.0008301789789810679,-0.00828821108480869,-0.015765403789204713,0.00766110048162129,-0.005201434503318778,-0.017302209112129565,-0.005804650402726514,-0.004191213218400074,-0.013222154882127789,-0.007093728011275165,-0.013953945636608324,-0.0033250958836181033,0.00118120614074909,0.0009661907085610003,-0.0011895938527401216
2025-09-26 00:00:00+00:00,0.009981212233250743,0.013642499357083372,0.006340322611160428,0.012318685323518505,0.008299966505899443,0.010345126939234183,0.008801780997784498,0.007214253853338156,0.013355797975433866,0.007369068673218702,0.015696521569332093,0.000157302520727145,-0.0004772611013087614,-0.002371676614655956,0.0011177963427671505
2025-09-29 00:00:00+00:00,0.00902380616106015,0.0027457128433633145,0.0034524183068467156,-0.012585530937695334,0.0060188202794159784,0.0022027172907753394,0.004037249935981904,0.0025395865295005965,0.0010330430349665036,0.00431594442229947,0.00720650243158093,0.0004794828073057384,0.001375942463601967,0.00037842299769341617,0.0031038958733219254
2025-09-30 00:00:00+00:00,0.0013218046144904314,-0.007318547822713973,0.0030532888326890977,-0.010692921123537497,-0.0079907495144555,0.01968116012214366,0.004696336622532133,0.0023191712283173096,0.004170456594312727,0.0006681985980445809,0.0006402278392410668,-0.0006205059983581548,0.0020973713357313613,-0.0012252664376015358,-0.0008956529683004943
2025-10-01 00:00:00+00:00,-0.02158975554836151,0.0006518745071473612,0.00601439173901159,0.009537662195288253,-0.004845834108960458,0.020701922721184426,0.0005324085796990769,0.00411992838179685,-0.008824839469418365,0.007100149636410767,0.01686529913821796,0.005274151753712006,-0.0015809233110770206,0.0013782469928650355,0.0063073698375027696
2025-10-02 00:00:00+00:00,-0.005717602238339997,0.0035943729131355084,0.0015839629142322832,-0.013600164521685016,0.004525493995673639,0.002617004769101768,0.0042157074603644115,0.0035744287588290544,0.00915690668912809,-0.003890383328755231,-0.0012317402927373214,0.0020407483931686884,-0.001923807686607114,0.0008896535601000326,0.0026029777291152276
2025-10-03 00:00:00+00:00,0.0028782094279176233,-0.0010883641864349348,0.0006980709710984636,0.0027004921567579452,0.00878648452485668,0.008636380752056446,0.003148384072392528,-0.0018269723311156874,0.0024144967315388333,0.002303946701508815,0.012374220547892462,-0.0007509336455578474,-0.003907994108863635,-0.0006491870268598837,0.0009487769684370986
2025-10-06 00:00:00+00:00,-0.012366917092330048,-0.004685360496620241,-0.007699527746636334,0.004766943942606073,-0.00033182143525624396,-0.005462948149897126,0.002795451653907515,0.008647463488685971,-0.0018122366911888078,-0.0076737245878287594,0.009487869022038124,0.0008989834537678235,-0.0007266043917680395,0.0029928591703646265,2.1738611179200444e-05
2025-10-07 00:00:00+00:00,-0.001314552434021394,-0.016451724545837917,0.0004033274212992058,0.002100369427307565,0.0023788064926266892,-0.0031559340023533384,-0.005464928952751358,-0.013595553772700697,-0.0013966110554094642,-0.002268283072434727,0.00030296960630815195,-0.005337514169964193,0.0014222321812260384,0.0017123613124273782,0.0012406348194148398
2025-10-08 00:00:00+00:00,-0.011448710073200457,-0.0037804257199763177,0.0024932654947211214,-0.003243041392609829,0.001879708141332617,0.0010876018690452094,0.009977402546513494,0.016215687128304755,0.007086897331790932,0.0013404730586625512,0.011218000358321928,0.0022745167102575896,0.0011166124960717977,0.0013638475560234552,0.006337420205693473
2025-10-09 00:00:00+00:00,-0.015589583340649164,-0.013305919113719991,0.001131792270697376,-0.01585492740353201,-0.003928041744434233,-0.005351907214838194,-0.013752666552213974,-0.010272135887691282,-0.008241123555231824,-0.0028522359288437106,-0.0037605875179646717,0.00018884515800710538,0.0013453124439834312,0.00265448482337919,0.0008374939983283583
2025-10-10 00:00:00+00:00,-0.02068716749621975,-0.021269582665899397,-0.0225278834825748,-0.038569555776469866,-0.03160306971862152,-0.024236029649451672,-0.025144334377705642,-0.033038999892189676,-0.02647262065290371,-0.024540155131112826,-0.02012839392721353,-0.013773903100179886,0.000197721005720756,0.0005118543658029495,-0.005568931503780447
2025-10-13 00:00:00+00:00,0.008520467710887073,0.013609474460879541,0.016803377005680263,0.015147053459139036,0.013468622646808637,0.010318347406391724,0.010153396765554884,0.02047188740624129,0.01820299493803287,0.017876367658111715,0.018759197806552223,0.01017664807566366,0.004018256755032962,-0.0009298084613450393,0.0036705436528632757
2025-10-14 00:00:00+00:00,0.015909971344954067,0.01888268139508772,0.01486416052140832,-0.00455135480109898,0.011617440763165017,0.00842636273595021,0.013238822673214454,-0.002885921382250614,0.008460578259607363,0.004114185989246852,0.006959457943012681,0.002612858967436473,-0.0017303228013021577,-0.002353782314774771,-0.004901940900117789
2025-10-15 00:00:00+00:00,0.000659211371405994,-0.003792272165258486,0.009477096414966366,0.005277732068604439,-0.007018507965208318,0.002496315135082528,-0.0005337707262580268,0.0032356022694163284,-0.004606176964066422,0.013628993825104263,0.01753486107186158,0.00396180876434733,0.0031423278934906737,0.00040294589783998556,0.0024191357574059272
2025-10-16 00:00:00+00:00,-0.012914639910115558,-0.011372243542429277,-0.005055484692818125,-0.017911901021736353,-0.03235451182161357,0.0010543461227624838,-0.00806429318683727,-0.0055793517936679835,-0.0110385930661106,-0.004697227296029299,-0.010108475508889518,-0.00020988543503610408,5.6452516755110295e-05,-0.0008010531525337698,-0.00048526587240954296
2025-10-17 00:00:00+00:00,0.009000827199829326,0.009466399898901435,0.013640198659288219,0.0067080001933789565,0.009655248772267498,0.00850727452378062,0.004216257674636567,0.006928343469071676,0.0006277644669369096,0.004602997630804267,-0.0016864706091771291,-0.000558105396156265,-0.0021878604624895877,0.0016478685562881807,-0.001108357667774994
2025-10-20 00:00:00+00:00,0.006820627382554067,0.006103069488138372,0.003932741150954222,0.011103357744375044,0.010444251104947597,0.014128669017012064,0.013173844067244513,0.009333471010675557,0.010251522918386527,0.00979723836324611,0.008630461909511066,0.004356271999440664,-0.0027502634561135434,0.0014044321159522736,-0.00024865552022398994
2025-10-21 00:00:00+00:00,0.007109383881692048,0.017650903329987366,-0.006613776532752203,-0.0033250247890482445,0.002700061177218301,0.008402039521269573,0.007319445797514035,0.005903281913695598,-0.005123274905452815,-0.004909586626934791,-0.00819279962506258,0.003954700164374711,-0.004631979969706877,-0.0019215894420164803,-0.004146992686045545
2025-10-22 00:00:00+00:00,-0.0022301089442984924,-0.004851068684386362,-0.0010957886658387256,0.014437834842991912,-0.006698663413595927,-0.004199464947254193,-0.01545198613847679,-0.008515307916816229,-0.0045073031896222734,0.002706515867962864,-0.004410429778178383,-0.0028329369293301327,-0.0006473642559613742,-0.00014427317208412244,-0.0027313179854439092
2025-10-23 00:00:00+00:00,-0.006123852217021718,-0.002899861519105252,0.0051944318336776445,0.02133349761514542,0.003001488512137184,0.008304950183175718,0.011495554540626915,0.009886037825615045,0.022123811350887517,0.0069509018986483595,0.005406076015439416,0.005510506160690013,0.006851263567725953,-0.0014198925256017356,0.0059844637937393665
2025-10-24 00:00:00+00:00,-0.0024109003265238875,-0.0021229649510371104,0.0047963418444638296,-0.014301713986237079,0.008501118608389894,0.004238377352097848,0.0007130164449916693,0.00040188012238760664,0.005368464549963649,0.00976098388932501,0.01293959987692881,0.0037851359315444026,0.0045216291375738986,0.0011711265656231895,0.0028984438744035696
2025-10-27 00:00:00+00:00,0.01395497520414559,0.004221985752416135,0.00832690220448121,0.0018573978629376632,0.0014240175846159304,0.004351148685631744,0.003665395503106831,0.00826302001982276,0.0011407627647117983,0.0019290122691904708,0.005858195018550423,0.0030307150278010807,0.0004086036898271136,0.003556386459042299,-0.0006772708136812892
2025-10-28 00:00:00+00:00,-0.009365694195339449,-0.010631636544393301,-0.011226936253176617,-0.012336751660220677,-0.008560232708550735,-0.008551937998395443,-0.0069756740127467735,-0.0027573829663827664,-0.0002652182327038743,-0.023701185381022782,-0.016317191423131244,-2.4914406481569445e-05,0.0011835536416225064,0.002271227006142063,-0.0011811014330400443
2025-10-29 00:00:00+00:00,-0.01151314779089957,-0.02846975904769335,-0.013259286006098745,0.005737213036523517,-0.017090233721903093,0.0023367368262895314,-0.0006499673690315767,-0.009065555099950618,-0.014845188194012577,-0.01996529924059195,0.000224998291305116,0.0028469737133543617,0.010640984727810734,0.001698044783110069,0.0005486584249973156
2025-10-30 00:00:00+00:00,0.0018223304744102774,-0.004840509292773471,-0.010728326685586305,-0.006151295222625707,-0.004614626540453146,-0.010865588061967907,-0.008412436850880688,0.003970242208779679,-0.016906612762332122,-0.010495711590693124,-0.014861012852171951,-0.003347109773377464,0.0025431147470036234,-0.0004957236790950744,-0.003158897669091816
2025-10-31 00:00:00+00:00,0.003003868650341773,-0.0015847738353864283,0.005464846630207815,0.00884646383031736,0.006153741435313301,0.004300646917519617,0.006540304770220847,0.0037470638983459563,0.0001532448830425208,0.006944595944237247,0.0012183959284213393,0.0018177206381775975,-0.0026535648768984173,-0.000279647461621553,-0.0014030390158975422
2025-11-03 00:00:00+00:00,-0.0159609973931432,-0.005693116279122194,-0.003931971618154046,0.005537925890201742,-0.002556515646154918,0.0037339560140352054,-0.005689640555683417,-0.003095420185744828,-0.0065543984456692675,-0.00027068900781452155,-0.0016571325215266146,-0.0004886276435252096,0.0049890162438439925,1.1486615156499312e-05,0.0004348499450521604
2025-11-04 00:00:00+00:00,-0.0036484193503047266,-0.004433475291311335,-0.01414520599343565,-0.017460858164908513,0.0037683841544582713,0.0023541983706045636,-0.0064099690535733885,-0.016460310782111715,-0.001739950671768676,-0.009220364562503826,-0.015172429337329986,-0.00970532261817475,-0.003020648742261843,-0.002052603378887071,-0.007018032830234458
2025-11-05 00:00:00+00:00,0.0048046808793707945,0.004466621675210509,0.014406187605735081,0.010090398941756177,0.007109107978631889,-1.5024307108778157e-05,0.008111783246676345,0.012462150099488506,-0.0019265386002966668,0.01015452244792638,0.011708067070120523,0.005032033831458236,0.0053023278961116535,-0.0014223567067953831,0.007781686744610465
2025-11-06 00:00:00+00:00,-0.008935571854686263,-0.007982360002191609,-0.010931800485328153,0.017361027471388072,-0.007988722059512322,-0.001303606650374518,-0.008428086697997467,-0.0015986058571830285,-0.0027363120769448323,-0.012546822765782315,-0.012053250687573753,-0.0031522000311322135,0.002321341948424141,-0.0026731611487766874,-0.004682316038982885
2025-11-07 00:00:00+00:00,0.0070468469736465235,0.014689454556035427,0.01599019204090324,0.011961426601502106,0.009906303463189756,0.0023215208736997064,0.0054141680894407756,0.0008133632473070621,0.0071271549947697155,0.014929382341654836,0.010504438955020538,-0.0009027738318172713,0.0009955063661337285,-0.0025753946074997727,0.0025034509778622425
2025-11-10 00:00:00+00:00,0.003130539962419311,0.004404830509399632,0.005553481229535863,0.012071784008774806,0.003808730306342923,0.004611537743227813,0.002851444199159927,0.00931205134658969,0.009921778310262544,0.003939098394248347,-0.0007091174473256497,0.0014168499691176275,0.007500689882096707,0.000505936398289774,0.0007624130312604555
2025-11-11 00:00:00+00:00,0.005337668740929646,0.005447035987610547,0.0052761080349108865,0.015457372997210743,0.006167123421772409,0.02027696547873788,0.001121808396178827,-0.0011183545403334453,0.009307114749603794,0.0058023237160614765,0.00074475799695001,-0.0040730037006805895,-0.006484287673749585,0.0007807106391336492,-0.0012082421099255045
2025-11-12 00:00:00+00:00,-0.0017419038993259975,0.004029721934808968,-0.0012890990480507371,-0.014482152950795276,0.0055147743226795715,0.008460920706978289,0.0011344729042611335,0.0033475806449124977,0.0036981704143336227,-0.009577038826185288,0.0010633063946694384,0.0009298333933958911,-0.00031880748175094767,-0.000723716305929871,-0.0015902082593613484
2025-11-13 00:00:00+00:00,-0.01076823752019835,-0.008178013274960382,-0.010642495573514791,-0.0038313452916893314,-0.011777650395909424,-0.008064658896660493,-0.011615119702846576,-0.01950662991923873,-0.001276449087855548,-0.021026087603015785,-0.013454011683456377,-0.005911228997023321,-0.008741962768027828,0.0016913786495056774,-0.0027569057247496453
2025-11-14 00:00:00+00:00,-0.007942639529730787,-0.005018518473681819,-0.0026756511430651463,0.017928233655670582,-0.004997493013298187,-0.008458581890799193,-0.0037773344276517255,-5.263163068248007e-05,-0.005991266557511278,0.004778392260665591,-0.0011052570422067148,-0.003269843148291059,0.003055776420065453,0.0008334401382055507,0.0028377263526841454
2025-11-17 00:00:00+00:00,-0.012167009801747092,-0.016927289642002852,-0.014397561284239777,-0.018825545353778533,-0.019317722907727677,-0.009123640897662122,-0.013455423408945935,-0.015687223268353673,-0.01352209111467864,-0.009937324680061954,-0.0019013328644313721,-0.008295141236132286,0.002614132229251024,0.0004473253890572137,0.0016499733169237103
2025-11-18 00:00:00+00:00,0.007006261529939845,-0.002373793195047888,0.005627859946333776,0.005229401324541885,-0.0011012474312305687,0.0038689783919414007,-0.002133135638052925,-0.009711736700002785,0.0008767214923520686,4.303951926243972e-05,-0.0028217308357215572,-0.0002225427028793153,-0.0012211934266483206,-0.0019053471576416714,-3.0303329029086228e-05
2025-11-19 00:00:00+00:00,-0.008123166701352397,-0.004540944531835033,0.0016948585117638384,-0.007985336725841048,0.004565973358210872,-0.0011401963018557715,0.0016219372162680403,0.005446199636087876,0.0039123915019983364,0.0029032994462741936,-0.00699980191159133,0.006242041323445421,0.009320524574111677,0.0017966536577705815,0.001918879933942632
2025-11-20 00:00:00+00:00,-0.00913129425610154,-0.004431586407946881,-0.014088693198730056,-0.024970039962130635,-0.010047126898129784,-0.009760698894675414,-0.01388159271432403,-0.0255177653797961,-0.016785270094357055,-0.021515941714013307,-0.01907536345618349,-0.006692567645659846,-0.011073596945300081,-0.002851717707721204,-0.010663258438519448
2025-11-21 00:00:00+00:00,0.026715210517901027,0.030900609699255507,0.021755133640143462,0.008049715507984253,0.011933318397408259,0.03231086879457696,0.020111599267607416,0.021753954157933734,0.017812995225900147,0.012269414284081192,0.014639033859160565,0.010138827820048341,-0.005955352407991876,-0.003693066561051929,-0.002119871411529136
2025-11-24 00:00:00+00:00,-0.001304836282742622,-0.007928030161775908,0.0075723654801044225,0.0028167544215140575,0.004658349333747999,0.010887805661755675,-0.00016228582797565995,0.00922482229307132,0.004176681590193264,0.011496275334168679,0.015986789922605094,0.006298014325729928,0.01019110409761332,0.0013098641807415372,0.004052414723997306
2025-11-25 00:00:00+00:00,0.007474488909751802,0.032304324769701756,0.012529110473921088,-0.005011314590356211,0.011790143792206515,0.022316294303681213,0.01714115413225309,0.00990421671550351,0.020065404060089723,0.007147349732683322,-0.0032086382991626397,0.0023556965341228813,-0.0024063380363174717,-0.001540470587693809,-0.0018356126965739534
2025-11-26 00:00:00+00:00,0.0037805377534059614,0.005157785261437112,0.018231316114665927,0.012739018920920876,0.008546965439901813,-0.0006786476450999971,0.00564882371784668,-0.0002581432882275275,0.01354963241878709,0.010574130079895754,0.018792389055410082,0.0029119826958004863,0.0017634787059210239,0.0015355855062275795,0.004387827455427921
2025-11-28 00:00:00+00:00,0.002956820444570785,0.000639460413523963,0.0074126264325925775,0.01630298174375401,0.006287341807184446,-0.002940893172032616,0.0033237167205370844,0.007564232232263985,0.004046334922750522,0.007386978976743021,0.009864892916210797,0.001067041005515164,0.000719852373904319,0.0017178410364527951,0.0030919941516613656
2025-12-01 00:00:00+00:00,0.004364486891098044,0.0015252552428685374,-0.0016050449180890136,0.008910517993371758,-0.007370059915364455,-0.013213009953413339,-0.008696444917798274,-0.0014003806654522672,-0.0024645297562054477,-0.012722108976021516,-0.020159810039835697,0.003452431387062716,-0.002211509795943905,-0.001012357234285808,-0.002208281604750043
2025-12-02 00:00:00+00:00,0.000936763145759218,-0.004697609100653867,-0.0036367204499225605,-0.010851126747770301,-0.0021909116082091144,-0.003978438026620576,0.0056916841297188206,0.0071232861859798205,-0.014139598822211346,0.0013263721191635637,-0.004888491594255212,0.004330182409901885,-0.0024029878000780148,0.0040206728697090716,-0.0006807011802833465
2025-12-03 00:00:00+00:00,0.0023183410870972216,0.006289310627161195,0.0033020936165455202,0.019716907138135984,0.010776570144290197,0.006520518905227251,0.011188558221671205,0.006414418199377095,0.006223314202899344,-0.001583002494854365,0.0038011565351759834,0.00724416268560203,-0.0044323000905729,0.002156775712602979,-0.0028247774727038107
2025-12-04 00:00:00+00:00,0.008204165749496386,-0.0061622620257846365,0.003430092945815931,0.008377556342415403,0.004577825797727375,0.0009304382684510315,0.0024800120798967183,0.0038102371268226025,-0.008178517484258217,-0.0037238880119172474,-0.002242264795307194,-0.0007007153899809623,0.004709219828325208,-0.002523079847854992,0.003250710053046872
2025-12-05 00:00:00+00:00,0.01210338225668802,0.007937273031473738,0.00603635937168292,0.0019144852669308683,0.00022700193453922677,-0.00231871266527791,-0.0014912536379554217,0.008244120665018709,0.001087322984182563,-0.0007043940145280846,-0.002208242911419158,0.002911887953638763,-0.0003532163914097559,-0.0010757020651935767,0.001452542827845675
2025-12-08 00:00:00+00:00,-0.006099111860167548,-0.009591765145773175,-0.0025533510107434987,-0.01434319313008807,-0.002827752654565093,-0.011827025707143642,-0.004791540688399986,0.0017810189703003848,-0.0106520243511011,-0.004527997550718516,-0.011530578067787926,0.0017631980654970797,0.00469546986526812,-0.001273862279708179,0.0009377628775773085
2025-12-09 00:00:00+00:00,0.0016939002334252625,-0.005698951177431304,0.001376336365360773,0.003448308518039235,0.005222603405828687,-0.007891320769603407,-0.008433419632423778,-0.003349415328709048,-0.007710228742694432,-0.001142824744500074,0.005713601425516826,0.001866714393925017,0.00016731953312588868,0.0002214633514386775,0.0015280576050393506
2025-12-10 00:00:00+00:00,0.011137184273896454,0.014388503098701808,0.017058874995175746,0.005100658286124238,0.010145030816103854,0.020235420429072625,0.019054953307529175,0.009270449325513207,0.02104549778245479,0.006482406719427528,0.0021396206350573436,0.010391443224019699,0.00017251359583609575,-0.0027773758456429154,-0.005004454794046668
2025-12-11 00:00:00+00:00,0.005395533589493096,0.018429878240131377,0.006987447455047072,-0.006564476114432265,0.01536414926732901,0.006193449044222984,0.01114099432321556,0.005916520138275887,0.01684377292804163,0.005860530842687468,0.005050266659990233,-0.0018857884444823687,-0.001297103403194093,-0.0020747669106603757,0.0023042769534466333
2025-12-12 00:00:00+00:00,-0.008069918352674912,0.0013716816466454486,-0.009242630599830165,-0.015051332861646371,-0.00201029380198594,-0.00524425529621358,-0.00843388764319509,-0.020772577506298896,-0.0016312016870273045,-0.009668992881768541,-0.009586304747545153,-0.008229127884140933,-0.007958476634490555,0.0012987409634908763,-0.002239248838658445
2025-12-15 00:00:00+00:00,0.0020462753510012226,0.00963789919705179,0.00042145084000318254,-0.010608642109944269,-0.001830259611772085,0.006781507227135209,0.0007954243504140705,-0.003370100463273084,-0.0024245882429569,-0.001185559734179413,0.0038457652097624723,-0.001963856230302384,0.0016639253419443696,-0.0010552136464297528,-0.0019831377466930948
2025-12-16 00:00:00+00:00,-0.0013135975288859879,-0.00913826376053705,-0.002260789030233991,-0.03212520620668329,-0.0020156860768611017,-0.014311979228460324,-0.006765123700883449,-0.007798912843099614,-0.005441802051236902,-0.0036967677118469,-0.0014646057184339238,0.0008098802321585858,-0.0008453024648944233,0.0030687481401674814,0.0025021674282044424
2025-12-17 00:00:00+00:00,0.00338444955156616,0.0014315457076078497,-0.0038033581842215683,0.02402667048437602,0.00010795447348760202,-0.0008688522930650014,-0.009387540392633176,-0.0019855316269567764,0.0045136166873301735,-0.0017107862500740116,-0.0077495289826314175,-0.004026574001966202,-0.004057889422524618,-0.0027785298943290362,-0.0029690080491942784
2025-12-18 00:00:00+00:00,0.0014588704941912473,0.0006631724724174468,-0.00021689248058235754,-0.01721127040969816,-0.0016090271787304634,-0.0009186419332971083,0.002846967344550874,0.0011114156974683907,0.0028057872112075026,0.0033848681016890015,0.008608436805923136,0.0019916929417138495,0.005084260664854764,0.0009042747412026282,0.0034383523620720464
2025-12-19 00:00:00+00:00,-0.00024085171329205995,0.0008086526747445942,0.00643898460086207,0.003436048462910254,0.007568151858443784,0.00927257484711493,0.007667219584901789,0.011492747767782434,0.0028808420376197825,0.003557978808299851,-0.00664533446246766,0.004088077483850828,0.006431812292221994,0.0005681804509201937,0.003057175488883492
2025-12-22 00:00:00+00:00,0.0057380894690432374,0.0030565821445577295,-0.001284553452139832,0.00861499299750889,0.010517887150454453,0.006565851560232897,0.010925898047919772,0.005260513611290875,0.010511437961215047,0.007206087003989834,0.0050589014492053936,0.0012746340927968724,0.00042100328215673004,-0.0010618692841714928,0.0002932050450870831
2025-12-23 00:00:00+00:00,0.002652216349731219,-0.007670941789693873,-0.009157646557839507,0.005073798764930273,-0.0015806497251633863,-0.004140527985055424,-0.002333975481055179,-0.001278667342004223,0.0036182880084492065,-0.002930748356323956,-0.00032425722848888373,-0.0020310263556115684,0.002845437787879709,0.0009849041322623807,-0.0010633616675796223
2025-12-24 00:00:00+00:00,0.00673908051483149,0.004059968370077888,0.006526676716091881,-0.00484715968641195,0.0034599501950605192,0.0039932675190926985,0.0026742355974720008,0.0008102562148129108,-0.0004239584118051436,0.008664925996462278,0.004334161145657877,0.0005204052435909487,-0.00011692063420978393,3.946039652048946e-05,-2.6648879305510124e-05
2025-12-26 00:00:00+00:00,-0.0006866850983604149,5.781483920985384e-05,0.0002932887085746783,-0.005189019760032031,-0.0014914312437118318,0.001642192554210145,-0.0007063950608014659,0.0031260999590031332,0.00722880730447999,0.00035805145514595436,-0.0012944686037232823,-0.0007867798139887802,-0.000758149069013412,0.00010415199547928684,-0.0006596104475291423
2025-12-29 00:00:00+00:00,-0.00028755058713577237,-0.003692605489117146,-0.0035759001345770734,0.009890299095193816,-0.0032540414134631735,-0.002227450875539311,-0.0018728921045916324,-0.002448296479682161,-0.005153170232290838,0.002273446326596275,0.0010507182753696535,-0.0026340979575432,-0.002163968055562095,-0.00013920991844077477,-4.5239566232516256e-05
2025-12-30 00:00:00+00:00,0.001041666815724361,-0.003170902664018817,-0.0024800347555133206,0.00793078795817333,-0.004792719657419128,-0.0015380862235831526,-0.003685194184084787,-0.0030257993785316583,-0.002915586916454034,0.0005635169624051552,0.002025702035481992,-0.00029595177604593045,-0.0017536992309888282,0.00037472155354224346,-0.00019633722817578598
2025-12-31 00:00:00+00:00,-0.007832922655118299,-0.007381816267710158,-0.00813367829465265,-0.007897404324858828,-0.008792201043966717,-0.007713271096332973,-0.009334203832110423,-0.012148039225832012,-0.006297043584305802,-0.011181188475150972,-0.006704879581063659,-0.0014276316909345266,-0.0008065328341698632,0.0007352642572488067,-9.142957457276835e-08
2026-01-02 00:00:00+00:00,-0.004562111188224704,0.001845085942753899,0.01618958100596147,0.022176080029886993,0.0007651524889691424,0.008470703476521508,0.012302381190160224,0.001149821295915912,0.019657379530405576,0.006432569866903792,0.021292781839320048,0.01082951987622519,0.006297576908433974,-0.0015396891399098948,0.0005178876182486908
2026-01-05 00:00:00+00:00,0.00525023849474388,0.005514072151555667,-0.00018159947425870496,0.019619113320370273,0.023320068741364487,0.013103790397322283,0.013293136846729408,-0.002870024216432222,0.005040510085590509,0.00442224442252653,-0.0031396152728284943,0.006084441783239756,-0.002880084945125803,0.0018565864603756763,0.0005278527900649979
2026-01-06 00:00:00+00:00,-0.0030144453119101927,0.010805507000607653,0.011449567118727834,-0.019960925259403777,0.00402833144932412,0.026181437390782058,0.011281762902265605,0.021025393536074168,0.016066587396595968,0.016552630466130123,0.01225408638888099,0.007413573108116907,0.002898961266850694,-0.0002036917104592719,0.0011335881602354938
2026-01-07 00:00:00+00:00,-0.006531007577264667,-0.007089110543598912,-0.01599325747764,-0.009464009787422773,-0.010149252611389992,-0.002514443309967999,-0.01111718780691072,-0.009670124399539754,-0.014068831005672446,-0.01363812234121662,-0.02452320896598651,-0.00686375359405279,0.001266488058255665,0.0013430949395231116,0.0020126320486349818
2026-01-08 00:00:00+00:00,0.010503832319921896,0.02441769438054367,0.02071396198519123,0.033913457265093115,0.005599042208326649,-9.368172767141046e-05,0.009923337629051406,-0.0018797879617624127,0.019247860791545317,-0.001633103959441468,-0.0003733739479157836,0.003750565622572616,-0.009109556568230742,-0.002162134029845518,-0.008711153924900301
2026-01-09 00:00:00+00:00,0.001279984527353249,0.002898784647909883,0.014967169359970438,-0.005669809428583311,-0.0034339014722488473,-0.0017095196986953748,0.011263883150922237,0.00426257308938249,0.014439035073110004,0.005084963433070062,0.01694295464210074,0.004217949485132082,0.0030777564075901804,0.0004979908595569417,0.0030956391604238616
2026-01-12 00:00:00+00:00,-0.004818550798035191,0.0007568477705221016,0.010353086335041742,-0.007396544046278558,-0.004012731913128339,-0.003984367761081963,0.004212764645957564,-0.00024332462629747314,0.004375647171179062,0.0037936330387874544,-0.0028668748398150523,-0.0038905663846924426,0.004260372909524018,-0.0017304032862909338,0.004029043091815871
2026-01-13 00:00:00+00:00,-0.003190430527086287,0.0006036185512549642,0.014389555763457792,0.01705622128913108,-0.012576659291477717,-0.004787360870869336,0.0031768567833920895,-0.004578126258296251,0.007505317907629656,0.009667468898641975,0.012446017743027454,0.0005165772265742371,0.004817409579309176,-0.0014933361536720651,0.0041101107227183966
2026-01-14 00:00:00+00:00,-0.0002825930959922612,-0.010472017305465382,0.01390515291710278,0.019975762715983576,0.0020659467975062797,0.004612199762491082,0.000973809605033984,-0.0014396566321420072,0.006053076589084521,0.004822951181808717,0.005418008709899309,-0.0005714755884114271,-0.0042833333578874005,-0.0025414477206656075,-0.002756753462879273
2026-01-15 00:00:00+00:00,-0.002415487997128353,0.0048066395130410885,0.011545869655854083,-0.012979125801420969,0.002035812566646993,0.007030264445181742,0.00893145139274322,0.009438876024292185,0.0037425936002296193,0.010887702518597175,0.012414203038306176,0.00413243888414635,0.005016531054651889,-0.0019001269419907018,-0.001721265143683559
2026-01-16 00:00:00+00:00,-0.01720862761118213,-0.009288366961830077,-0.010473747525910055,-0.00014491442048938564,-0.0021393169368681135,-0.009084051210890485,0.005390260982917287,-0.0034391714863392132,-0.0057274850280936845,0.013932139900704353,-0.0017723231314662879,-0.00245553868731732,-0.0004362014998106679,0.0027626502281959623,-0.0007430849824324312
2026-01-20 00:00:00+00:00,-0.018881047741920492,-0.021084538285762813,0.0013910155868923722,0.0005604953958654626,-0.01873748380826161,-0.011792896619643702,-0.018610438858794626,-0.021835764430362576,-0.008068263292901999,-0.01467703852824365,-0.013232684648528763,-0.0065082552242885835,0.00455113463183787,-0.000660089660396438,0.004381503594552344
2026-01-21 00:00:00+00:00,0.01200475822921286,0.019902949467466118,0.006886102669455339,0.0333074589074855,0.011937932335785764,0.02252413915515145,0.019137417247921375,0.01774154512857016,0.02109745836456784,0.008515481983465037,0.011760183222718169,0.007308588392447736,-0.0007994249603691305,-0.0002059175340765572,0.002231700026853787
2026-01-22 00:00:00+00:00,0.006351405005280977,0.0022676281117757157,-0.00723316966700005,0.000460506960048906,0.005413411922445096,-0.0018569665147675986,0.0002403253557820593,0.0036694526532359,0.00397944613142576,-0.009435592367248145,-0.009183424634953774,-0.0025515320346172973,-0.004331804170982288,0.00031454810914880913,0.000696005391980097
2026-01-23 00:00:00+00:00,0.0028815850445627106,-0.0022662178827370346,-0.00047660997994675505,0.007408568004642526,-0.010048478617964119,-0.011655278060152699,-0.006730507797346369,-0.005957883811343594,0.015298097537910973,0.0012917301872935908,-0.010261433789839009,-0.0056757581696770575,0.00026754198068780835,0.001462111838792759,0.0010222258824946586
2026-01-26 00:00:00+00:00,0.0013420831069396622,1.3009206903821357e-05,-0.0030663320524361667,-0.0015265652786332687,0.001318854515063366,-0.0006559135038005835,0.0010434904542685202,0.01435958583975418,-0.0016238631043658544,-0.004024496412930441,0.006127725653972411,-0.0024792053287020933,0.002742781933537712,0.0004073032582186912,-0.0030889334585954696
2026-01-27 00:00:00+00:00,-0.01270095561080874,-0.0038464851382667693,0.015095648011718543,0.009880646825675648,-0.011648688240682572,-0.005344764273312769,-0.003844450316716717,0.013407358322299572,0.00032600303327254537,0.007689958182176354,0.013260556370221279,0.003047284097800106,0.01208549091388407,-0.000815576175424452,-0.002392690649574239
2026-01-28 00:00:00+00:00,0.001299354198986613,-0.012026263430175165,-0.01125920774045056,0.009169588846609598,-0.0003883270520813988,-0.010600154859507,-0.004783074958410735,0.0023156763436966827,-0.000829622734818997,-0.009381318926853026,-0.002313178959767293,-0.0005376359501918018,0.0046191901362150085,0.000561366604081381,0.0013006462267486584
2026-01-29 00:00:00+00:00,0.008555553175142387,0.009151576006452054,0.0019203851259477554,0.008091472508892045,0.0008450772806979708,0.0002204942363989199,0.0033940282519930114,-0.02028140569883279,-0.0009174302300876631,0.008848073984345672,0.0007112317095761788,0.004526348254336506,0.00360562081285702,-0.0013416764822269424,-0.003822971712918917
2026-01-30 00:00:00+00:00,0.007956100533973,-0.004097462646394805,0.005614597675238729,-0.0002490724350337446,-0.002693813930813491,0.002155888551417943,-0.004500439483409503,-0.004297467373848864,-0.007524472832203382,-0.009657380957742455,-0.01280532062606118,-0.00471796104420302,-0.005290904093494525,-0.0005229216833127245,-0.0073779384028299895
2026-02-02 00:00:00+00:00,-0.002631084146564711,0.013631211015475592,0.01749700901996619,-0.01865896417985358,0.002874727603633701,0.009185348857076283,0.011206909293831752,0.019286801890965995,0.009410905280373368,-0.0052037336590643165,-0.00791090026486944,0.0057414005631428984,0.008965432428603277,-0.0008767496670938867,-0.002978278315997878
2026-02-03 00:00:00+00:00,-0.01838699083680603,-0.006590863267846626,0.01616925391903191,0.02953673507339947,-0.02243278053600138,-0.008991803846302635,0.0036605717562379373,-0.02363149815730756,0.02315459577177536,-0.006224733734792499,0.009405913632254322,-0.0010445217454926913,0.00909664435200537,-0.004375955909603432,-0.0034602667189962575
2026-02-04 00:00:00+00:00,-0.0013844395916253487,0.01291399047773184,0.017623528260583256,0.01959638874374631,0.007126519188784633,0.010003698260164966,0.010339727356216435,0.004896485973688018,0.02533828769924085,-0.0019292616079447488,-0.0055304718189751086,0.00923331013076699,-0.015426981637355204,-0.003374658001603189,-0.010016315083120567
2026-02-05 00:00:00+00:00,-0.012330250780867266,-0.009408997781412395,-0.017949463557501787,-0.018777144044663213,-0.017547921557872583,-0.002809734677136668,-0.009058328402057968,-0.0032247678728899937,-0.022755715338150077,-0.015179522291334072,-0.017371815218734595,-0.011523073930370793,0.002613007184721532,-0.00631169542010781,-0.009700814746118912
2026-02-06 00:00:00+00:00,0.003831440855284339,0.0143275144029141,0.030543252799220703,0.03246533268355857,0.018583226340864456,0.015374636925743125,0.023786489908747356,0.01982185019574264,0.021294496655305684,0.03278218107103862,0.027500979869895532,0.012049520661793968,0.008215714961932925,0.002611920443476608,0.012073273879159397
2026-02-09 00:00:00+00:00,0.013094645156887982,-0.006042226041913545,0.004552754486431419,0.007424730446366451,-0.007251497235218367,-0.006989081151713462,0.002636417414401084,0.0035591420079288958,0.009743770119590978,0.01289674001514641,0.010150220852270075,0.001978882791419403,0.0030617502755881615,-0.00010904508750895353,0.004970332262954361
2026-02-10 00:00:00+00:00,0.022677062741951793,0.010856888630649895,0.0002147276215199431,-0.003349710412787651,-0.007602458586312449,-0.004259664413174751,0.0040711348987238875,0.009079781718001188,0.012331719038546329,0.00744766120857593,0.012748584406951013,0.0035151391865169313,-0.0065082692700700155,-0.0035308554859523264,-0.004898813510472313
2026-02-11 00:00:00+00:00,-0.017974415461262036,-0.008626332571381196,0.016013706335712093,0.028335398449936433,-0.014813307866861612,0.006149251668784987,0.0019325244521234543,-0.010537385171137965,0.014815732612908653,0.003255511212365894,0.011484192792573735,0.0010299997146260274,0.004483507004883963,0.001775761466705595,0.0009366797762545569
2026-02-12 00:00:00+00:00,-0.03404709730682982,-0.01212116570402211,-0.004062737959944606,-0.01754024106006499,-0.017446549792034496,-0.020512240765016055,-0.017176694235855827,-0.009187079134968131,-0.010613462260610985,-0.012808474293527779,0.005565226573235429,-0.009638264001127494,0.0027206778208836322,0.0003350461877968079,0.0008904190323643663
2026-02-13 00:00:00+00:00,0.00799097075054994,0.004593738570131624,0.0038617833957767765,0.01707583362248463,0.00573832460725537,0.011941468995239877,0.011508174619329521,0.0069661374164261426,0.005731633151674312,0.01350067371199444,0.03177191957044872,0.0003568187371018824,-0.002307273490507659,-0.0011584405376585069,0.004332164902891506
2026-02-17 00:00:00+00:00,-0.002363538799949931,0.00017926146504696253,-0.013007557871055904,-0.009535495001561565,0.009336370027983824,0.00040533701479817367,0.0014368290924300137,-0.014655439832411535,-0.012300417927630442,0.011471510328203293,0.0014139047863056145,-0.0006183776063499579,0.0014916615263730042,-5.181611670244317e-05,0.0034167251077732363
2026-02-18 00:00:00+00:00,0.009296647051794518,0.01043718382424403,0.0075624199047227775,0.019030635273634414,0.011559728632685035,0.010676126674342572,0.003931130481992576,0.00841940126720632,0.002484584554456446,-0.003957019857639736,-0.011295668561443532,0.0031750898732904606,-0.00041314682130413855,-0.00013397716087740034,0.002385103939769737
2026-02-19 00:00:00+00:00,0.004963750659933965,-0.010489684357111442,-0.000592947258953759,0.016460833845339317,-0.007712537072508977,-0.0033297901856213148,0.0019227094263673137,-0.008302491963293936,-0.0058064209416529965,-0.0002436340387145349,0.011244069366411414,-0.0024144678781977294,0.0030418822987471296,-0.0012290570071003468,0.003968750965012428
2026-02-20 00:00:00+00:00,0.01060310370951497,0.007338017841935154,0.006388922423820326,0.003115094376616412,0.005510011109667653,0.001595567224950856,0.004197406008467853,0.004782793147399935,-0.007729814489125527,0.005801336552330021,0.005363034265508546,0.001576743731690935,0.003559338691233839,-0.0005894344040140607,-0.0012247436906623927
2026-02-23 00:00:00+00:00,-0.020956018129191154,-0.01913290216457142,-0.0007528532303638083,-0.00750548247838443,-0.029366146585608068,-0.001227702376864957,-0.01616347976079738,-0.013275026827341222,0.010455330215646822,-0.002103310674552202,-0.004940635411416583,-0.01051815122427487,0.005255558019078273,-0.0005623069664779622,-0.00011186791486603523
2026-02-24 00:00:00+00:00,0.012433189330605558,0.010810296251784549,0.016185527482638466,0.005839374418439163,0.00841563258641742,-0.0007673745102183014,0.012806794647576497,-0.0006065368928269439,0.003793549334863339,0.004778584065999514,0.01732314902046779,0.0046065313703408245,0.00014901029544387464,0.00022471340422598046,0.0030579959232088887
2026-02-25 00:00:00+00:00,-0.01357360979677394,-0.005082922256551862,-0.009693904142158843,-0.0056299000701212675,0.01742223013823962,0.002242388214491287,-0.007728131296464843,0.00843067164665761,-0.008740354255021343,0.0031440147547975306,0.009577908601868098,0.000707480618406987,0.0013004953122748761,0.004836743605973627,0.0029788036196698826
2026-02-26 00:00:00+00:00,0.0277053235720687,0.01082418602040081,-0.00023286308301889193,0.009423844747100353,0.01276969690083146,0.0003953880019002073,0.009472513152114035,-0.001447602434327713,-0.0025113588501629452,0.0009648136757962663,-0.0019457103052793617,0.0011892306424601284,-0.007234948218452666,-0.004494569389558603,0.003216536607793129
2026-02-27 00:00:00+00:00,-0.0007759693569922697,-6.945383346460953e-05,0.001001546008027548,0.01880722839072879,-0.016136605610030313,0.0038476544200740964,0.006152964454351459,0.006952476524862486,0.010445919174495463,-0.004806211988766391,0.0030144518694590924,-0.012764462765678275,-0.003722691013551954,0.0010520902778136604,0.006167625241894789
2026-03-02 00:00:00+00:00,-0.0017567250332715162,-0.017280124196267004,-0.017724531264663557,0.02326035518171596,0.0085410608863511,-0.010378688722287971,0.00704852955443339,0.005380466222022554,-0.0006733634984843535,0.003627396422543199,-0.014381197919602278,-0.0055026874574646625,0.0018760551987716324,0.0007887402344250692,0.002821643231801981
2026-03-03 00:00:00+00:00,-0.0018819756819894412,-0.007062421224085978,-0.021982793745605314,-0.01010740663624968,-0.005847271269119837,-0.014674378535167556,-0.011810826574602917,-0.008025199500623782,-0.019324026074652584,-0.013274179753296526,-0.012122339378969338,-0.0033396099865405223,-0.010264821879954714,0.0019483532839956862,-0.002410796306530699
2026-03-04 00:00:00+00:00,0.00992281410322814,0.0009750162973736817,-0.0012914700506424705,0.001939978720997345,0.008308296849781838,0.007570240908550259,0.0005580191247597538,0.004578026424223388,0.002837507253555397,0.016930674762936866,0.0189093032618952,0.005445118983458513,-0.00014423378248005304,0.005362673093405988,0.0044666101687347035
2026-03-05 00:00:00+00:00,-0.0020808835025116668,-0.00044458324373064604,-0.01721764321462264,0.005495183746508257,-0.004553363657845231,-0.02239529177590646,-0.014334974093725483,-0.005633287218484712,-0.013890593974344508,-0.009335980502314897,-0.009893245764609293,-0.00014816885720040198,-0.010505372924565437,0.003908576206616204,0.0013527726271279424
2026-03-06 00:00:00+00:00,-0.008919491330381323,-0.014319961125285274,-0.011857488692117408,0.005319751575266234,-0.015919504365009097,-0.020738799528744516,-0.01176988620279307,-0.013927093364793582,-0.01565008946863711,-0.020601148757419693,-0.010404341380436938,-0.013006734816993343,-0.006436576119863813,0.0002962008533628317,0.003387593457351806
2026-03-09 00:00:00+00:00,-0.002831741607641895,-0.004724265134112616,0.0038990698238732567,-0.014261990039372755,-0.005767036333844644,0.01115450810557368,-0.0014545456328055974,0.00609702441149259,-0.004271380143155517,0.009808001484834399,0.008006255415199311,0.005218325890607161,0.01038809692804361,0.001575709475376814,0.0016512243541802198
2026-03-10 00:00:00+00:00,-0.00980600062462901,-0.005315327783509332,0.003873176415148906,-0.007663790505862231,-0.006455840161445903,-0.013180483832958787,-0.011582230343824482,-0.002456994263923878,-0.0033436912842164748,0.0042010738973971805,-0.0007017497021753247,0.0034556322280572494,0.009935975861832522,0.003208805682107263,-0.0019538336288287134
2026-03-11 00:00:00+00:00,-0.012322916717671328,-0.014630052056962741,-0.019049765518851642,0.023346817742203187,-0.016548380701781374,-0.004982863040708403,-0.012352912944882718,-0.008635053170057675,0.0012539938585422385,-0.017736888165094094,-0.013307404451531071,-0.0013183864959792051,0.0013697586950091557,-0.0006955460828814968,-0.0016220021441502933
2026-03-12 00:00:00+00:00,-0.011329397897315614,-0.014513656666690952,-0.01849217297440725,0.005648132365506315,-0.009133929856870875,-0.02023351712895893,-0.016435239629706083,-0.005426299062456271,0.006555597392547316,-0.006987113924627744,0.0013975749625400227,-0.011161266856746274,0.002134691024167224,-0.0009910558509367458,0.0025600822661422887
2026-03-13 00:00:00+00:00,-0.0026538361176938036,-0.003238792163117664,0.0026898285801927433,-0.003272416967223698,0.0012829143299181488,-0.003972314563842072,-0.0027814572867618775,0.001803212578800452,-0.012970416847148027,-0.004524659565566664,0.010014439328148125,0.0008230291866357504,-0.0016210148000235275,-0.00063595322987123,0.00010903572217784547
2026-03-16 00:00:00+00:00,0.003548359393264819,0.00715697235086492,0.008749109192057816,0.002761374137395199,0.007185249274461734,0.009460350111565125,0.006241557389707762,0.010239169627029879,0.00023682465654066781,0.013343794207423572,0.011407214070972262,0.005378994922909317,0.002184786876640057,0.002758605137104367,-0.001037198694349836
2026-03-17 00:00:00+00:00,0.000592418516342242,0.006357175590343359,0.004514099713277686,0.014615874367355832,0.007898384639745213,0.006696951782426764,0.004166084458843552,0.0035738844225539673,0.0020638795138755417,0.007064826035705913,0.00375696050111612,0.005141811703419565,0.0005709075107619816,-0.00020354416323752587,0.0017597458543672033
2026-03-18 00:00:00+00:00,-0.019148483358860963,-0.021124722597108448,-0.021290980788155077,0.0030911773644515966,-0.013598982024383968,-0.015120818153384733,-0.013391510936769813,-0.014215957682708573,-0.022957324837323646,-0.013589266334680859,-0.004711264039210192,0.0005614348577070421,0.002025749440961167,-0.00010431427538349844,0.0012180955513100503
2026-03-19 00:00:00+00:00,-0.0016087986047847854,0.0018144765572596744,-0.004701170740402598,0.020224897734883514,0.0025373738312822946,-0.001961115798982595,-0.0008367071899474602,0.01344670492262807,-0.016402155487853072,0.0023057375741796313,-0.006415805744198628,0.0024415893461936103,0.00485799848409104,-0.0005413705371520557,0.0012143305352596528
2026-03-20 00:00:00+00:00,0.003931220241563348,-0.01122945945016681,-0.011511093352171459,-0.003747247358167225,0.002309665326760598,-0.003993211337224718,-0.008521227389156841,-0.010182950691565218,-0.01064367745174198,-0.03209091528730903,-0.03976693993634639,-0.0006541397212254923,-0.005625096750005568,0.00013326155331589134,-0.0081432660601942
2026-03-23 00:00:00+00:00,0.008119912379476677,0.01403328164928388,0.007236474711043776,0.00845218468412475,0.0022513846691694433,0.0013323130851167074,0.0018852884445486585,0.006137443618046488,0.013673015094452439,0.0025926562094495936,0.00860053490448124,0.00740417620583588,0.0016891906465542096,-0.0017105171595882297,-0.0024073926396474604
2026-03-24 00:00:00+00:00,0.0031721785482781728,0.0012615165204679212,0.0024976253939073406,0.013526226574506143,0.004511833175648294,0.008660576301517247,0.0018792172309850606,0.012980458413273256,0.023193492118772013,-0.003148235033151291,0.0061977056339839,0.0060201340204247816,0.0128287198972312,-0.003918010104436185,-0.005145462278981421
2026-03-25 00:00:00+00:00,-0.0037592299309624857,-0.0035593467396533842,0.0010205700327294738,0.005627569241880606,-0.007958247048617825,0.002205383755986571,-0.0018107981440045632,-0.00389623293698678,0.01709922772208806,-0.0071589614964526925,-0.00047243860148140336,-0.00012231955844629232,-0.0006734459412924522,-0.002057112246810797,-0.00037324944604738076
2026-03-26 00:00:00+00:00,-0.012760068744221616,-0.005402690641173569,-0.005004672842129113,0.017132077176302832,-0.004139248587336461,-0.0008862774685620187,-0.012198544803071447,-0.010434927427926701,-0.003027637613814948,-0.0062413793734313015,-0.002882726215663404,-0.004692685618288849,-0.00995625472256213,-0.0011250344936844072,-0.00392785126963517
2026-03-27 00:00:00+00:00,-0.014901454620287073,-0.027277747820405172,0.0007794095094100627,0.01109246541602495,-0.025754150909826343,-0.028669113358741154,-0.01939909405324519,-0.022488113564352336,-0.00786479052782792,-0.015565791013839755,-0.005668383084021394,-0.006030405259999449,0.004423602193440226,-0.00286109765161148,0.0009207544197211478
2026-03-30 00:00:00+00:00,0.007366803998328316,0.0019614514249030814,-0.010592320705964024,-0.01713708247592192,0.009388250204392136,-0.0015548162987193558,-0.004704587052024924,-0.013040116747427093,0.007358833456611254,-0.0027930967029309805,0.0015198974980296237,-0.005973167502681457,-0.012419614278038494,0.0019983446642014213,-0.0042913999694744204
2026-03-31 00:00:00+00:00,0.02375021615353646,0.022575729349339255,0.017116328514351374,-0.016415740278962376,0.024694858931403378,0.023305913943648657,0.02603169848541531,0.03677758302316951,0.01517042352330071,0.026930118972925982,0.0183697585862938,0.015235848393864255,0.008882919475881405,0.0028981958554817125,0.001407863602091471
2026-04-01 00:00:00+00:00,-0.0038705578071194353,0.0020580185270737002,-0.0025156237937725098,-0.03529907636834746,0.0008323358583176358,0.008791312724626113,0.007319019978679628,0.007350329709315383,0.006639176342565278,0.0035597910960189546,0.006953530839004744,0.0030899342056275895,0.009057271565843628,0.0007299075956302414,-0.0004590735231801142
2026-04-02 00:00:00+00:00,0.00021130684221662397,-0.0027131777457049676,-0.0012942736775974142,0.007169180342120135,0.007022069744165403,-0.004041182233060668,-0.0020655879625196,0.012608214613492496,-0.005286573303057042,0.019690305528048818,0.002092215691023222,-0.00825348027867607,0.0014697095619898674,-0.0008888950702135474,0.005215471378253549
2026-04-06 00:00:00+00:00,0.004468438481014066,0.010420522973310737,0.011441443680399793,0.004425762027506224,0.0055839758922159016,0.0061198157882329145,0.002704394371834325,0.0010726961736441131,-0.005437474590104041,0.0029419544470043893,-0.0015067417123479816,0.0001925586595860635,-0.0006812241403766929,0.0005749081069915925,0.001940940716668253
2026-04-07 00:00:00+00:00,0.021087710133899602,0.004370297434186908,0.0057092806953453114,-0.03546880964847243,0.018105970010379356,0.009224469337549862,0.01199960856521855,0.025020992258498045,0.0048619358750131856,0.02156476055469895,0.018534918640288632,0.009864431568687666,0.005824710549190643,0.0022216799061802765,-0.0013359124281629802
2026-04-08 00:00:00+00:00,0.0016186300659919131,0.010218697223738008,0.008819807433401801,0.017334502783442115,0.005691890036564042,0.013959217414746688,0.008971161202226834,0.0036628971317512965,0.025782364750365876,-0.0007326421220054393,0.0017764101452043628,0.009886273481813992,0.006541760933787913,-0.004062787434871663,-0.008347863549986397
2026-04-09 00:00:00+00:00,0.00788656176137496,0.0034702957542707465,0.015905876118290696,-0.018846328286221917,-0.0022990661061972196,-0.0013526476693809597,0.0025340092782244836,-0.00444049660708527,-0.0032208867554399485,0.0027766338294379985,0.011517212738941188,0.008688201000395817,0.0048444632774275334,0.0006542728710584207,-0.00917880908349649
2026-04-10 00:00:00+00:00,-0.006533476667759818,-0.010946951888904474,-0.0015663463088514732,0.004648200535764802,-0.013319762550009356,-0.008339894331610124,-0.008353681273051675,-0.014167592107672974,0.003438626213015996,0.0073103625218778005,-0.00014442362443891298,0.008198719554090243,0.003902860848471255,0.0012755987775782728,-0.0015047547080214788
2026-04-13 00:00:00+00:00,0.009701746965087701,0.007412482700431219,-0.004913879078281347,0.01096914377933787,0.02498542783049894,0.008966885222373126,0.011419388035604584,0.02296198234985386,0.0061202664852238525,0.008511432872364727,-0.0006257543429843245,0.0012551891187797112,-0.00690111587547086,0.0011773411603901054,0.00806084507813495
2026-04-14 00:00:00+00:00,0.010183401696764377,0.009518154006979487,0.008295614241918095,-0.01398266867407479,0.00645168705387508,0.008181436263431945,0.0025083879199233675,-0.01129762308232343,-0.0020408130902459937,0.017035190449643012,0.014014188092167897,0.008536446364551205,-0.0010782291325575712,0.0031498718731222666,3.047030664200638e-05
2026-04-15 00:00:00+00:00,0.0037058483653626298,0.006545055520951489,-0.0061198135276115465,0.006131725950229805,0.015063682224387104,-0.005556251912155404,-0.007626193034962919,0.0030924736844898477,-0.007726635046444197,0.006811255244569194,0.0019425830308512143,-0.004703259418753879,-0.008776258733834986,0.005151139783411386,0.009517171103699167
2026-04-16 00:00:00+00:00,0.008020483628298106,-0.005078926465633892,0.0039836457127085025,0.011149049948393108,-0.0013834107524341734,-0.005056185830178616,0.0018541537072018393,0.01953126557422834,0.007566872326143273,0.006779920365239459,0.004878101752458364,-0.003959144124336696,0.0013235559380738065,-0.0013826270329082724,0.00446126003170747
2026-04-17 00:00:00+00:00,0.012803182369768386,0.02591853607293801,0.02238807624762263,-0.015781254331351798,0.006929976619053162,0.01759973448748037,0.014567666995777348,0.009465978797775252,0.0029367997402129204,0.019701971317648313,0.0038826221257078444,0.014707438434182391,-0.0008923775573425746,-0.0014444828210406907,-0.007801672867211538
2026-04-20 00:00:00+00:00,0.0033065350920671597,0.0017226961606945329,0.001924911840278948,0.006422099144810253,0.004630143755631178,-0.002927183558825634,0.003956070353223593,0.010380019414847253,0.005061383035361906,0.004509331275437555,-0.0037244009991327033,0.002410497966653443,-0.0019564633020837706,-0.0014332435007133812,0.0010287578957610475
2026-04-21 00:00:00+00:00,-0.007214365859469731,-0.006910340027284241,-0.00872999801421997,0.01501229088178005,-0.0005789466792596908,-0.007662442606633755,-0.008207141754866983,0.011303809458127895,-0.005714621057999028,-0.017840180696400535,-0.019924734170440106,-0.001136581734375979,0.00108902950094311,-0.0019854984682158025,0.0010154107156533283
2026-04-22 00:00:00+00:00,0.00033826787620246036,-0.01765838154458795,0.002174302520265189,0.013901909151192798,-0.004011163935408741,0.0005336336976101766,-0.008085518851331753,-0.004046285164964126,-0.0006175894757087562,-0.005277134866538994,0.0016289668930533718,0.0036840038823763802,0.003654449920600332,0.0038827918366898997,-0.00202661475855225
2026-04-23 00:00:00+00:00,-0.00445124262002143,-0.007468693378527208,0.007868239446297633,-0.009340182273204059,-0.009256921587894894,-0.007463151517409649,0.010565941748776899,2.3205799026381618e-07,-0.0017910531818411104,0.009887101968993143,0.009163312259914244,-0.005991476433197675,0.009763121991163625,-0.0004534680013832471,-0.0009413647748230999
2026-04-24 00:00:00+00:00,-0.019435598008820484,-0.005527434865255239,0.005242846656934348,0.012451214528139172,-0.007252172553769851,-0.006737854355198815,-0.008526220983807857,0.006340641646638704,-0.0009254956055110666,-0.0015247297868627282,0.008846816172877041,0.008317178153156411,-0.0033928199844963434,0.0033279992669332666,-0.0026679998651814554
2026-04-27 00:00:00+00:00,0.0013655697949362976,-0.0079263772436807,-0.008784174237541957,0.0006329450510568792,0.005221894830916736,0.0030803867096199254,0.0017851113048918462,-0.00443735408205484,0.0012663264666232805,-0.004177171607409087,0.0012740266461802284,0.000989404601991193,0.001558107051494269,-0.0004999584016708554,-0.0015499317797654979
2026-04-28 00:00:00+00:00,-0.005139275270322261,-0.006195291119776364,-0.004516719337902728,0.010989054894381081,0.001556880091094729,-0.010747697356153925,-0.006066522363634733,0.002389838591347155,-0.005738021722207221,-0.00020629726268019084,-0.01013195356053634,-0.009093234305312763,-0.002967757423790111,1.6332426424597e-05,-0.0011606376571589557
2026-04-29 00:00:00+00:00,-0.007914528130853039,-0.004810511506502548,-0.01444059006111958,0.007266782918880974,-0.009080530226912478,-0.013924693854329642,-0.004252073099719945,0.00616903645887982,-0.015112098554828082,-0.010392611458787277,-0.015058220145616207,-0.00597412898772994,0.003374901697278166,0.002542285044298407,0.0046199544192807385
2026-04-30 00:00:00+00:00,0.019922336316403198,0.010773929320137352,0.023320176145741306,0.02062688486083537,0.013368077095230115,0.018721201949722915,0.018800594710718207,0.01395390914255654,0.017440734206773688,0.022575162356267595,0.023934008576061493,0.00589324090590149,0.002088860460266966,-0.0015620338442279297,-0.0034573238164870793
2026-05-01 00:00:00+00:00,-0.0002023189293036495,-0.007174160951021396,-0.0014815433314590704,-0.0174357549363786,-7.829059344007248e-05,-0.00548270985577939,-0.009390237965460124,0.00019681740524655155,-0.006721541002421508,0.007153140726918005,0.0017129469568421302,0.00031311406910793614,0.003296449406423,0.0029535322463958777,0.006528011520166642
2026-05-04 00:00:00+00:00,-0.007430033332759541,-0.02316726043199264,-0.00688786883433102,0.00948108567792832,5.57698464144921e-05,-0.0034557913260457314,-0.012158357254592488,-0.001661115238771064,-0.013549498059363925,0.0009084681609214746,-0.001257739634552381,-0.0034110036436266317,0.0015088788214042623,0.0003518708578822208,0.006186519448838537
2026-05-05 00:00:00+00:00,-0.0019157843602916893,0.0020617516364760235,0.01932223249143787,-0.0059239578938178805,0.0017133632926978203,0.011950451782117403,0.0031485761259144266,0.022585594338457762,0.015874263639168256,0.011798169037712362,0.005246187661737789,0.009326391718507559,0.0069406784071008205,-0.001374572821275699,0.0010389063441973885
2026-05-06 00:00:00+00:00,0.017219379469982737,0.01736706713215624,0.016619059977273296,-0.026187957077408962,-0.0022508880183153696,0.005106827328768144,0.01399574131320168,0.005377565851885484,0.01803763822463087,0.015508029768094372,-0.006251658851432356,0.012794230765498384,0.0014154796808775565,-0.0019466763463961666,-0.006645152540182455
2026-05-07 00:00:00+00:00,-0.010329220723144246,-0.009439329647781682,-0.007327586029882241,-0.0187796235799233,-0.004859181114182817,-0.002844446855238883,-0.005799135304458236,0.006315282084435996,-0.02044914803536035,-0.008454655735572423,-0.015433454159895273,-0.01068611906952997,-0.006976086726755305,0.0008539087221080387,0.005749322916114623
2026-05-08 00:00:00+00:00,-4.363281791007617e-05,-0.004672657598167301,0.007085933241158476,-0.004849822022567897,0.002674879113317843,-0.0028830483115728587,-0.005212882838113858,0.014539327573522437,0.00048541310006997224,0.0075957976433162645,0.0019252559118313273,0.005355674873374599,0.004430455387340933,0.001540158982512859,0.0061187419945900184
2026-05-11 00:00:00+00:00,-0.008288185815868633,-0.017426676722352985,-0.014121891845250777,0.01140363932156292,0.0023091984908000605,-0.011595715893469959,-0.002471401985675784,0.00100677374471297,0.004452667323048156,0.00981172573019836,0.004367730360399332,-0.006125239486594107,0.013408727038678576,0.001095920829348146,0.006431137148145339
2026-05-12 00:00:00+00:00,0.0016927145194752886,-0.003490414863510917,0.0030433967258246186,0.002862330034360064,0.001357387454851631,0.016806939968883675,-0.0016114313266808226,-0.013348080552789975,-0.0009469238329289657,-0.005223331194388258,-0.005560101096564089,-0.004744182010776211,-0.0021499235820904962,-0.0006194571273965741,-0.0030483000695399444
2026-05-13 00:00:00+00:00,-0.002379795963881688,-0.0076653829255418655,-0.0006548932939847412,-0.014305148138464922,-0.01175469367460682,-0.006072608059631365,-0.009102019084236393,0.02010468075650862,-0.006413210220712542,-0.0077035924991231556,-0.019126005218741096,-0.0007371547845530148,0.009772305707003572,0.0017361951634555475,-0.003943410206466184
2026-05-14 00:00:00+00:00,0.003545875572680385,0.0029122727529014335,0.001359092898882763,0.012989428885406006,0.00744716719339891,0.0023504911863641105,0.005274146672468495,0.0029262252801580063,-0.006957879214812578,-0.007581455812902271,0.00843942340664169,0.0033228069428517604,-0.002762991132324477,0.0004629509282633266,-0.0030796318363159833
2026-05-15 00:00:00+00:00,-0.015606164697610971,-0.008740117359856914,-0.017195536887366955,0.010286768145112856,-0.0031336297529013356,-0.015368837879547693,-0.009123349675781317,-0.005561198435565495,-0.02314148014070879,-0.017242797027601123,-0.030124859670977177,-0.010698663421004204,-0.006223318406539543,0.0013412210892180029,0.0011459218562482635
2026-05-18 00:00:00+00:00,0.011326840769898847,0.006224420463101074,0.004710604105432156,0.01704772504416181,0.012977208465960097,0.007186358918001888,0.006044631831471643,0.01459746694986577,-0.0007571115809474778,0.0087132948922881,-0.0007386060349115864,-0.007007925915016115,-0.011433242309069698,-0.0004254508343933881,-0.0004901415308326735
2026-05-19 00:00:00+00:00,-0.01092292279484972,-0.0040948629880844,-0.006344564529880834,0.0027802527605177278,-0.009278382474611565,0.004031261506674983,-0.012898631621055767,-0.002142948469852036,-0.021521908523216948,0.00048300648147354855,0.004313005006763531,-0.005890694390594569,0.0018706811497782735,0.0005847805436748647,-0.0006252136035018395
2026-05-20 00:00:00+00:00,0.0035585572445713644,0.017655536524932926,0.009838616553598124,-0.0028287872895734465,0.005143952163838738,0.007417130687829082,0.006815853498753477,0.006036915449855127,0.015434545386027745,0.014905527058450382,0.017906443793610918,0.015379535204998889,-0.0013067650203268596,-0.0009874341501040843,-0.002675061469332567
2026-05-21 00:00:00+00:00,0.013117727763082315,0.012898494954051614,0.0092813707558443,-0.006598167306032344,0.004050408264139815,0.004853016131771733,-0.0005573248688063488,0.014749609039942234,0.003907504314596365,0.005669475495701492,0.0157835625529591,0.003882399385065952,0.0023381570393443,-0.0003261431141497774,0.0029359380390769933
2026-05-22 00:00:00+00:00,-0.004114310632030334,0.003487935066669316,0.0021448574087073154,0.011141425758998588,-0.0017891119780936312,0.004179565511737217,0.006432603081248519,0.025617233465155986,0.001970644076531964,-0.002407282734892858,0.005796500517548644,0.0010864698436024835,-0.0016892378357503015,-0.00436973099941808,-0.0018508208696037818
2026-05-26 00:00:00+00:00,0.007433263348445463,-5.845779709687422e-06,0.0018170199749334877,-0.014205276413585008,0.0006419852110666647,-0.001819244901319336,0.00752628939205634,0.01343065553953525,0.010095116168888953,0.008865662365205494,0.011197172405747151,0.012681111528172445,0.008995623865893386,0.00013848055093569882,-0.0018775452480520928
2026-05-27 00:00:00+00:00,0.011785276379471696,0.014621919114686199,0.01584842482342131,-0.007289285253621607,-0.008343328135896952,-0.0025304927007140238,-1.554438501756507e-05,-0.010799096440332685,0.010096990006062576,0.0002584414991016657,-0.0002462324832508525,0.004881417899519434,-0.0058804496271188215,-0.0005387205292221395,0.0007751096583554678
2026-05-28 00:00:00+00:00,0.0016804208523002874,-0.0001955706415468438,0.012293818581066707,0.013836088066122444,-0.0018337366329861018,0.012199839172963254,-0.0018833809197656664,0.012782532906081508,0.003299263152677069,0.002948686066370535,0.004606177925299295,0.00927059111427662,-0.004577152683629394,0.0007326742541703496,0.00482615175151185
2026-05-29 00:00:00+00:00,-0.010901584795854067,-0.005423519085617504,-0.011690111866529258,0.002007434954886247,0.005785148854995055,-0.006838182774397072,-0.0015456171787119187,0.010989903867764909,-0.005530216772100534,-0.003349335140892141,0.0028241583130425504,0.0025980025466801793,-0.010011240338231512,0.004096844983532075,0.0032167556158074198
2026-06-01 00:00:00+00:00,0.008964707241904108,-0.0011913846401518055,-0.01531547239876329,0.015508063427561532,2.5869830995300437e-05,-0.010266678646283812,-0.004063499905823518,0.03388867623959041,-0.007877658433256418,-0.013091721509602834,-0.024529976928017453,-0.005505509942125371,-0.005197273589832678,-0.0035007184739429165,0.006865248272372907
2026-06-02 00:00:00+00:00,-0.009942581853554277,-0.0099670707441366,0.003183653057118917,0.008873833020763115,-0.0033493358030228016,-0.004621348384674373,0.0041620563961069544,0.016334073806927585,0.009717831780919747,0.005128715723735152,0.014720508956534031,0.006974947732232036,0.012532285570214973,-0.0011198844304355943,-0.007279849295553234
2026-06-03 00:00:00+00:00,-0.019667816668885483,0.0015776220344800957,-0.00032415513303936123,0.0018829275416148857,-0.018715619109260246,0.015633797839560933,0.0006624415568523529,-0.016711764560346683,-0.0022823714649109488,-0.0006950172977306704,-0.011236058136554396,-0.00304369600870333,0.008274932238884068,-0.0003122177465442388,-0.007094982109477812
2026-06-04 00:00:00+00:00,0.003155072761574317,-0.0026888770536081124,-0.003351713170017782,0.007157576046213128,0.023632237972132278,0.021490095799492164,0.006864815091398028,-0.00229217544781661,-0.0017857611739174831,0.019805990790602145,0.00663996130130845,0.0026390689806079864,-0.0039057657955785174,-0.0002992781957713627,0.002056320064553644
2026-06-05 00:00:00+00:00,-0.003164020615719092,-0.0005800077281363845,-0.0028152838051487585,-0.03645894200639031,-0.006414476801142127,-0.004382646978889818,-0.009013382400600855,-0.029872059223745757,-0.016946577408710313,-0.011404989075496101,-0.013449259986798159,-0.011092086022393144,-0.00537021220602012,-0.005224224705996126,-0.009249695623939048
2026-06-08 00:00:00+00:00,-0.0006453518060248165,-0.0006370033857850095,0.008702155774668785,0.015591101246563193,-0.0025119623280749023,0.0013634712007836109,-0.0019900508839774864,0.0060086872121925166,-0.014129929713053338,-0.0024636190237110325,-0.003343920466413047,0.009119546765478503,0.0041719544331266425,0.003297456934223963,0.0012529559486650587
2026-06-09 00:00:00+00:00,0.008059394394479797,0.015379410165111152,0.014384877562265351,-0.01326264039542941,0.0020034007157654107,0.02024304417467625,0.012564521615466505,-0.0037335002783671686,0.014466311490178461,0.009672417426125639,-0.0011151860884130677,0.0026157293127132076,-0.003995694131575612,-0.0039736231979761154,-0.009993094339625442
2026-06-10 00:00:00+00:00,-0.006202035969926352,-0.01226410872769497,0.0019739637583628088,0.0006274973373271155,0.0026066668181642548,-0.01665500645214485,-0.026083260413755492,-0.018330916805144093,-0.0201405525257435,-0.005950336707618364,-0.015343568848889605,-0.015040179865231942,0.003159531289279519,-0.0019467469749203156,-0.0012782357100717913
2026-06-11 00:00:00+00:00,0.010790105342830222,0.023397951999389082,0.02503105174876433,-0.0071848499430797776,0.010822997103258847,0.014155204537706148,0.021517492079960794,0.011787681354833433,0.030864777520646224,0.009242963934594367,0.024974712750794097,0.019326272886502852,0.012468654872895456,0.003311344656383816,0.0014772462653903362
2026-06-12 00:00:00+00:00,0.001753104266839546,0.006386270682857327,0.00964858826939501,0.008753663816243736,0.014132436773464518,0.004344747972445061,0.004273428355360965,0.0032141339777341685,0.019165415348201174,0.009949573196643396,0.010201774197755802,0.0015403256557886967,0.003097528726134089,-0.0007190872416668352,0.0009892970934584247
2026-06-15 00:00:00+00:00,-0.010571523295977507,0.0056549300936321704,0.006941952235396696,-0.01685700448691254,0.0022969812332686128,-5.561665289960144e-05,0.005097695977884353,0.0011759356693973547,0.004993558728148202,-0.0024328984405389232,0.01868725583269254,0.011591155023255688,0.003139955633770084,0.0057091825582479645,0.0007026114085884568
2026-06-16 00:00:00+00:00,-0.0059369582321289706,-0.0006345236960441387,-0.005167808724439179,-0.007929075054999494,0.007114058915387867,-0.000982296030562924,0.004193943228768747,-0.007662441260827123,0.002870583890108574,-0.005051058643244507,0.0014716222400758014,0.0007261394907680617,-0.005205473332499213,0.0001470304201270379,-0.005757907973958131
2026-06-17 00:00:00+00:00,-0.019308031568652722,-0.018883405719998525,-0.01920027352332279,-0.017508854331522293,-0.008152535441652332,-0.013801515001687498,-0.011883975032586092,-0.01631692648613469,-0.013056053998388504,-0.01999986184189222,-0.009842734617571418,0.003149459754044899,0.010129377688025059,0.0018057982612400356,-0.0009747888090126753
2026-06-18 00:00:00+00:00,-0.0013812871893988418,0.006300804088280785,0.00943106493010044,0.0020111846179286627,-0.007066033123079297,0.003035336227077231,0.0013293156885801436,-0.0017941777906372537,-0.0042059346938382565,0.003213795304756308,0.0155442390137659,0.013136504208727397,0.0018166251659408172,0.0007323333973140254,-0.002409239516068047
2026-06-22 00:00:00+00:00,-0.012534118693362524,-0.013509200271067445,-0.001165712320393003,0.013730695283565455,0.0026473314299355582,0.0007931662569502866,-0.000768971053862171,7.800312753410078e-05,-0.0027717791294137317,0.006557869646442207,0.0071498400287307974,0.004909239273235718,0.01018785715357381,-0.002714746078732346,-0.0014643404420394235
2026-06-23 00:00:00+00:00,0.006570641623665133,0.00193233068808904,0.0035766910409515337,-0.0035303143532786664,0.00016519675824542613,0.007740742322837763,-0.011013922579983916,-0.006497570345041217,-0.011919019002642896,0.005596077068091292,-0.004279975541406458,-0.012607955583343758,-0.008550826876147642,-0.0030148428310496312,-8.862631036270989e-05
2026-06-24 00:00:00+00:00,0.000668468257450335,0.01620986139996892,0.01184509226158734,-0.007086101458525202,-0.0037115636531286854,0.015584933457786046,0.012621468912643522,0.013237680669621674,0.0020461037472285495,-0.00017457556536631426,0.016279919667798102,0.006930150821964973,0.0011375771189620866,-0.005036632092715421,0.0018571714789440245
2026-06-25 00:00:00+00:00,0.000823382059543057,-0.00644799373660121,0.009580301860506865,0.018242315171029533,-0.007940966828013478,0.020376740939360836,0.014955919213418446,-0.0022044893875172184,0.013010942050539279,-0.0009869378225905137,0.004015554413886726,0.006741970403173302,0.0014201247682644961,-0.002507572891860368,-0.009788447912035836
2026-06-26 00:00:00+00:00,0.007400640169544214,0.00728966823700078,-0.001146694534056275,-0.0016633885636489305,0.010625033085910703,0.011724754956780032,-0.0033025574359978617,-0.0022568813848682745,-0.0028992607475671877,0.015165390132245937,0.006776716942593866,-0.010832945594826542,-0.01586705946243113,-0.0008893692391576504,0.007834195959361882
2026-06-29 00:00:00+00:00,0.01124252246563233,-0.0013532012981015674,0.0004498397670034803,-0.0033800711679956717,0.004098354705642806,0.0010626827864810935,0.002941744536443582,0.008399611965312836,-0.017626752092198234,-0.0014512831243622772,0.00041647570618790137,0.0028429396920212897,0.005383816063915215,0.002116439906969938,0.0028282435505287687
2026-06-30 00:00:00+00:00,-0.009889097679349685,-0.0028470515286752977,-0.014236307341580243,-0.006007059921764525,-0.0007713088005035771,-0.006699761854021997,0.008181915368225006,0.007620217143554839,0.00011608996728028326,-0.018673009692127866,-0.009847074701737223,-0.00048145908672662734,0.0062237245921331905,2.0604947908898098e-05,0.0030732163298724125
2026-07-01 00:00:00+00:00,0.01747891558970786,0.0020708524960482075,-0.0014572329540524752,-0.014622748260987221,0.023889328425140466,0.009017645842554704,-0.0008495135794082641,0.0012186880137589323,0.0026432326782380895,0.002900517402675578,-0.013381362173038187,-0.007064058194621782,-0.014438948904487037,0.0015556166373160234,0.0026461558388456686
2026-07-02 00:00:00+00:00,-0.0011296603919294683,0.007465120404628287,0.0014767162003533306,-0.0056695855238186234,0.015162767620471638,0.019284227669968408,0.0077255821314442105,-0.003840557952834998,0.02020322483121167,0.004492300745919992,0.007194587272046424,-0.010613798417680656,-0.01449510632577701,0.0016538344166444898,2.4262267212894057e-05
2026-07-06 00:00:00+00:00,0.0032271144331735718,-0.007836591035615948,-0.007538238093202924,0.004292700747795201,0.01104903364259193,-0.002180862303154432,0.005394005444649955,0.003143356675039376,9.592551551105992e-05,-0.0069516768303988005,-0.003779757730060054,0.003547404252143692,0.004758051043209501,0.0005112565628193526,-0.0003258914428681844
2026-07-07 00:00:00+00:00,-0.003715290193669336,0.003228312218874851,-0.004702184628017796,0.015010281912310531,-0.0012685203129968834,0.0022712724162777128,-0.008493629175224289,-0.0026331258862770683,-0.00502047695918713,0.0025739430298092458,-0.004881059325865749,-0.013754506630613606,-0.007911275016724287,-0.00027923275043155275,0.0013053006765185492
2026-07-08 00:00:00+00:00,-0.014380707923513071,-0.011635154645397675,-0.006137983884054466,0.008806265874259244,-0.01399721993369843,-0.013593805895055835,-0.00880218846291856,-0.005015178819033579,-0.02225574217105853,-0.012441826553195026,-0.0036641742560787555,-0.0069733806460045185,0.010890160127672717,0.001691104371987091,0.007420983661549995
2026-07-09 00:00:00+00:00,0.006757393960425482,0.006587771665412617,-0.00019503777821886642,-0.0022296966871417304,0.011922275423463179,0.006225014329147593,0.0011197505794881663,0.013441880483437614,-0.0004643723064784078,0.005022742753681796,0.0032585852664859484,0.010203886807572901,0.004401814010106356,-0.0001564951680753969,3.614822624143591e-06
2026-07-10 00:00:00+00:00,0.0012516034071223254,0.009479724519979462,0.011298791736652844,-0.0012830522178137154,0.0020455800212258266,-0.0020010566899500573,0.004885236449670365,0.0037678284440817323,0.011955068915186528,0.0015606045664051254,0.0014494918648344304,0.0004193516576875755,-0.001935903062384189,-8.661398239412019e-05,-0.004341923845345591
2026-07-13 00:00:00+00:00,-0.001265381434768373,-0.007316441114811535,-0.006475281111370161,0.019480794003393156,0.004537474966864322,0.0020113418664218473,-0.0006636400798535388,-0.006313558116688044,0.00022191024423513458,-0.0009526487455938058,-0.005333114335607853,-0.011354415666901669,-0.0074405446092016825,-0.0025444974779055916,0.0012243786676385147
2026-07-14 00:00:00+00:00,-0.004860675651672388,-0.0024723776450839285,-0.004518964912100142,0.005641189282815467,0.00026551069703928106,-0.01399385889496853,-0.002432917788426303,-0.004891584477295652,0.002514879464502716,0.002444988623869466,0.01023190481869142,0.007478101211336702,0.011099294238258556,0.002698465253990149,0.00098385575418654
2026-07-15 00:00:00+00:00,0.011346416849551098,-0.0013349770297113818,0.003054860258909292,0.0007580970974809178,0.00256620964821752,-0.00014119828955812527,-0.004368740413636889,-0.01180684940078778,-0.0027460618250218214,-0.000777323991005996,-0.011289910066329569,0.008349120138170942,-0.009665841526650653,0.003350506395070488,-0.008853779390888234
2026-07-16 00:00:00+00:00,-0.00048273182965577824,0.013074096943287903,0.011762274452188342,-0.0031381166292517673,0.0027527305762333476,0.012854881689472915,0.0126312662684079,0.015945927564259946,0.006349904841829189,0.0041860983714560275,-0.015356344163532702,-0.006600218013406692,-0.013620850685383134,-0.005612919471001296,-0.009822765051320301
2026-07-17 00:00:00+00:00,-0.011256545192448772,-0.006536453667867428,-0.011032264556863552,-0.00019668067860996945,-0.00325385524962709,-0.0048252044529266125,-0.006194299778802953,-0.004197346411725967,-0.002083636572166094,-0.002401481653624341,-0.011058657249521528,-0.009115407853069865,0.005500070985900197,-0.0032041352040912373,0.004905499258931795
2026-07-20 00:00:00+00:00,-0.00513287043051358,-0.004843813525235355,-0.001010534180018153,-0.003046403096919042,-0.0018606934371293254,-0.009520602539767508,-0.004714214687253864,-0.007664092780979849,-0.008355280588151898,0.0008029680424963916,-0.0011431594706698145,-0.004212523833883458,0.0007226240960572835,0.00190531015870141,0.0068879566954909
2026-07-21 00:00:00+00:00,-0.002562477462969781,-0.0005105161548511995,0.006362977463302912,0.021109267876034774,0.0019398399066702056,0.005765744829628263,-0.0032887120288438527,0.0018182394549654873,-0.0008142135928845915,0.00927357924571353,0.013879020216824113,0.007477817206087008,0.014277250410297862,0.0012586538787027037,0.006948978280061543
2026-07-22 00:00:00+00:00,-0.005532200844047867,-0.006227232301339282,0.0036365237123409154,0.01457223399937133,-0.007131195490784793,-0.00703666566040312,0.0030160819266437707,-0.003251066523832112,0.015731639794891072,-0.007417098868018315,0.016224681624760356,0.0010168689577440895,0.0034247266466671126,-0.0004523956467204868,-0.006086591595072193
2026-07-23 00:00:00+00:00,-0.02593712169344646,-0.01399755341078066,-0.021010851208445095,-0.011674754942524854,-0.004579533349791831,0.00827707953092502,0.009566755742340944,-0.0038843248641379727,-0.01138527508037211,-0.007668260944078294,-0.0028307359682503367,-0.005475482158052087,0.0033550718473329714,-0.002486764622142307,-0.000741671057531079
2026-07-24 00:00:00+00:00,0.005757035592544948,0.01426350228918363,0.0020898190219308995,-0.00027531690793815397,0.0075391979396294525,-0.0001416296363471603,0.006168351765973258,0.01901011487277763,0.017582241141670313,0.004327794163499059,-0.00865451690075024,-0.00011097970074818234,-0.013703247446674817,-0.004160132959283105,-0.008680810341716656
2026-07-27 00:00:00+00:00,0.013399011935935774,0.020430174545463968,0.01576382007188315,-0.01765339853227149,0.009473227388499393,0.006813762584604134,0.007285272561690758,0.014154649443769502,0.0034098671729561637,-0.00017824763524480628,-0.009366994678494629,0.004127718262874492,-0.01401474325888295,-0.0001483321910802464,-0.0013015705178991478
2026-07-28 00:00:00+00:00,0.019105695111537497,0.023470572957079768,0.013766863972286323,-0.00609339332541164,0.011630171586194461,0.027696364808504594,0.0034657798904003632,0.015344442320332803,0.01598121424084813,-0.0023012678034599206,-0.007971086346105369,0.0001278026731496391,-0.013759870141990784,-0.0036881314701096186,-0.005088731456789912
2026-07-29 00:00:00+00:00,-0.015103973265732895,0.00011770179747497105,-0.00839098101738059,-0.003841658832976452,-0.013004545029866029,-0.0021501273316185854,-0.024850105139686357,0.005126938600433779,-0.009868274513073835,0.0006888427703700278,-0.024736325365720208,-0.008441543067710609,-0.013788623472536694,-0.0020644068847889933,-0.0013973209761825793
2026-07-30 00:00:00+00:00,-0.0060199516710200286,-0.003174415552193383,-0.002144912665114858,0.022131916849003494,0.0036317160033937012,-0.002341821780877333,-0.0026224293803612415,-9.85020178672115e-05,0.004714295815760893,-0.0006702536244574142,0.014003663034626605,0.008123310258636964,0.02434791000306232,0.006159648253970877,0.00878285240615462
2026-07-31 00:00:00+00:00,-0.0019997665625820444,-0.007585629391182954,-0.012707185157010664,0.012133691250166775,-0.0033182772269975767,-0.003653272402220102,0.007353521871379904,0.0012469650330818932,-0.015847596218274303,-0.00922053955263079,-0.015134491917931592,-0.003866443104849847,-0.003340770521114881,0.0011106574223044112,-0.003715081417273999
2026-08-03 00:00:00+00:00,0.023419126897163675,0.0038890251455581323,0.013276433116116879,0.005221350783955431,0.012594811621218989,0.011006941588877201,0.015138785807295684,0.010417658188678715,0.007148870809168996,0.015090368981011178,0.018436856471230126,0.012465698349250365,-0.00021385941954676652,0.001337275843538337,0.006156164652460547
2026-08-04 00:00:00+00:00,0.013225260486867877,0.0032633791642799866,0.01676705663596312,0.005248197861302048,0.006778007461742009,-0.00013465810208488466,0.017656388650072942,0.043624556562520476,0.016469330735526706,0.004301882609337326,-0.0020997091284974886,0.006338774138281468,0.0008240288997407429,0.0012315231713440253,-0.0016796453091071585
2026-08-05 00:00:00+00:00,-0.006790046555674197,0.005635966038677498,-0.006368204720191542,-0.02425825380957847,-0.0010299084710593564,0.0028114005503715655,-0.0005537324113807055,-0.0030790395735941093,0.004992999608321209,-0.008033699063533357,-0.014446228266865853,0.0013177258022977164,-1.8864191336865135e-05,-0.00243983737750932,-0.00739132213886903
2026-08-06 00:00:00+00:00,-0.0025237354988259623,-0.0018205594629677555,-0.011520448036028924,0.001474133095222445,-0.005832083650741562,-0.004825288627680794,-0.004371408055859688,0.015878288674602465,-0.002293005442799126,-0.01707101893219488,-0.013669748732783734,-0.00819798293365593,-0.002056524705733793,-0.0002415172208245467,0.00018577989258966436
2026-08-07 00:00:00+00:00,0.0047197826083591726,0.007591857256146405,0.008767376450503326,-4.783271148613757e-05,-0.00019909595573196865,0.01097664527870584,0.004056471001808107,0.0039719391718854545,0.008422981654525211,0.008392536924036366,0.01167557816940413,0.005742223562082897,-0.00410658001512385,0.001931479429556729,0.0019271673755296241
